#
# A fatal error has been detected by the Java Runtime Environment:
#
#  EXCEPTION_ACCESS_VIOLATION (0xc0000005) at pc=0x00007ffd7c4c2f5d, pid=20220, tid=13472
#
# JRE version: Java(TM) SE Runtime Environment 18.9 (11.0.16+11) (build 11.0.16+11-LTS-199)
# Java VM: Java HotSpot(TM) 64-Bit Server VM 18.9 (11.0.16+11-LTS-199, mixed mode, tiered, compressed oops, g1 gc, windows-amd64)
# Problematic frame:
# V  [jvm.dll+0x2c2f5d]
#
# No core dump will be written. Minidumps are not enabled by default on client versions of Windows
#
# If you would like to submit a bug report, please visit:
#   https://bugreport.java.com/bugreport/crash.jsp
#

---------------  S U M M A R Y ------------

Command Line: -Dr.arch=/x64 -Xmx30G -Xrs -Xss2m 

Host: Intel(R) Core(TM) i9-9980HK CPU @ 2.40GHz, 16 cores, 31G,  Windows 10 , 64 bit Build 19041 (10.0.19041.3636)
Time: Mon Nov 20 07:58:44 2023 Eastern Standard Time elapsed time: 1056.836255 seconds (0d 0h 17m 36s)

---------------  T H R E A D  ---------------

Current thread (0x000002c92ce4a000):  GCTaskThread "GC Thread#10" [stack: 0x000000fc90800000,0x000000fc91800000] [id=13472]

Stack: [0x000000fc90800000,0x000000fc91800000],  sp=0x000000fc917fe580,  free space=16377k
Native frames: (J=compiled Java code, j=interpreted, Vv=VM code, C=native code)
V  [jvm.dll+0x2c2f5d]
V  [jvm.dll+0x727914]
V  [jvm.dll+0x68e4cd]
V  [jvm.dll+0x72825c]
V  [jvm.dll+0x68f4f4]
V  [jvm.dll+0x793e90]
V  [jvm.dll+0x722b74]
V  [jvm.dll+0x629286]
C  [ucrtbase.dll+0x21bb2]
C  [KERNEL32.DLL+0x17344]
C  [ntdll.dll+0x526b1]


siginfo: EXCEPTION_ACCESS_VIOLATION (0xc0000005), reading address 0x0000000000000000


Register to memory mapping:

RIP=0x00007ffd7c4c2f5d jvm.dll
RAX=0x0 is NULL
RBX=0x000000fc917fe5e0 points into unknown readable memory: 0x000000fce9bf2800 | 00 28 bf e9 fc 00 00 00
RCX=0x0 is NULL
RDX=0x0000000000000003 is an unknown value
RSP=0x000000fc917fe580 points into unknown readable memory: 0x000000fc917fe5e0 | e0 e5 7f 91 fc 00 00 00
RBP=0x000000fce9bf2800 is pointing into the stack for thread: 0x000002c8a305e000
RSI=0x000000fc917fe640 points into unknown readable memory: 0x000000fcb0ffe798 | 98 e7 ff b0 fc 00 00 00
RDI=0x000000fc917fe610 points into unknown readable memory: 0x000000fce9bf2790 | 90 27 bf e9 fc 00 00 00
R8 =0x000002c824d0a358 points into unknown readable memory: 0x0000000111000001 | 01 00 00 11 01 00 00 00
R9 =0x0000000000000003 is an unknown value
R10=0x000002c82c171160 points into unknown readable memory: 0x000002c89c4a28a0 | a0 28 4a 9c c8 02 00 00
R11=0x0000000000000001 is an unknown value
R12=0x000000000000001c is an unknown value
R13=0x0000000000000001 is an unknown value
R14=0x000002c8a305e000 is a thread
R15=0x000000fc83fff848 points into unknown readable memory: 0x00007ffd7cac00c0 | c0 00 ac 7c fd 7f 00 00


Registers:
RAX=0x0000000000000000, RBX=0x000000fc917fe5e0, RCX=0x0000000000000000, RDX=0x0000000000000003
RSP=0x000000fc917fe580, RBP=0x000000fce9bf2800, RSI=0x000000fc917fe640, RDI=0x000000fc917fe610
R8 =0x000002c824d0a358, R9 =0x0000000000000003, R10=0x000002c82c171160, R11=0x0000000000000001
R12=0x000000000000001c, R13=0x0000000000000001, R14=0x000002c8a305e000, R15=0x000000fc83fff848
RIP=0x00007ffd7c4c2f5d, EFLAGS=0x0000000000010246

Top of Stack: (sp=0x000000fc917fe580)
0x000000fc917fe580:   000000fc917fe5e0 000000fc917fe5e0
0x000000fc917fe590:   000002c8a2e9f4d0 00000000000003d8
0x000000fc917fe5a0:   000002c8a305e000 0000000000000000
0x000000fc917fe5b0:   00007ffd7cbfc160 00007ffd7c927914
0x000000fc917fe5c0:   0000000000000002 000002c8a305e000
0x000000fc917fe5d0:   000000fc83fff848 000000fcb0fff3f8
0x000000fc917fe5e0:   000000fce9bf2800 000002c824d0a358
0x000000fc917fe5f0:   0000000000000000 000000fcb0ffe7c4
0x000000fc917fe600:   000002c829625fe8 000000fce9bf2800
0x000000fc917fe610:   000000fce9bf2790 000002c93ed0669f
0x000000fc917fe620:   000002c93ed06490 000000fc00000000
0x000000fc917fe630:   0000000000000000 000000fce9bf2790
0x000000fc917fe640:   000000fcb0ffe798 000000fcb0ffe79c
0x000000fc917fe650:   000000fcb0ffe790 000000fcb0ffe794
0x000000fc917fe660:   000000fcb0ffe788 000000fcb0ffe78c
0x000000fc917fe670:   000000fcb0ffe780 000000fcb0ffe784 

Instructions: (pc=0x00007ffd7c4c2f5d)
0x00007ffd7c4c2f3d:   0f f5 ff ff 4c 8b 7c 24 50 48 85 c0 74 0e b9 01
0x00007ffd7c4c2f4d:   00 00 00 48 89 43 08 89 4b 18 eb 2d 48 8b 4b 10
0x00007ffd7c4c2f5d:   48 8b 01 ff 50 20 33 c9 84 c0 0f 95 c1 89 4b 18
0x00007ffd7c4c2f6d:   eb 17 4c 8b 47 20 48 8b cb 4d 8b 48 08 49 8d 50 


Stack slot to memory mapping:
stack at sp + 0 slots: 0x000000fc917fe5e0 points into unknown readable memory: 0x000000fce9bf2800 | 00 28 bf e9 fc 00 00 00
stack at sp + 1 slots: 0x000000fc917fe5e0 points into unknown readable memory: 0x000000fce9bf2800 | 00 28 bf e9 fc 00 00 00
stack at sp + 2 slots: 0x000002c8a2e9f4d0 points into unknown readable memory: 0x0000000000000000 | 00 00 00 00 00 00 00 00
stack at sp + 3 slots: 0x00000000000003d8 is an unknown value
stack at sp + 4 slots: 0x000002c8a305e000 is a thread
stack at sp + 5 slots: 0x0 is NULL
stack at sp + 6 slots: 0x00007ffd7cbfc160 jvm.dll
stack at sp + 7 slots: 0x00007ffd7c927914 jvm.dll


---------------  P R O C E S S  ---------------

Threads class SMR info:
_java_thread_list=0x000002c996a255c0, length=28, elements={
0x000002c8a305e000, 0x000002c8a1eea800, 0x000002c89ae31800, 0x000002c8a2624000,
0x000002c89d8d4000, 0x000002c89c925000, 0x000002c89c91f000, 0x000002c89d8db000,
0x000002c89d8db800, 0x000002c92d827800, 0x000002c92d82a000, 0x000002c994e5c800,
0x000002c994e59000, 0x000002c994e56800, 0x000002c994e5d000, 0x000002c994e58800,
0x000002c994e5f000, 0x000002c994e64000, 0x000002c994e5f800, 0x000002c994e60800,
0x000002c994e63000, 0x000002c994e61800, 0x000002c994e62000, 0x000002c9969b3000,
0x000002c9969c8000, 0x000002c9969c9000, 0x000002c8a279f800, 0x000002c99dd4d800
}

Java Threads: ( => current thread )
  0x000002c8a305e000 JavaThread "main" [_thread_in_native, id=13464, stack(0x000000fce8c00000,0x000000fce9c00000)]
  0x000002c8a1eea800 JavaThread "Reference Handler" daemon [_thread_blocked, id=33096, stack(0x000000fcffc00000,0x000000fcffe00000)]
  0x000002c89ae31800 JavaThread "Finalizer" daemon [_thread_blocked, id=15208, stack(0x000000fcffe00000,0x000000fd00000000)]
  0x000002c8a2624000 JavaThread "Attach Listener" daemon [_thread_blocked, id=1916, stack(0x000000fc84000000,0x000000fc84200000)]
  0x000002c89d8d4000 JavaThread "Service Thread" daemon [_thread_blocked, id=33372, stack(0x000000fc84200000,0x000000fc84400000)]
  0x000002c89c925000 JavaThread "C2 CompilerThread0" daemon [_thread_blocked, id=26940, stack(0x000000fc84400000,0x000000fc85400000)]
  0x000002c89c91f000 JavaThread "C1 CompilerThread0" daemon [_thread_blocked, id=13672, stack(0x000000fc85400000,0x000000fc86400000)]
  0x000002c89d8db000 JavaThread "Sweeper thread" daemon [_thread_blocked, id=24904, stack(0x000000fc86400000,0x000000fc86600000)]
  0x000002c89d8db800 JavaThread "Common-Cleaner" daemon [_thread_blocked, id=2828, stack(0x000000fc87600000,0x000000fc87800000)]
  0x000002c92d827800 JavaThread "WeakCollectionCleaner" daemon [_thread_blocked, id=9056, stack(0x000000fc9ea00000,0x000000fc9ec00000)]
  0x000002c92d82a000 JavaThread "GT authority factory disposer" daemon [_thread_blocked, id=27296, stack(0x000000fc9ec00000,0x000000fc9ee00000)]
  0x000002c994e5c800 JavaThread "ForkJoinPool.commonPool-worker-19" daemon [_thread_blocked, id=14444, stack(0x000000fc99800000,0x000000fc99a00000)]
  0x000002c994e59000 JavaThread "ForkJoinPool.commonPool-worker-5" daemon [_thread_blocked, id=29400, stack(0x000000fcafe00000,0x000000fcb0000000)]
  0x000002c994e56800 JavaThread "ForkJoinPool.commonPool-worker-23" daemon [_thread_blocked, id=10944, stack(0x000000fcb0000000,0x000000fcb0200000)]
  0x000002c994e5d000 JavaThread "ForkJoinPool.commonPool-worker-9" daemon [_thread_blocked, id=28752, stack(0x000000fcb0200000,0x000000fcb0400000)]
  0x000002c994e58800 JavaThread "ForkJoinPool.commonPool-worker-27" daemon [_thread_blocked, id=29792, stack(0x000000fcb0400000,0x000000fcb0600000)]
  0x000002c994e5f000 JavaThread "ForkJoinPool.commonPool-worker-13" daemon [_thread_blocked, id=31296, stack(0x000000fcb0600000,0x000000fcb0800000)]
  0x000002c994e64000 JavaThread "ForkJoinPool.commonPool-worker-21" daemon [_thread_blocked, id=29656, stack(0x000000fcb0800000,0x000000fcb0a00000)]
  0x000002c994e5f800 JavaThread "ForkJoinPool.commonPool-worker-7" daemon [_thread_blocked, id=21520, stack(0x000000fcb0a00000,0x000000fcb0c00000)]
  0x000002c994e60800 JavaThread "ForkJoinPool.commonPool-worker-3" daemon [_thread_blocked, id=34516, stack(0x000000fcb0c00000,0x000000fcb0e00000)]
  0x000002c994e63000 JavaThread "ForkJoinPool.commonPool-worker-17" daemon [_thread_blocked, id=25992, stack(0x000000fcb0e00000,0x000000fcb1000000)]
  0x000002c994e61800 JavaThread "ForkJoinPool.commonPool-worker-11" daemon [_thread_blocked, id=18864, stack(0x000000fcb1000000,0x000000fcb1200000)]
  0x000002c994e62000 JavaThread "ForkJoinPool.commonPool-worker-31" daemon [_thread_blocked, id=8160, stack(0x000000fcb1200000,0x000000fcb1400000)]
  0x000002c9969b3000 JavaThread "ForkJoinPool.commonPool-worker-15" daemon [_thread_blocked, id=24640, stack(0x000000fcb1400000,0x000000fcb1600000)]
  0x000002c9969c8000 JavaThread "ForkJoinPool.commonPool-worker-29" daemon [_thread_blocked, id=5896, stack(0x000000fcb1600000,0x000000fcb1800000)]
  0x000002c9969c9000 JavaThread "ForkJoinPool.commonPool-worker-25" daemon [_thread_blocked, id=13492, stack(0x000000fcb1800000,0x000000fcb1a00000)]
  0x000002c8a279f800 JavaThread "C2 CompilerThread1" daemon [_thread_blocked, id=22912, stack(0x000000fcace00000,0x000000fcade00000)]
  0x000002c99dd4d800 JavaThread "C2 CompilerThread2" daemon [_thread_blocked, id=22328, stack(0x000000fcade00000,0x000000fcaee00000)]

Other Threads:
  0x000002c92ce4b800 VMThread "VM Thread" [stack: 0x000000fc83000000,0x000000fc84000000] [id=11848]
  0x000002c92ce47800 WatcherThread [stack: 0x000000fc86600000,0x000000fc87600000] [id=12916]
  0x000002c92ce3f000 GCTaskThread "GC Thread#0" [stack: 0x000000fcfdc00000,0x000000fcfec00000] [id=31724]
  0x000002c92ce47000 GCTaskThread "GC Thread#1" [stack: 0x000000fc87800000,0x000000fc88800000] [id=29616]
  0x000002c92ce40800 GCTaskThread "GC Thread#2" [stack: 0x000000fc88800000,0x000000fc89800000] [id=19176]
  0x000002c92ce45800 GCTaskThread "GC Thread#3" [stack: 0x000000fc89800000,0x000000fc8a800000] [id=14484]
  0x000002c92ce41000 GCTaskThread "GC Thread#4" [stack: 0x000000fc8a800000,0x000000fc8b800000] [id=16036]
  0x000002c92ce48800 GCTaskThread "GC Thread#5" [stack: 0x000000fc8b800000,0x000000fc8c800000] [id=5056]
  0x000002c92ce44000 GCTaskThread "GC Thread#6" [stack: 0x000000fc8c800000,0x000000fc8d800000] [id=14404]
  0x000002c92ce42000 GCTaskThread "GC Thread#7" [stack: 0x000000fc8d800000,0x000000fc8e800000] [id=24148]
  0x000002c92ce49000 GCTaskThread "GC Thread#8" [stack: 0x000000fc8e800000,0x000000fc8f800000] [id=30216]
  0x000002c92ce42800 GCTaskThread "GC Thread#9" [stack: 0x000000fc8f800000,0x000000fc90800000] [id=14180]
=>0x000002c92ce4a000 GCTaskThread "GC Thread#10" [stack: 0x000000fc90800000,0x000000fc91800000] [id=13472]
  0x000002c92ce43800 GCTaskThread "GC Thread#11" [stack: 0x000000fc91800000,0x000000fc92800000] [id=11540]
  0x000002c92ce4f000 GCTaskThread "GC Thread#12" [stack: 0x000000fc95800000,0x000000fc96800000] [id=25148]
  0x000002c92ce45000 ConcurrentGCThread "G1 Main Marker" [stack: 0x000000fcfec00000,0x000000fcffc00000] [id=14544]
  0x000002c92ce3e800 ConcurrentGCThread "G1 Conc#0" [stack: 0x000000fc80000000,0x000000fc81000000] [id=4408]
  0x000002c92ce50800 ConcurrentGCThread "G1 Conc#1" [stack: 0x000000fc92800000,0x000000fc93800000] [id=20808]
  0x000002c92ce4a800 ConcurrentGCThread "G1 Conc#2" [stack: 0x000000fc93800000,0x000000fc94800000] [id=24628]
  0x000002c92ce46000 ConcurrentGCThread "G1 Refine#0" [stack: 0x000000fc81000000,0x000000fc82000000] [id=18672]
  0x000002c92ce51000 ConcurrentGCThread "G1 Refine#1" [stack: 0x000000fc96800000,0x000000fc97800000] [id=30540]
  0x000002c92ce4c800 ConcurrentGCThread "G1 Refine#2" [stack: 0x000000fc99a00000,0x000000fc9aa00000] [id=14772]
  0x000002c92ce52800 ConcurrentGCThread "G1 Refine#3" [stack: 0x000000fc9aa00000,0x000000fc9ba00000] [id=14888]
  0x000002c92ce52000 ConcurrentGCThread "G1 Refine#4" [stack: 0x000000fc94800000,0x000000fc95800000] [id=28012]
  0x000002c92ce4d800 ConcurrentGCThread "G1 Refine#5" [stack: 0x000000fc97800000,0x000000fc98800000] [id=23896]
  0x000002c92ce53000 ConcurrentGCThread "G1 Refine#6" [stack: 0x000000fc98800000,0x000000fc99800000] [id=3412]
  0x000002c92ce54000 ConcurrentGCThread "G1 Refine#7" [stack: 0x000000fc9da00000,0x000000fc9ea00000] [id=31780]
  0x000002c92ce54800 ConcurrentGCThread "G1 Refine#8" [stack: 0x000000fc9ba00000,0x000000fc9ca00000] [id=6832]
  0x000002c92ce56000 ConcurrentGCThread "G1 Refine#9" [stack: 0x000000fc9ca00000,0x000000fc9da00000] [id=19300]
  0x000002c92ce4f800 ConcurrentGCThread "G1 Refine#10" [stack: 0x000000fc9ee00000,0x000000fc9fe00000] [id=25088]
  0x000002c92ce59000 ConcurrentGCThread "G1 Refine#11" [stack: 0x000000fc9fe00000,0x000000fca0e00000] [id=28248]
  0x000002c92ce59800 ConcurrentGCThread "G1 Refine#12" [stack: 0x000000fca0e00000,0x000000fca1e00000] [id=10492]
  0x000002c8a3181000 ConcurrentGCThread "G1 Young RemSet Sampling" [stack: 0x000000fc82000000,0x000000fc83000000] [id=21436]

Threads with active compile tasks:

VM state:at safepoint (normal execution)

VM Mutex/Monitor currently owned by a thread:  ([mutex/lock_event])
[0x000002c9296cbca0] Safepoint_lock - owner thread: 0x000002c92ce4b800
[0x000002c9296cb790] Threads_lock - owner thread: 0x000002c92ce4b800

Heap address: 0x0000000080000000, size: 30720 MB, Compressed Oops mode: Zero based, Oop shift amount: 3
Narrow klass base: 0x0000000800000000, Narrow klass shift: 0
Compressed class space size: 1073741824 Address: 0x0000000800000000

Heap:
 garbage-first heap   total 22794240K, used 7563264K [0x0000000080000000, 0x0000000800000000)
  region size 4096K, 260 young (1064960K), 32 survivors (131072K)
 Metaspace       used 34216K, capacity 34909K, committed 35196K, reserved 1081344K
  class space    used 3382K, capacity 3661K, committed 3788K, reserved 1048576K
Heap Regions: E=young(eden), S=young(survivor), O=old, HS=humongous(starts), HC=humongous(continues), CS=collection set, F=free, A=archive, TAMS=top-at-mark-start (previous, next)
|   0|0x0000000080000000, 0x0000000080400000, 0x0000000080400000|100%|HS|  |TAMS 0x0000000080400000, 0x0000000080000000| Complete 
|   1|0x0000000080400000, 0x0000000080800000, 0x0000000080800000|100%| O|  |TAMS 0x0000000080800000, 0x0000000080400000| Untracked 
|   2|0x0000000080800000, 0x0000000080c00000, 0x0000000080c00000|100%| O|  |TAMS 0x0000000080c00000, 0x0000000080800000| Untracked 
|   3|0x0000000080c00000, 0x0000000081000000, 0x0000000081000000|100%| O|  |TAMS 0x0000000081000000, 0x0000000080c00000| Untracked 
|   4|0x0000000081000000, 0x0000000081400000, 0x0000000081400000|100%| O|  |TAMS 0x0000000081400000, 0x0000000081000000| Untracked 
|   5|0x0000000081400000, 0x0000000081800000, 0x0000000081800000|100%| O|  |TAMS 0x0000000081800000, 0x0000000081400000| Untracked 
|   6|0x0000000081800000, 0x0000000081c00000, 0x0000000081c00000|100%| O|  |TAMS 0x0000000081c00000, 0x0000000081800000| Untracked 
|   7|0x0000000081c00000, 0x0000000082000000, 0x0000000082000000|100%| O|  |TAMS 0x0000000082000000, 0x0000000081c00000| Untracked 
|   8|0x0000000082000000, 0x0000000082400000, 0x0000000082400000|100%| O|  |TAMS 0x0000000082400000, 0x0000000082000000| Untracked 
|   9|0x0000000082400000, 0x0000000082800000, 0x0000000082800000|100%| O|  |TAMS 0x0000000082800000, 0x0000000082400000| Untracked 
|  10|0x0000000082800000, 0x0000000082c00000, 0x0000000082c00000|100%| O|  |TAMS 0x0000000082c00000, 0x0000000082800000| Untracked 
|  11|0x0000000082c00000, 0x0000000083000000, 0x0000000083000000|100%| O|  |TAMS 0x0000000083000000, 0x0000000082c00000| Untracked 
|  12|0x0000000083000000, 0x0000000083400000, 0x0000000083400000|100%| O|  |TAMS 0x0000000083400000, 0x0000000083000000| Untracked 
|  13|0x0000000083400000, 0x0000000083800000, 0x0000000083800000|100%| O|  |TAMS 0x0000000083800000, 0x0000000083400000| Untracked 
|  14|0x0000000083800000, 0x0000000083c00000, 0x0000000083c00000|100%| O|  |TAMS 0x0000000083c00000, 0x0000000083800000| Untracked 
|  15|0x0000000083c00000, 0x0000000084000000, 0x0000000084000000|100%| O|  |TAMS 0x0000000084000000, 0x0000000083c00000| Untracked 
|  16|0x0000000084000000, 0x0000000084400000, 0x0000000084400000|100%| O|  |TAMS 0x0000000084400000, 0x0000000084000000| Untracked 
|  17|0x0000000084400000, 0x0000000084800000, 0x0000000084800000|100%| O|  |TAMS 0x0000000084800000, 0x0000000084400000| Untracked 
|  18|0x0000000084800000, 0x0000000084c00000, 0x0000000084c00000|100%| O|  |TAMS 0x0000000084c00000, 0x0000000084800000| Untracked 
|  19|0x0000000084c00000, 0x0000000085000000, 0x0000000085000000|100%| O|  |TAMS 0x0000000085000000, 0x0000000084c00000| Untracked 
|  20|0x0000000085000000, 0x0000000085400000, 0x0000000085400000|100%| O|  |TAMS 0x0000000085400000, 0x0000000085000000| Untracked 
|  21|0x0000000085400000, 0x0000000085800000, 0x0000000085800000|100%| O|  |TAMS 0x0000000085800000, 0x0000000085400000| Untracked 
|  22|0x0000000085800000, 0x0000000085c00000, 0x0000000085c00000|100%| O|  |TAMS 0x0000000085c00000, 0x0000000085800000| Untracked 
|  23|0x0000000085c00000, 0x0000000086000000, 0x0000000086000000|100%| O|  |TAMS 0x0000000086000000, 0x0000000085c00000| Untracked 
|  24|0x0000000086000000, 0x0000000086400000, 0x0000000086400000|100%| O|  |TAMS 0x0000000086400000, 0x0000000086000000| Untracked 
|  25|0x0000000086400000, 0x0000000086800000, 0x0000000086800000|100%| O|  |TAMS 0x0000000086800000, 0x0000000086400000| Untracked 
|  26|0x0000000086800000, 0x0000000086c00000, 0x0000000086c00000|100%| O|  |TAMS 0x0000000086c00000, 0x0000000086800000| Untracked 
|  27|0x0000000086c00000, 0x0000000087000000, 0x0000000087000000|100%| O|  |TAMS 0x0000000087000000, 0x0000000086c00000| Untracked 
|  28|0x0000000087000000, 0x0000000087400000, 0x0000000087400000|100%| O|  |TAMS 0x0000000087400000, 0x0000000087000000| Untracked 
|  29|0x0000000087400000, 0x0000000087800000, 0x0000000087800000|100%| O|  |TAMS 0x0000000087800000, 0x0000000087400000| Untracked 
|  30|0x0000000087800000, 0x0000000087c00000, 0x0000000087c00000|100%| O|  |TAMS 0x0000000087c00000, 0x0000000087800000| Untracked 
|  31|0x0000000087c00000, 0x0000000088000000, 0x0000000088000000|100%| O|  |TAMS 0x0000000088000000, 0x0000000087c00000| Untracked 
|  32|0x0000000088000000, 0x0000000088400000, 0x0000000088400000|100%| O|  |TAMS 0x0000000088400000, 0x0000000088000000| Untracked 
|  33|0x0000000088400000, 0x0000000088800000, 0x0000000088800000|100%| O|  |TAMS 0x0000000088800000, 0x0000000088400000| Untracked 
|  34|0x0000000088800000, 0x0000000088c00000, 0x0000000088c00000|100%| O|  |TAMS 0x0000000088c00000, 0x0000000088800000| Untracked 
|  35|0x0000000088c00000, 0x0000000089000000, 0x0000000089000000|100%| O|  |TAMS 0x0000000089000000, 0x0000000088c00000| Untracked 
|  36|0x0000000089000000, 0x0000000089400000, 0x0000000089400000|100%| O|  |TAMS 0x0000000089400000, 0x0000000089000000| Untracked 
|  37|0x0000000089400000, 0x0000000089800000, 0x0000000089800000|100%| O|  |TAMS 0x0000000089800000, 0x0000000089400000| Untracked 
|  38|0x0000000089800000, 0x0000000089c00000, 0x0000000089c00000|100%| O|  |TAMS 0x0000000089c00000, 0x0000000089800000| Untracked 
|  39|0x0000000089c00000, 0x000000008a000000, 0x000000008a000000|100%| O|  |TAMS 0x000000008a000000, 0x0000000089c00000| Untracked 
|  40|0x000000008a000000, 0x000000008a400000, 0x000000008a400000|100%| O|  |TAMS 0x000000008a400000, 0x000000008a000000| Untracked 
|  41|0x000000008a400000, 0x000000008a800000, 0x000000008a800000|100%| O|  |TAMS 0x000000008a800000, 0x000000008a400000| Untracked 
|  42|0x000000008a800000, 0x000000008ac00000, 0x000000008ac00000|100%| O|  |TAMS 0x000000008ac00000, 0x000000008a800000| Untracked 
|  43|0x000000008ac00000, 0x000000008b000000, 0x000000008b000000|100%| O|  |TAMS 0x000000008b000000, 0x000000008ac00000| Untracked 
|  44|0x000000008b000000, 0x000000008b400000, 0x000000008b400000|100%| O|  |TAMS 0x000000008b400000, 0x000000008b000000| Untracked 
|  45|0x000000008b400000, 0x000000008b800000, 0x000000008b800000|100%| O|  |TAMS 0x000000008b800000, 0x000000008b400000| Untracked 
|  46|0x000000008b800000, 0x000000008bc00000, 0x000000008bc00000|100%| O|  |TAMS 0x000000008bc00000, 0x000000008b800000| Untracked 
|  47|0x000000008bc00000, 0x000000008c000000, 0x000000008c000000|100%| O|  |TAMS 0x000000008c000000, 0x000000008bc00000| Untracked 
|  48|0x000000008c000000, 0x000000008c400000, 0x000000008c400000|100%| O|  |TAMS 0x000000008c400000, 0x000000008c000000| Untracked 
|  49|0x000000008c400000, 0x000000008c800000, 0x000000008c800000|100%| O|  |TAMS 0x000000008c800000, 0x000000008c400000| Untracked 
|  50|0x000000008c800000, 0x000000008cc00000, 0x000000008cc00000|100%| O|  |TAMS 0x000000008cc00000, 0x000000008c800000| Untracked 
|  51|0x000000008cc00000, 0x000000008d000000, 0x000000008d000000|100%| O|  |TAMS 0x000000008d000000, 0x000000008cc00000| Untracked 
|  52|0x000000008d000000, 0x000000008d400000, 0x000000008d400000|100%| O|  |TAMS 0x000000008d400000, 0x000000008d000000| Untracked 
|  53|0x000000008d400000, 0x000000008d800000, 0x000000008d800000|100%| O|  |TAMS 0x000000008d800000, 0x000000008d400000| Untracked 
|  54|0x000000008d800000, 0x000000008dc00000, 0x000000008dc00000|100%| O|  |TAMS 0x000000008dc00000, 0x000000008d800000| Untracked 
|  55|0x000000008dc00000, 0x000000008e000000, 0x000000008e000000|100%| O|  |TAMS 0x000000008e000000, 0x000000008dc00000| Untracked 
|  56|0x000000008e000000, 0x000000008e400000, 0x000000008e400000|100%| O|  |TAMS 0x000000008e400000, 0x000000008e000000| Untracked 
|  57|0x000000008e400000, 0x000000008e800000, 0x000000008e800000|100%| O|  |TAMS 0x000000008e800000, 0x000000008e400000| Untracked 
|  58|0x000000008e800000, 0x000000008ec00000, 0x000000008ec00000|100%| O|  |TAMS 0x000000008ec00000, 0x000000008e800000| Untracked 
|  59|0x000000008ec00000, 0x000000008f000000, 0x000000008f000000|100%| O|  |TAMS 0x000000008f000000, 0x000000008ec00000| Untracked 
|  60|0x000000008f000000, 0x000000008f400000, 0x000000008f400000|100%| O|  |TAMS 0x000000008f400000, 0x000000008f000000| Untracked 
|  61|0x000000008f400000, 0x000000008f800000, 0x000000008f800000|100%| O|  |TAMS 0x000000008f800000, 0x000000008f400000| Untracked 
|  62|0x000000008f800000, 0x000000008fc00000, 0x000000008fc00000|100%| O|  |TAMS 0x000000008fc00000, 0x000000008f800000| Untracked 
|  63|0x000000008fc00000, 0x0000000090000000, 0x0000000090000000|100%| O|  |TAMS 0x0000000090000000, 0x000000008fc00000| Untracked 
|  64|0x0000000090000000, 0x0000000090400000, 0x0000000090400000|100%| O|  |TAMS 0x0000000090400000, 0x0000000090000000| Untracked 
|  65|0x0000000090400000, 0x0000000090800000, 0x0000000090800000|100%| O|  |TAMS 0x0000000090800000, 0x0000000090400000| Untracked 
|  66|0x0000000090800000, 0x0000000090c00000, 0x0000000090c00000|100%| O|  |TAMS 0x0000000090c00000, 0x0000000090800000| Untracked 
|  67|0x0000000090c00000, 0x0000000091000000, 0x0000000091000000|100%| O|  |TAMS 0x0000000091000000, 0x0000000090c00000| Untracked 
|  68|0x0000000091000000, 0x0000000091400000, 0x0000000091400000|100%| O|  |TAMS 0x0000000091400000, 0x0000000091000000| Untracked 
|  69|0x0000000091400000, 0x0000000091800000, 0x0000000091800000|100%| O|  |TAMS 0x0000000091800000, 0x0000000091400000| Untracked 
|  70|0x0000000091800000, 0x0000000091c00000, 0x0000000091c00000|100%| O|  |TAMS 0x0000000091c00000, 0x0000000091800000| Untracked 
|  71|0x0000000091c00000, 0x0000000092000000, 0x0000000092000000|100%| O|  |TAMS 0x0000000092000000, 0x0000000091c00000| Untracked 
|  72|0x0000000092000000, 0x0000000092400000, 0x0000000092400000|100%| O|  |TAMS 0x0000000092400000, 0x0000000092000000| Untracked 
|  73|0x0000000092400000, 0x0000000092800000, 0x0000000092800000|100%| O|  |TAMS 0x0000000092800000, 0x0000000092400000| Untracked 
|  74|0x0000000092800000, 0x0000000092c00000, 0x0000000092c00000|100%| O|  |TAMS 0x0000000092c00000, 0x0000000092800000| Untracked 
|  75|0x0000000092c00000, 0x0000000093000000, 0x0000000093000000|100%| O|  |TAMS 0x0000000093000000, 0x0000000092c00000| Untracked 
|  76|0x0000000093000000, 0x0000000093400000, 0x0000000093400000|100%| O|  |TAMS 0x0000000093400000, 0x0000000093000000| Untracked 
|  77|0x0000000093400000, 0x0000000093800000, 0x0000000093800000|100%| O|  |TAMS 0x0000000093800000, 0x0000000093400000| Untracked 
|  78|0x0000000093800000, 0x0000000093c00000, 0x0000000093c00000|100%| O|  |TAMS 0x0000000093c00000, 0x0000000093800000| Untracked 
|  79|0x0000000093c00000, 0x0000000094000000, 0x0000000094000000|100%| O|  |TAMS 0x0000000094000000, 0x0000000093c00000| Untracked 
|  80|0x0000000094000000, 0x0000000094400000, 0x0000000094400000|100%| O|  |TAMS 0x0000000094400000, 0x0000000094000000| Untracked 
|  81|0x0000000094400000, 0x0000000094800000, 0x0000000094800000|100%| O|  |TAMS 0x0000000094800000, 0x0000000094400000| Untracked 
|  82|0x0000000094800000, 0x0000000094c00000, 0x0000000094c00000|100%| O|  |TAMS 0x0000000094c00000, 0x0000000094800000| Untracked 
|  83|0x0000000094c00000, 0x0000000095000000, 0x0000000095000000|100%| O|  |TAMS 0x0000000095000000, 0x0000000094c00000| Untracked 
|  84|0x0000000095000000, 0x0000000095400000, 0x0000000095400000|100%| O|  |TAMS 0x0000000095400000, 0x0000000095000000| Untracked 
|  85|0x0000000095400000, 0x0000000095800000, 0x0000000095800000|100%| O|  |TAMS 0x0000000095800000, 0x0000000095400000| Untracked 
|  86|0x0000000095800000, 0x0000000095c00000, 0x0000000095c00000|100%|HS|  |TAMS 0x0000000095c00000, 0x0000000095800000| Complete 
|  87|0x0000000095c00000, 0x0000000096000000, 0x0000000096000000|100%|HC|  |TAMS 0x0000000096000000, 0x0000000095c00000| Complete 
|  88|0x0000000096000000, 0x0000000096400000, 0x0000000096400000|100%|HC|  |TAMS 0x0000000096400000, 0x0000000096000000| Complete 
|  89|0x0000000096400000, 0x0000000096800000, 0x0000000096800000|100%|HS|  |TAMS 0x0000000096800000, 0x0000000096400000| Complete 
|  90|0x0000000096800000, 0x0000000096c00000, 0x0000000096c00000|100%|HC|  |TAMS 0x0000000096c00000, 0x0000000096800000| Complete 
|  91|0x0000000096c00000, 0x0000000097000000, 0x0000000097000000|100%|HS|  |TAMS 0x0000000097000000, 0x0000000096c00000| Complete 
|  92|0x0000000097000000, 0x0000000097400000, 0x0000000097400000|100%|HC|  |TAMS 0x0000000097400000, 0x0000000097000000| Complete 
|  93|0x0000000097400000, 0x0000000097800000, 0x0000000097800000|100%|HS|  |TAMS 0x0000000097800000, 0x0000000097400000| Complete 
|  94|0x0000000097800000, 0x0000000097c00000, 0x0000000097c00000|100%|HC|  |TAMS 0x0000000097c00000, 0x0000000097800000| Complete 
|  95|0x0000000097c00000, 0x0000000098000000, 0x0000000098000000|100%|HS|  |TAMS 0x0000000098000000, 0x0000000097c00000| Complete 
|  96|0x0000000098000000, 0x0000000098400000, 0x0000000098400000|100%|HC|  |TAMS 0x0000000098400000, 0x0000000098000000| Complete 
|  97|0x0000000098400000, 0x0000000098800000, 0x0000000098800000|100%|HC|  |TAMS 0x0000000098800000, 0x0000000098400000| Complete 
|  98|0x0000000098800000, 0x0000000098c00000, 0x0000000098c00000|100%|HC|  |TAMS 0x0000000098c00000, 0x0000000098800000| Complete 
|  99|0x0000000098c00000, 0x0000000099000000, 0x0000000099000000|100%|HS|  |TAMS 0x0000000099000000, 0x0000000098c00000| Complete 
| 100|0x0000000099000000, 0x0000000099400000, 0x0000000099400000|100%|HC|  |TAMS 0x0000000099400000, 0x0000000099000000| Complete 
| 101|0x0000000099400000, 0x0000000099800000, 0x0000000099800000|100%|HS|  |TAMS 0x0000000099800000, 0x0000000099400000| Complete 
| 102|0x0000000099800000, 0x0000000099c00000, 0x0000000099c00000|100%|HC|  |TAMS 0x0000000099c00000, 0x0000000099800000| Complete 
| 103|0x0000000099c00000, 0x000000009a000000, 0x000000009a000000|100%|HS|  |TAMS 0x000000009a000000, 0x0000000099c00000| Complete 
| 104|0x000000009a000000, 0x000000009a400000, 0x000000009a400000|100%|HS|  |TAMS 0x000000009a400000, 0x000000009a000000| Complete 
| 105|0x000000009a400000, 0x000000009a800000, 0x000000009a800000|100%|HS|  |TAMS 0x000000009a800000, 0x000000009a400000| Complete 
| 106|0x000000009a800000, 0x000000009ac00000, 0x000000009ac00000|100%|HS|  |TAMS 0x000000009ac00000, 0x000000009a800000| Complete 
| 107|0x000000009ac00000, 0x000000009b000000, 0x000000009b000000|100%|HS|  |TAMS 0x000000009b000000, 0x000000009ac00000| Complete 
| 108|0x000000009b000000, 0x000000009b400000, 0x000000009b400000|100%|HS|  |TAMS 0x000000009b400000, 0x000000009b000000| Complete 
| 109|0x000000009b400000, 0x000000009b800000, 0x000000009b800000|100%|HC|  |TAMS 0x000000009b800000, 0x000000009b400000| Complete 
| 110|0x000000009b800000, 0x000000009bc00000, 0x000000009bc00000|100%|HC|  |TAMS 0x000000009bc00000, 0x000000009b800000| Complete 
| 111|0x000000009bc00000, 0x000000009c000000, 0x000000009c000000|100%|HS|  |TAMS 0x000000009c000000, 0x000000009bc00000| Complete 
| 112|0x000000009c000000, 0x000000009c400000, 0x000000009c400000|100%|HC|  |TAMS 0x000000009c400000, 0x000000009c000000| Complete 
| 113|0x000000009c400000, 0x000000009c800000, 0x000000009c800000|100%|HS|  |TAMS 0x000000009c800000, 0x000000009c400000| Complete 
| 114|0x000000009c800000, 0x000000009cc00000, 0x000000009cc00000|100%|HC|  |TAMS 0x000000009cc00000, 0x000000009c800000| Complete 
| 115|0x000000009cc00000, 0x000000009d000000, 0x000000009d000000|100%| O|  |TAMS 0x000000009d000000, 0x000000009cc00000| Untracked 
| 116|0x000000009d000000, 0x000000009d400000, 0x000000009d400000|100%|HS|  |TAMS 0x000000009d400000, 0x000000009d000000| Complete 
| 117|0x000000009d400000, 0x000000009d800000, 0x000000009d800000|100%|HC|  |TAMS 0x000000009d800000, 0x000000009d400000| Complete 
| 118|0x000000009d800000, 0x000000009dc00000, 0x000000009dc00000|100%|HS|  |TAMS 0x000000009dc00000, 0x000000009d800000| Complete 
| 119|0x000000009dc00000, 0x000000009e000000, 0x000000009e000000|100%|HC|  |TAMS 0x000000009e000000, 0x000000009dc00000| Complete 
| 120|0x000000009e000000, 0x000000009e400000, 0x000000009e400000|100%|HC|  |TAMS 0x000000009e400000, 0x000000009e000000| Complete 
| 121|0x000000009e400000, 0x000000009e800000, 0x000000009e800000|100%|HC|  |TAMS 0x000000009e800000, 0x000000009e400000| Complete 
| 122|0x000000009e800000, 0x000000009ec00000, 0x000000009ec00000|100%|HS|  |TAMS 0x000000009ec00000, 0x000000009e800000| Complete 
| 123|0x000000009ec00000, 0x000000009f000000, 0x000000009f000000|100%|HC|  |TAMS 0x000000009f000000, 0x000000009ec00000| Complete 
| 124|0x000000009f000000, 0x000000009f400000, 0x000000009f400000|100%|HS|  |TAMS 0x000000009f400000, 0x000000009f000000| Complete 
| 125|0x000000009f400000, 0x000000009f800000, 0x000000009f800000|100%|HC|  |TAMS 0x000000009f800000, 0x000000009f400000| Complete 
| 126|0x000000009f800000, 0x000000009fc00000, 0x000000009fc00000|100%|HS|  |TAMS 0x000000009fc00000, 0x000000009f800000| Complete 
| 127|0x000000009fc00000, 0x00000000a0000000, 0x00000000a0000000|100%|HS|  |TAMS 0x00000000a0000000, 0x000000009fc00000| Complete 
| 128|0x00000000a0000000, 0x00000000a0400000, 0x00000000a0400000|100%|HS|  |TAMS 0x00000000a0400000, 0x00000000a0000000| Complete 
| 129|0x00000000a0400000, 0x00000000a0800000, 0x00000000a0800000|100%|HS|  |TAMS 0x00000000a0800000, 0x00000000a0400000| Complete 
| 130|0x00000000a0800000, 0x00000000a0c00000, 0x00000000a0c00000|100%|HS|  |TAMS 0x00000000a0c00000, 0x00000000a0800000| Complete 
| 131|0x00000000a0c00000, 0x00000000a1000000, 0x00000000a1000000|100%| O|  |TAMS 0x00000000a1000000, 0x00000000a0c00000| Untracked 
| 132|0x00000000a1000000, 0x00000000a1400000, 0x00000000a1400000|100%| O|  |TAMS 0x00000000a1400000, 0x00000000a1000000| Untracked 
| 133|0x00000000a1400000, 0x00000000a1800000, 0x00000000a1800000|100%| O|  |TAMS 0x00000000a1800000, 0x00000000a1400000| Untracked 
| 134|0x00000000a1800000, 0x00000000a1c00000, 0x00000000a1c00000|100%| O|  |TAMS 0x00000000a1c00000, 0x00000000a1800000| Untracked 
| 135|0x00000000a1c00000, 0x00000000a2000000, 0x00000000a2000000|100%| O|  |TAMS 0x00000000a2000000, 0x00000000a1c00000| Untracked 
| 136|0x00000000a2000000, 0x00000000a2400000, 0x00000000a2400000|100%| O|  |TAMS 0x00000000a2400000, 0x00000000a2000000| Untracked 
| 137|0x00000000a2400000, 0x00000000a2800000, 0x00000000a2800000|100%| O|  |TAMS 0x00000000a2800000, 0x00000000a2400000| Untracked 
| 138|0x00000000a2800000, 0x00000000a2c00000, 0x00000000a2c00000|100%| O|  |TAMS 0x00000000a2c00000, 0x00000000a2800000| Untracked 
| 139|0x00000000a2c00000, 0x00000000a3000000, 0x00000000a3000000|100%| O|  |TAMS 0x00000000a3000000, 0x00000000a2c00000| Untracked 
| 140|0x00000000a3000000, 0x00000000a3400000, 0x00000000a3400000|100%| O|  |TAMS 0x00000000a3400000, 0x00000000a3000000| Untracked 
| 141|0x00000000a3400000, 0x00000000a3800000, 0x00000000a3800000|100%| O|  |TAMS 0x00000000a3800000, 0x00000000a3400000| Untracked 
| 142|0x00000000a3800000, 0x00000000a3c00000, 0x00000000a3c00000|100%| O|  |TAMS 0x00000000a3c00000, 0x00000000a3800000| Untracked 
| 143|0x00000000a3c00000, 0x00000000a4000000, 0x00000000a4000000|100%| O|  |TAMS 0x00000000a4000000, 0x00000000a3c00000| Untracked 
| 144|0x00000000a4000000, 0x00000000a4400000, 0x00000000a4400000|100%| O|  |TAMS 0x00000000a4400000, 0x00000000a4000000| Untracked 
| 145|0x00000000a4400000, 0x00000000a4800000, 0x00000000a4800000|100%| O|  |TAMS 0x00000000a4800000, 0x00000000a4400000| Untracked 
| 146|0x00000000a4800000, 0x00000000a4c00000, 0x00000000a4c00000|100%| O|  |TAMS 0x00000000a4c00000, 0x00000000a4800000| Untracked 
| 147|0x00000000a4c00000, 0x00000000a5000000, 0x00000000a5000000|100%| O|  |TAMS 0x00000000a5000000, 0x00000000a4c00000| Untracked 
| 148|0x00000000a5000000, 0x00000000a5400000, 0x00000000a5400000|100%| O|  |TAMS 0x00000000a5400000, 0x00000000a5000000| Untracked 
| 149|0x00000000a5400000, 0x00000000a5800000, 0x00000000a5800000|100%| O|  |TAMS 0x00000000a5800000, 0x00000000a5400000| Untracked 
| 150|0x00000000a5800000, 0x00000000a5c00000, 0x00000000a5c00000|100%| O|  |TAMS 0x00000000a5c00000, 0x00000000a5800000| Untracked 
| 151|0x00000000a5c00000, 0x00000000a6000000, 0x00000000a6000000|100%| O|  |TAMS 0x00000000a6000000, 0x00000000a5c00000| Untracked 
| 152|0x00000000a6000000, 0x00000000a6400000, 0x00000000a6400000|100%| O|  |TAMS 0x00000000a6400000, 0x00000000a6000000| Untracked 
| 153|0x00000000a6400000, 0x00000000a6800000, 0x00000000a6800000|100%| O|  |TAMS 0x00000000a6800000, 0x00000000a6400000| Untracked 
| 154|0x00000000a6800000, 0x00000000a6c00000, 0x00000000a6c00000|100%| O|  |TAMS 0x00000000a6c00000, 0x00000000a6800000| Untracked 
| 155|0x00000000a6c00000, 0x00000000a7000000, 0x00000000a7000000|100%| O|  |TAMS 0x00000000a7000000, 0x00000000a6c00000| Untracked 
| 156|0x00000000a7000000, 0x00000000a7400000, 0x00000000a7400000|100%| O|  |TAMS 0x00000000a7400000, 0x00000000a7000000| Untracked 
| 157|0x00000000a7400000, 0x00000000a7800000, 0x00000000a7800000|100%| O|  |TAMS 0x00000000a7800000, 0x00000000a7400000| Untracked 
| 158|0x00000000a7800000, 0x00000000a7c00000, 0x00000000a7c00000|100%| O|  |TAMS 0x00000000a7c00000, 0x00000000a7800000| Untracked 
| 159|0x00000000a7c00000, 0x00000000a8000000, 0x00000000a8000000|100%| O|  |TAMS 0x00000000a8000000, 0x00000000a7c00000| Untracked 
| 160|0x00000000a8000000, 0x00000000a8400000, 0x00000000a8400000|100%| O|  |TAMS 0x00000000a8400000, 0x00000000a8000000| Untracked 
| 161|0x00000000a8400000, 0x00000000a8800000, 0x00000000a8800000|100%| O|  |TAMS 0x00000000a8800000, 0x00000000a8400000| Untracked 
| 162|0x00000000a8800000, 0x00000000a8c00000, 0x00000000a8c00000|100%| O|  |TAMS 0x00000000a8c00000, 0x00000000a8800000| Untracked 
| 163|0x00000000a8c00000, 0x00000000a9000000, 0x00000000a9000000|100%| O|  |TAMS 0x00000000a9000000, 0x00000000a8c00000| Untracked 
| 164|0x00000000a9000000, 0x00000000a9400000, 0x00000000a9400000|100%| O|  |TAMS 0x00000000a9400000, 0x00000000a9000000| Untracked 
| 165|0x00000000a9400000, 0x00000000a9800000, 0x00000000a9800000|100%| O|  |TAMS 0x00000000a9800000, 0x00000000a9400000| Untracked 
| 166|0x00000000a9800000, 0x00000000a9c00000, 0x00000000a9c00000|100%| O|  |TAMS 0x00000000a9c00000, 0x00000000a9800000| Untracked 
| 167|0x00000000a9c00000, 0x00000000aa000000, 0x00000000aa000000|100%| O|  |TAMS 0x00000000aa000000, 0x00000000a9c00000| Untracked 
| 168|0x00000000aa000000, 0x00000000aa400000, 0x00000000aa400000|100%| O|  |TAMS 0x00000000aa400000, 0x00000000aa000000| Untracked 
| 169|0x00000000aa400000, 0x00000000aa800000, 0x00000000aa800000|100%| O|  |TAMS 0x00000000aa800000, 0x00000000aa400000| Untracked 
| 170|0x00000000aa800000, 0x00000000aac00000, 0x00000000aac00000|100%| O|  |TAMS 0x00000000aac00000, 0x00000000aa800000| Untracked 
| 171|0x00000000aac00000, 0x00000000ab000000, 0x00000000ab000000|100%| O|  |TAMS 0x00000000ab000000, 0x00000000aac00000| Untracked 
| 172|0x00000000ab000000, 0x00000000ab400000, 0x00000000ab400000|100%| O|  |TAMS 0x00000000ab400000, 0x00000000ab000000| Untracked 
| 173|0x00000000ab400000, 0x00000000ab800000, 0x00000000ab800000|100%| O|  |TAMS 0x00000000ab800000, 0x00000000ab400000| Untracked 
| 174|0x00000000ab800000, 0x00000000abc00000, 0x00000000abc00000|100%| O|  |TAMS 0x00000000abc00000, 0x00000000ab800000| Untracked 
| 175|0x00000000abc00000, 0x00000000ac000000, 0x00000000ac000000|100%| O|  |TAMS 0x00000000ac000000, 0x00000000abc00000| Untracked 
| 176|0x00000000ac000000, 0x00000000ac400000, 0x00000000ac400000|100%| O|  |TAMS 0x00000000ac400000, 0x00000000ac000000| Untracked 
| 177|0x00000000ac400000, 0x00000000ac800000, 0x00000000ac800000|100%| O|  |TAMS 0x00000000ac800000, 0x00000000ac400000| Untracked 
| 178|0x00000000ac800000, 0x00000000acc00000, 0x00000000acc00000|100%| O|  |TAMS 0x00000000acc00000, 0x00000000ac800000| Untracked 
| 179|0x00000000acc00000, 0x00000000ad000000, 0x00000000ad000000|100%| O|  |TAMS 0x00000000ad000000, 0x00000000acc00000| Untracked 
| 180|0x00000000ad000000, 0x00000000ad400000, 0x00000000ad400000|100%| O|  |TAMS 0x00000000ad400000, 0x00000000ad000000| Untracked 
| 181|0x00000000ad400000, 0x00000000ad800000, 0x00000000ad800000|100%| O|  |TAMS 0x00000000ad800000, 0x00000000ad400000| Untracked 
| 182|0x00000000ad800000, 0x00000000adc00000, 0x00000000adc00000|100%| O|  |TAMS 0x00000000adc00000, 0x00000000ad800000| Untracked 
| 183|0x00000000adc00000, 0x00000000ae000000, 0x00000000ae000000|100%| O|  |TAMS 0x00000000ae000000, 0x00000000adc00000| Untracked 
| 184|0x00000000ae000000, 0x00000000ae400000, 0x00000000ae400000|100%| O|  |TAMS 0x00000000ae400000, 0x00000000ae000000| Untracked 
| 185|0x00000000ae400000, 0x00000000ae800000, 0x00000000ae800000|100%| O|  |TAMS 0x00000000ae800000, 0x00000000ae400000| Untracked 
| 186|0x00000000ae800000, 0x00000000aec00000, 0x00000000aec00000|100%| O|  |TAMS 0x00000000aec00000, 0x00000000ae800000| Untracked 
| 187|0x00000000aec00000, 0x00000000af000000, 0x00000000af000000|100%| O|  |TAMS 0x00000000af000000, 0x00000000aec00000| Untracked 
| 188|0x00000000af000000, 0x00000000af400000, 0x00000000af400000|100%| O|  |TAMS 0x00000000af400000, 0x00000000af000000| Untracked 
| 189|0x00000000af400000, 0x00000000af800000, 0x00000000af800000|100%| O|  |TAMS 0x00000000af800000, 0x00000000af400000| Untracked 
| 190|0x00000000af800000, 0x00000000afc00000, 0x00000000afc00000|100%| O|  |TAMS 0x00000000afc00000, 0x00000000af800000| Untracked 
| 191|0x00000000afc00000, 0x00000000b0000000, 0x00000000b0000000|100%| O|  |TAMS 0x00000000b0000000, 0x00000000afc00000| Untracked 
| 192|0x00000000b0000000, 0x00000000b0400000, 0x00000000b0400000|100%| O|  |TAMS 0x00000000b0400000, 0x00000000b0000000| Untracked 
| 193|0x00000000b0400000, 0x00000000b0800000, 0x00000000b0800000|100%| O|  |TAMS 0x00000000b0800000, 0x00000000b0400000| Untracked 
| 194|0x00000000b0800000, 0x00000000b0c00000, 0x00000000b0c00000|100%| O|  |TAMS 0x00000000b0c00000, 0x00000000b0800000| Untracked 
| 195|0x00000000b0c00000, 0x00000000b1000000, 0x00000000b1000000|100%| O|  |TAMS 0x00000000b1000000, 0x00000000b0c00000| Untracked 
| 196|0x00000000b1000000, 0x00000000b1400000, 0x00000000b1400000|100%| O|  |TAMS 0x00000000b1400000, 0x00000000b1000000| Untracked 
| 197|0x00000000b1400000, 0x00000000b1800000, 0x00000000b1800000|100%| O|  |TAMS 0x00000000b1800000, 0x00000000b1400000| Untracked 
| 198|0x00000000b1800000, 0x00000000b1c00000, 0x00000000b1c00000|100%| O|  |TAMS 0x00000000b1c00000, 0x00000000b1800000| Untracked 
| 199|0x00000000b1c00000, 0x00000000b2000000, 0x00000000b2000000|100%| O|  |TAMS 0x00000000b2000000, 0x00000000b1c00000| Untracked 
| 200|0x00000000b2000000, 0x00000000b2400000, 0x00000000b2400000|100%| O|  |TAMS 0x00000000b2400000, 0x00000000b2000000| Untracked 
| 201|0x00000000b2400000, 0x00000000b2800000, 0x00000000b2800000|100%| O|  |TAMS 0x00000000b2800000, 0x00000000b2400000| Untracked 
| 202|0x00000000b2800000, 0x00000000b2c00000, 0x00000000b2c00000|100%| O|  |TAMS 0x00000000b2c00000, 0x00000000b2800000| Untracked 
| 203|0x00000000b2c00000, 0x00000000b3000000, 0x00000000b3000000|100%| O|  |TAMS 0x00000000b3000000, 0x00000000b2c00000| Untracked 
| 204|0x00000000b3000000, 0x00000000b3400000, 0x00000000b3400000|100%| O|  |TAMS 0x00000000b3400000, 0x00000000b3000000| Untracked 
| 205|0x00000000b3400000, 0x00000000b3800000, 0x00000000b3800000|100%| O|  |TAMS 0x00000000b3800000, 0x00000000b3400000| Untracked 
| 206|0x00000000b3800000, 0x00000000b3c00000, 0x00000000b3c00000|100%| O|  |TAMS 0x00000000b3c00000, 0x00000000b3800000| Untracked 
| 207|0x00000000b3c00000, 0x00000000b4000000, 0x00000000b4000000|100%| O|  |TAMS 0x00000000b4000000, 0x00000000b3c00000| Untracked 
| 208|0x00000000b4000000, 0x00000000b4400000, 0x00000000b4400000|100%| O|  |TAMS 0x00000000b4400000, 0x00000000b4000000| Untracked 
| 209|0x00000000b4400000, 0x00000000b4800000, 0x00000000b4800000|100%| O|  |TAMS 0x00000000b4800000, 0x00000000b4400000| Untracked 
| 210|0x00000000b4800000, 0x00000000b4c00000, 0x00000000b4c00000|100%| O|  |TAMS 0x00000000b4c00000, 0x00000000b4800000| Untracked 
| 211|0x00000000b4c00000, 0x00000000b5000000, 0x00000000b5000000|100%| O|  |TAMS 0x00000000b5000000, 0x00000000b4c00000| Untracked 
| 212|0x00000000b5000000, 0x00000000b5400000, 0x00000000b5400000|100%| O|  |TAMS 0x00000000b5400000, 0x00000000b5000000| Untracked 
| 213|0x00000000b5400000, 0x00000000b5800000, 0x00000000b5800000|100%| O|  |TAMS 0x00000000b5800000, 0x00000000b5400000| Untracked 
| 214|0x00000000b5800000, 0x00000000b5c00000, 0x00000000b5c00000|100%| O|  |TAMS 0x00000000b5c00000, 0x00000000b5800000| Untracked 
| 215|0x00000000b5c00000, 0x00000000b6000000, 0x00000000b6000000|100%| O|  |TAMS 0x00000000b6000000, 0x00000000b5c00000| Untracked 
| 216|0x00000000b6000000, 0x00000000b6400000, 0x00000000b6400000|100%| O|  |TAMS 0x00000000b6400000, 0x00000000b6000000| Untracked 
| 217|0x00000000b6400000, 0x00000000b6800000, 0x00000000b6800000|100%| O|  |TAMS 0x00000000b6800000, 0x00000000b6400000| Untracked 
| 218|0x00000000b6800000, 0x00000000b6c00000, 0x00000000b6c00000|100%| O|  |TAMS 0x00000000b6c00000, 0x00000000b6800000| Untracked 
| 219|0x00000000b6c00000, 0x00000000b7000000, 0x00000000b7000000|100%| O|  |TAMS 0x00000000b7000000, 0x00000000b6c00000| Untracked 
| 220|0x00000000b7000000, 0x00000000b7400000, 0x00000000b7400000|100%| O|  |TAMS 0x00000000b7400000, 0x00000000b7000000| Untracked 
| 221|0x00000000b7400000, 0x00000000b7800000, 0x00000000b7800000|100%| O|  |TAMS 0x00000000b7800000, 0x00000000b7400000| Untracked 
| 222|0x00000000b7800000, 0x00000000b7c00000, 0x00000000b7c00000|100%| O|  |TAMS 0x00000000b7c00000, 0x00000000b7800000| Untracked 
| 223|0x00000000b7c00000, 0x00000000b8000000, 0x00000000b8000000|100%| O|  |TAMS 0x00000000b8000000, 0x00000000b7c00000| Untracked 
| 224|0x00000000b8000000, 0x00000000b8400000, 0x00000000b8400000|100%| O|  |TAMS 0x00000000b8400000, 0x00000000b8000000| Untracked 
| 225|0x00000000b8400000, 0x00000000b8800000, 0x00000000b8800000|100%| O|  |TAMS 0x00000000b8800000, 0x00000000b8400000| Untracked 
| 226|0x00000000b8800000, 0x00000000b8c00000, 0x00000000b8c00000|100%| O|  |TAMS 0x00000000b8c00000, 0x00000000b8800000| Untracked 
| 227|0x00000000b8c00000, 0x00000000b9000000, 0x00000000b9000000|100%| O|  |TAMS 0x00000000b9000000, 0x00000000b8c00000| Untracked 
| 228|0x00000000b9000000, 0x00000000b9400000, 0x00000000b9400000|100%| O|  |TAMS 0x00000000b9400000, 0x00000000b9000000| Untracked 
| 229|0x00000000b9400000, 0x00000000b9800000, 0x00000000b9800000|100%| O|  |TAMS 0x00000000b9800000, 0x00000000b9400000| Untracked 
| 230|0x00000000b9800000, 0x00000000b9c00000, 0x00000000b9c00000|100%| O|  |TAMS 0x00000000b9c00000, 0x00000000b9800000| Untracked 
| 231|0x00000000b9c00000, 0x00000000ba000000, 0x00000000ba000000|100%| O|  |TAMS 0x00000000ba000000, 0x00000000b9c00000| Untracked 
| 232|0x00000000ba000000, 0x00000000ba400000, 0x00000000ba400000|100%| O|  |TAMS 0x00000000ba400000, 0x00000000ba000000| Untracked 
| 233|0x00000000ba400000, 0x00000000ba800000, 0x00000000ba800000|100%| O|  |TAMS 0x00000000ba800000, 0x00000000ba400000| Untracked 
| 234|0x00000000ba800000, 0x00000000bac00000, 0x00000000bac00000|100%| O|  |TAMS 0x00000000bac00000, 0x00000000ba800000| Untracked 
| 235|0x00000000bac00000, 0x00000000bb000000, 0x00000000bb000000|100%| O|  |TAMS 0x00000000bb000000, 0x00000000bac00000| Untracked 
| 236|0x00000000bb000000, 0x00000000bb400000, 0x00000000bb400000|100%| O|  |TAMS 0x00000000bb400000, 0x00000000bb000000| Untracked 
| 237|0x00000000bb400000, 0x00000000bb800000, 0x00000000bb800000|100%| O|  |TAMS 0x00000000bb800000, 0x00000000bb400000| Untracked 
| 238|0x00000000bb800000, 0x00000000bbc00000, 0x00000000bbc00000|100%| O|  |TAMS 0x00000000bbc00000, 0x00000000bb800000| Untracked 
| 239|0x00000000bbc00000, 0x00000000bc000000, 0x00000000bc000000|100%| O|  |TAMS 0x00000000bc000000, 0x00000000bbc00000| Untracked 
| 240|0x00000000bc000000, 0x00000000bc400000, 0x00000000bc400000|100%| O|  |TAMS 0x00000000bc400000, 0x00000000bc000000| Untracked 
| 241|0x00000000bc400000, 0x00000000bc800000, 0x00000000bc800000|100%| O|  |TAMS 0x00000000bc800000, 0x00000000bc400000| Untracked 
| 242|0x00000000bc800000, 0x00000000bcc00000, 0x00000000bcc00000|100%| O|  |TAMS 0x00000000bcc00000, 0x00000000bc800000| Untracked 
| 243|0x00000000bcc00000, 0x00000000bd000000, 0x00000000bd000000|100%| O|  |TAMS 0x00000000bd000000, 0x00000000bcc00000| Untracked 
| 244|0x00000000bd000000, 0x00000000bd400000, 0x00000000bd400000|100%| O|  |TAMS 0x00000000bd400000, 0x00000000bd000000| Untracked 
| 245|0x00000000bd400000, 0x00000000bd800000, 0x00000000bd800000|100%| O|  |TAMS 0x00000000bd800000, 0x00000000bd400000| Untracked 
| 246|0x00000000bd800000, 0x00000000bdc00000, 0x00000000bdc00000|100%| O|  |TAMS 0x00000000bdc00000, 0x00000000bd800000| Untracked 
| 247|0x00000000bdc00000, 0x00000000be000000, 0x00000000be000000|100%| O|  |TAMS 0x00000000be000000, 0x00000000bdc00000| Untracked 
| 248|0x00000000be000000, 0x00000000be400000, 0x00000000be400000|100%| O|  |TAMS 0x00000000be400000, 0x00000000be000000| Untracked 
| 249|0x00000000be400000, 0x00000000be800000, 0x00000000be800000|100%| O|  |TAMS 0x00000000be800000, 0x00000000be400000| Untracked 
| 250|0x00000000be800000, 0x00000000bec00000, 0x00000000bec00000|100%| O|  |TAMS 0x00000000bec00000, 0x00000000be800000| Untracked 
| 251|0x00000000bec00000, 0x00000000bf000000, 0x00000000bf000000|100%| O|  |TAMS 0x00000000bf000000, 0x00000000bec00000| Untracked 
| 252|0x00000000bf000000, 0x00000000bf400000, 0x00000000bf400000|100%| O|  |TAMS 0x00000000bf400000, 0x00000000bf000000| Untracked 
| 253|0x00000000bf400000, 0x00000000bf800000, 0x00000000bf800000|100%| O|  |TAMS 0x00000000bf800000, 0x00000000bf400000| Untracked 
| 254|0x00000000bf800000, 0x00000000bfc00000, 0x00000000bfc00000|100%| O|  |TAMS 0x00000000bfc00000, 0x00000000bf800000| Untracked 
| 255|0x00000000bfc00000, 0x00000000c0000000, 0x00000000c0000000|100%| O|  |TAMS 0x00000000c0000000, 0x00000000bfc00000| Untracked 
| 256|0x00000000c0000000, 0x00000000c0400000, 0x00000000c0400000|100%|HS|  |TAMS 0x00000000c0000000, 0x00000000c0000000| Complete 
| 257|0x00000000c0400000, 0x00000000c0800000, 0x00000000c0800000|100%| O|  |TAMS 0x00000000c0800000, 0x00000000c0400000| Untracked 
| 258|0x00000000c0800000, 0x00000000c0c00000, 0x00000000c0c00000|100%| O|  |TAMS 0x00000000c0c00000, 0x00000000c0800000| Untracked 
| 259|0x00000000c0c00000, 0x00000000c1000000, 0x00000000c1000000|100%| O|  |TAMS 0x00000000c1000000, 0x00000000c0c00000| Untracked 
| 260|0x00000000c1000000, 0x00000000c1400000, 0x00000000c1400000|100%| O|  |TAMS 0x00000000c1400000, 0x00000000c1000000| Untracked 
| 261|0x00000000c1400000, 0x00000000c1800000, 0x00000000c1800000|100%| O|  |TAMS 0x00000000c1800000, 0x00000000c1400000| Untracked 
| 262|0x00000000c1800000, 0x00000000c1c00000, 0x00000000c1c00000|100%| O|  |TAMS 0x00000000c1c00000, 0x00000000c1800000| Untracked 
| 263|0x00000000c1c00000, 0x00000000c2000000, 0x00000000c2000000|100%| O|  |TAMS 0x00000000c2000000, 0x00000000c1c00000| Untracked 
| 264|0x00000000c2000000, 0x00000000c2400000, 0x00000000c2400000|100%| O|  |TAMS 0x00000000c2400000, 0x00000000c2000000| Untracked 
| 265|0x00000000c2400000, 0x00000000c2800000, 0x00000000c2800000|100%| O|  |TAMS 0x00000000c2800000, 0x00000000c2400000| Untracked 
| 266|0x00000000c2800000, 0x00000000c2c00000, 0x00000000c2c00000|100%| O|  |TAMS 0x00000000c2c00000, 0x00000000c2800000| Untracked 
| 267|0x00000000c2c00000, 0x00000000c3000000, 0x00000000c3000000|100%| O|  |TAMS 0x00000000c3000000, 0x00000000c2c00000| Untracked 
| 268|0x00000000c3000000, 0x00000000c3400000, 0x00000000c3400000|100%| O|  |TAMS 0x00000000c3400000, 0x00000000c3000000| Untracked 
| 269|0x00000000c3400000, 0x00000000c3800000, 0x00000000c3800000|100%| O|  |TAMS 0x00000000c3800000, 0x00000000c3400000| Untracked 
| 270|0x00000000c3800000, 0x00000000c3c00000, 0x00000000c3c00000|100%| O|  |TAMS 0x00000000c3c00000, 0x00000000c3800000| Untracked 
| 271|0x00000000c3c00000, 0x00000000c4000000, 0x00000000c4000000|100%| O|  |TAMS 0x00000000c4000000, 0x00000000c3c00000| Untracked 
| 272|0x00000000c4000000, 0x00000000c4400000, 0x00000000c4400000|100%| O|  |TAMS 0x00000000c4400000, 0x00000000c4000000| Untracked 
| 273|0x00000000c4400000, 0x00000000c4800000, 0x00000000c4800000|100%| O|  |TAMS 0x00000000c4800000, 0x00000000c4400000| Untracked 
| 274|0x00000000c4800000, 0x00000000c4c00000, 0x00000000c4c00000|100%| O|  |TAMS 0x00000000c4c00000, 0x00000000c4800000| Untracked 
| 275|0x00000000c4c00000, 0x00000000c5000000, 0x00000000c5000000|100%| O|  |TAMS 0x00000000c5000000, 0x00000000c4c00000| Untracked 
| 276|0x00000000c5000000, 0x00000000c5400000, 0x00000000c5400000|100%| O|  |TAMS 0x00000000c5000000, 0x00000000c5000000| Untracked 
| 277|0x00000000c5400000, 0x00000000c5800000, 0x00000000c5800000|100%| O|  |TAMS 0x00000000c5800000, 0x00000000c5400000| Untracked 
| 278|0x00000000c5800000, 0x00000000c5c00000, 0x00000000c5c00000|100%| O|  |TAMS 0x00000000c5c00000, 0x00000000c5800000| Untracked 
| 279|0x00000000c5c00000, 0x00000000c6000000, 0x00000000c6000000|100%| O|  |TAMS 0x00000000c6000000, 0x00000000c5c00000| Untracked 
| 280|0x00000000c6000000, 0x00000000c6400000, 0x00000000c6400000|100%| O|  |TAMS 0x00000000c6400000, 0x00000000c6000000| Untracked 
| 281|0x00000000c6400000, 0x00000000c6800000, 0x00000000c6800000|100%| O|  |TAMS 0x00000000c6800000, 0x00000000c6400000| Untracked 
| 282|0x00000000c6800000, 0x00000000c6c00000, 0x00000000c6c00000|100%| O|  |TAMS 0x00000000c6c00000, 0x00000000c6800000| Untracked 
| 283|0x00000000c6c00000, 0x00000000c7000000, 0x00000000c7000000|100%| O|  |TAMS 0x00000000c7000000, 0x00000000c6c00000| Untracked 
| 284|0x00000000c7000000, 0x00000000c7400000, 0x00000000c7400000|100%| O|  |TAMS 0x00000000c7400000, 0x00000000c7000000| Untracked 
| 285|0x00000000c7400000, 0x00000000c7800000, 0x00000000c7800000|100%| O|  |TAMS 0x00000000c7800000, 0x00000000c7400000| Untracked 
| 286|0x00000000c7800000, 0x00000000c7c00000, 0x00000000c7c00000|100%| O|  |TAMS 0x00000000c7c00000, 0x00000000c7800000| Untracked 
| 287|0x00000000c7c00000, 0x00000000c8000000, 0x00000000c8000000|100%| O|  |TAMS 0x00000000c8000000, 0x00000000c7c00000| Untracked 
| 288|0x00000000c8000000, 0x00000000c8400000, 0x00000000c8400000|100%| O|  |TAMS 0x00000000c8400000, 0x00000000c8000000| Untracked 
| 289|0x00000000c8400000, 0x00000000c8800000, 0x00000000c8800000|100%| O|  |TAMS 0x00000000c8800000, 0x00000000c8400000| Untracked 
| 290|0x00000000c8800000, 0x00000000c8c00000, 0x00000000c8c00000|100%| O|  |TAMS 0x00000000c8c00000, 0x00000000c8800000| Untracked 
| 291|0x00000000c8c00000, 0x00000000c9000000, 0x00000000c9000000|100%| O|  |TAMS 0x00000000c9000000, 0x00000000c8c00000| Untracked 
| 292|0x00000000c9000000, 0x00000000c9400000, 0x00000000c9400000|100%| O|  |TAMS 0x00000000c9400000, 0x00000000c9000000| Untracked 
| 293|0x00000000c9400000, 0x00000000c9800000, 0x00000000c9800000|100%| O|  |TAMS 0x00000000c9800000, 0x00000000c9400000| Untracked 
| 294|0x00000000c9800000, 0x00000000c9c00000, 0x00000000c9c00000|100%| O|  |TAMS 0x00000000c9c00000, 0x00000000c9800000| Untracked 
| 295|0x00000000c9c00000, 0x00000000ca000000, 0x00000000ca000000|100%| O|  |TAMS 0x00000000ca000000, 0x00000000c9c00000| Untracked 
| 296|0x00000000ca000000, 0x00000000ca400000, 0x00000000ca400000|100%| O|  |TAMS 0x00000000ca400000, 0x00000000ca000000| Untracked 
| 297|0x00000000ca400000, 0x00000000ca800000, 0x00000000ca800000|100%| O|  |TAMS 0x00000000ca800000, 0x00000000ca400000| Untracked 
| 298|0x00000000ca800000, 0x00000000cac00000, 0x00000000cac00000|100%| O|  |TAMS 0x00000000cac00000, 0x00000000ca800000| Untracked 
| 299|0x00000000cac00000, 0x00000000cb000000, 0x00000000cb000000|100%| O|  |TAMS 0x00000000cb000000, 0x00000000cac00000| Untracked 
| 300|0x00000000cb000000, 0x00000000cb400000, 0x00000000cb400000|100%| O|  |TAMS 0x00000000cb400000, 0x00000000cb000000| Untracked 
| 301|0x00000000cb400000, 0x00000000cb800000, 0x00000000cb800000|100%| O|  |TAMS 0x00000000cb800000, 0x00000000cb400000| Untracked 
| 302|0x00000000cb800000, 0x00000000cbc00000, 0x00000000cbc00000|100%| O|  |TAMS 0x00000000cbc00000, 0x00000000cb800000| Untracked 
| 303|0x00000000cbc00000, 0x00000000cc000000, 0x00000000cc000000|100%| O|  |TAMS 0x00000000cc000000, 0x00000000cbc00000| Untracked 
| 304|0x00000000cc000000, 0x00000000cc400000, 0x00000000cc400000|100%| O|  |TAMS 0x00000000cc400000, 0x00000000cc000000| Untracked 
| 305|0x00000000cc400000, 0x00000000cc800000, 0x00000000cc800000|100%| O|  |TAMS 0x00000000cc800000, 0x00000000cc400000| Untracked 
| 306|0x00000000cc800000, 0x00000000ccc00000, 0x00000000ccc00000|100%| O|  |TAMS 0x00000000ccc00000, 0x00000000cc800000| Untracked 
| 307|0x00000000ccc00000, 0x00000000cd000000, 0x00000000cd000000|100%| O|  |TAMS 0x00000000cd000000, 0x00000000ccc00000| Untracked 
| 308|0x00000000cd000000, 0x00000000cd400000, 0x00000000cd400000|100%| O|  |TAMS 0x00000000cd400000, 0x00000000cd000000| Untracked 
| 309|0x00000000cd400000, 0x00000000cd800000, 0x00000000cd800000|100%| O|  |TAMS 0x00000000cd800000, 0x00000000cd400000| Untracked 
| 310|0x00000000cd800000, 0x00000000cdc00000, 0x00000000cdc00000|100%| O|  |TAMS 0x00000000cdc00000, 0x00000000cd800000| Untracked 
| 311|0x00000000cdc00000, 0x00000000ce000000, 0x00000000ce000000|100%| O|  |TAMS 0x00000000ce000000, 0x00000000cdc00000| Untracked 
| 312|0x00000000ce000000, 0x00000000ce400000, 0x00000000ce400000|100%| O|  |TAMS 0x00000000ce400000, 0x00000000ce000000| Untracked 
| 313|0x00000000ce400000, 0x00000000ce800000, 0x00000000ce800000|100%| O|  |TAMS 0x00000000ce800000, 0x00000000ce400000| Untracked 
| 314|0x00000000ce800000, 0x00000000cec00000, 0x00000000cec00000|100%| O|  |TAMS 0x00000000cec00000, 0x00000000ce800000| Untracked 
| 315|0x00000000cec00000, 0x00000000cf000000, 0x00000000cf000000|100%| O|  |TAMS 0x00000000cf000000, 0x00000000cec00000| Untracked 
| 316|0x00000000cf000000, 0x00000000cf400000, 0x00000000cf400000|100%| O|  |TAMS 0x00000000cf400000, 0x00000000cf000000| Untracked 
| 317|0x00000000cf400000, 0x00000000cf800000, 0x00000000cf800000|100%| O|  |TAMS 0x00000000cf800000, 0x00000000cf400000| Untracked 
| 318|0x00000000cf800000, 0x00000000cfc00000, 0x00000000cfc00000|100%| O|  |TAMS 0x00000000cfc00000, 0x00000000cf800000| Untracked 
| 319|0x00000000cfc00000, 0x00000000d0000000, 0x00000000d0000000|100%| O|  |TAMS 0x00000000d0000000, 0x00000000cfc00000| Untracked 
| 320|0x00000000d0000000, 0x00000000d0400000, 0x00000000d0400000|100%| O|  |TAMS 0x00000000d0400000, 0x00000000d0000000| Untracked 
| 321|0x00000000d0400000, 0x00000000d0800000, 0x00000000d0800000|100%| O|  |TAMS 0x00000000d0800000, 0x00000000d0400000| Untracked 
| 322|0x00000000d0800000, 0x00000000d0c00000, 0x00000000d0c00000|100%| O|  |TAMS 0x00000000d0c00000, 0x00000000d0800000| Untracked 
| 323|0x00000000d0c00000, 0x00000000d1000000, 0x00000000d1000000|100%| O|  |TAMS 0x00000000d1000000, 0x00000000d0c00000| Untracked 
| 324|0x00000000d1000000, 0x00000000d1400000, 0x00000000d1400000|100%| O|  |TAMS 0x00000000d1400000, 0x00000000d1000000| Untracked 
| 325|0x00000000d1400000, 0x00000000d1800000, 0x00000000d1800000|100%| O|  |TAMS 0x00000000d1800000, 0x00000000d1400000| Untracked 
| 326|0x00000000d1800000, 0x00000000d1c00000, 0x00000000d1c00000|100%| O|  |TAMS 0x00000000d1c00000, 0x00000000d1800000| Untracked 
| 327|0x00000000d1c00000, 0x00000000d2000000, 0x00000000d2000000|100%| O|  |TAMS 0x00000000d2000000, 0x00000000d1c00000| Untracked 
| 328|0x00000000d2000000, 0x00000000d2400000, 0x00000000d2400000|100%| O|  |TAMS 0x00000000d2400000, 0x00000000d2000000| Untracked 
| 329|0x00000000d2400000, 0x00000000d2800000, 0x00000000d2800000|100%| O|  |TAMS 0x00000000d2800000, 0x00000000d2400000| Untracked 
| 330|0x00000000d2800000, 0x00000000d2c00000, 0x00000000d2c00000|100%| O|  |TAMS 0x00000000d2c00000, 0x00000000d2800000| Untracked 
| 331|0x00000000d2c00000, 0x00000000d3000000, 0x00000000d3000000|100%| O|  |TAMS 0x00000000d3000000, 0x00000000d2c00000| Untracked 
| 332|0x00000000d3000000, 0x00000000d3400000, 0x00000000d3400000|100%| O|  |TAMS 0x00000000d3400000, 0x00000000d3000000| Untracked 
| 333|0x00000000d3400000, 0x00000000d3800000, 0x00000000d3800000|100%| O|  |TAMS 0x00000000d3800000, 0x00000000d3400000| Untracked 
| 334|0x00000000d3800000, 0x00000000d3c00000, 0x00000000d3c00000|100%| O|  |TAMS 0x00000000d3c00000, 0x00000000d3800000| Untracked 
| 335|0x00000000d3c00000, 0x00000000d4000000, 0x00000000d4000000|100%| O|  |TAMS 0x00000000d4000000, 0x00000000d3c00000| Untracked 
| 336|0x00000000d4000000, 0x00000000d4400000, 0x00000000d4400000|100%| O|  |TAMS 0x00000000d4400000, 0x00000000d4000000| Untracked 
| 337|0x00000000d4400000, 0x00000000d4800000, 0x00000000d4800000|100%| O|  |TAMS 0x00000000d4800000, 0x00000000d4400000| Untracked 
| 338|0x00000000d4800000, 0x00000000d4c00000, 0x00000000d4c00000|100%| O|  |TAMS 0x00000000d4c00000, 0x00000000d4800000| Untracked 
| 339|0x00000000d4c00000, 0x00000000d5000000, 0x00000000d5000000|100%| O|  |TAMS 0x00000000d5000000, 0x00000000d4c00000| Untracked 
| 340|0x00000000d5000000, 0x00000000d5400000, 0x00000000d5400000|100%| O|  |TAMS 0x00000000d5400000, 0x00000000d5000000| Untracked 
| 341|0x00000000d5400000, 0x00000000d5800000, 0x00000000d5800000|100%| O|  |TAMS 0x00000000d5800000, 0x00000000d5400000| Untracked 
| 342|0x00000000d5800000, 0x00000000d5c00000, 0x00000000d5c00000|100%| O|  |TAMS 0x00000000d5c00000, 0x00000000d5800000| Untracked 
| 343|0x00000000d5c00000, 0x00000000d6000000, 0x00000000d6000000|100%| O|  |TAMS 0x00000000d6000000, 0x00000000d5c00000| Untracked 
| 344|0x00000000d6000000, 0x00000000d6400000, 0x00000000d6400000|100%| O|  |TAMS 0x00000000d6400000, 0x00000000d6000000| Untracked 
| 345|0x00000000d6400000, 0x00000000d6800000, 0x00000000d6800000|100%| O|  |TAMS 0x00000000d6800000, 0x00000000d6400000| Untracked 
| 346|0x00000000d6800000, 0x00000000d6c00000, 0x00000000d6c00000|100%| O|  |TAMS 0x00000000d6c00000, 0x00000000d6800000| Untracked 
| 347|0x00000000d6c00000, 0x00000000d7000000, 0x00000000d7000000|100%| O|  |TAMS 0x00000000d7000000, 0x00000000d6c00000| Untracked 
| 348|0x00000000d7000000, 0x00000000d7400000, 0x00000000d7400000|100%| O|  |TAMS 0x00000000d7400000, 0x00000000d7000000| Untracked 
| 349|0x00000000d7400000, 0x00000000d7800000, 0x00000000d7800000|100%| O|  |TAMS 0x00000000d7800000, 0x00000000d7400000| Untracked 
| 350|0x00000000d7800000, 0x00000000d7c00000, 0x00000000d7c00000|100%| O|  |TAMS 0x00000000d7c00000, 0x00000000d7800000| Untracked 
| 351|0x00000000d7c00000, 0x00000000d8000000, 0x00000000d8000000|100%| O|  |TAMS 0x00000000d8000000, 0x00000000d7c00000| Untracked 
| 352|0x00000000d8000000, 0x00000000d8400000, 0x00000000d8400000|100%| O|  |TAMS 0x00000000d8400000, 0x00000000d8000000| Untracked 
| 353|0x00000000d8400000, 0x00000000d8800000, 0x00000000d8800000|100%| O|  |TAMS 0x00000000d8800000, 0x00000000d8400000| Untracked 
| 354|0x00000000d8800000, 0x00000000d8c00000, 0x00000000d8c00000|100%| O|  |TAMS 0x00000000d8c00000, 0x00000000d8800000| Untracked 
| 355|0x00000000d8c00000, 0x00000000d9000000, 0x00000000d9000000|100%| O|  |TAMS 0x00000000d9000000, 0x00000000d8c00000| Untracked 
| 356|0x00000000d9000000, 0x00000000d9400000, 0x00000000d9400000|100%| O|  |TAMS 0x00000000d9400000, 0x00000000d9000000| Untracked 
| 357|0x00000000d9400000, 0x00000000d9800000, 0x00000000d9800000|100%| O|  |TAMS 0x00000000d9800000, 0x00000000d9400000| Untracked 
| 358|0x00000000d9800000, 0x00000000d9c00000, 0x00000000d9c00000|100%| O|  |TAMS 0x00000000d9c00000, 0x00000000d9800000| Untracked 
| 359|0x00000000d9c00000, 0x00000000da000000, 0x00000000da000000|100%| O|  |TAMS 0x00000000da000000, 0x00000000d9c00000| Untracked 
| 360|0x00000000da000000, 0x00000000da400000, 0x00000000da400000|100%| O|  |TAMS 0x00000000da400000, 0x00000000da000000| Untracked 
| 361|0x00000000da400000, 0x00000000da800000, 0x00000000da800000|100%| O|  |TAMS 0x00000000da800000, 0x00000000da400000| Untracked 
| 362|0x00000000da800000, 0x00000000dac00000, 0x00000000dac00000|100%| O|  |TAMS 0x00000000dac00000, 0x00000000da800000| Untracked 
| 363|0x00000000dac00000, 0x00000000db000000, 0x00000000db000000|100%| O|  |TAMS 0x00000000db000000, 0x00000000dac00000| Untracked 
| 364|0x00000000db000000, 0x00000000db400000, 0x00000000db400000|100%| O|  |TAMS 0x00000000db400000, 0x00000000db000000| Untracked 
| 365|0x00000000db400000, 0x00000000db800000, 0x00000000db800000|100%| O|  |TAMS 0x00000000db800000, 0x00000000db400000| Untracked 
| 366|0x00000000db800000, 0x00000000dbc00000, 0x00000000dbc00000|100%| O|  |TAMS 0x00000000dbc00000, 0x00000000db800000| Untracked 
| 367|0x00000000dbc00000, 0x00000000dc000000, 0x00000000dc000000|100%| O|  |TAMS 0x00000000dc000000, 0x00000000dbc00000| Untracked 
| 368|0x00000000dc000000, 0x00000000dc400000, 0x00000000dc400000|100%| O|  |TAMS 0x00000000dc400000, 0x00000000dc000000| Untracked 
| 369|0x00000000dc400000, 0x00000000dc800000, 0x00000000dc800000|100%| O|  |TAMS 0x00000000dc800000, 0x00000000dc400000| Untracked 
| 370|0x00000000dc800000, 0x00000000dcc00000, 0x00000000dcc00000|100%| O|  |TAMS 0x00000000dcc00000, 0x00000000dc800000| Untracked 
| 371|0x00000000dcc00000, 0x00000000dd000000, 0x00000000dd000000|100%| O|  |TAMS 0x00000000dd000000, 0x00000000dcc00000| Untracked 
| 372|0x00000000dd000000, 0x00000000dd400000, 0x00000000dd400000|100%| O|  |TAMS 0x00000000dd400000, 0x00000000dd000000| Untracked 
| 373|0x00000000dd400000, 0x00000000dd800000, 0x00000000dd800000|100%| O|  |TAMS 0x00000000dd800000, 0x00000000dd400000| Untracked 
| 374|0x00000000dd800000, 0x00000000ddc00000, 0x00000000ddc00000|100%| O|  |TAMS 0x00000000ddc00000, 0x00000000dd800000| Untracked 
| 375|0x00000000ddc00000, 0x00000000de000000, 0x00000000de000000|100%| O|  |TAMS 0x00000000de000000, 0x00000000ddc00000| Untracked 
| 376|0x00000000de000000, 0x00000000de400000, 0x00000000de400000|100%| O|  |TAMS 0x00000000de400000, 0x00000000de000000| Untracked 
| 377|0x00000000de400000, 0x00000000de800000, 0x00000000de800000|100%| O|  |TAMS 0x00000000de800000, 0x00000000de400000| Untracked 
| 378|0x00000000de800000, 0x00000000dec00000, 0x00000000dec00000|100%| O|  |TAMS 0x00000000dec00000, 0x00000000de800000| Untracked 
| 379|0x00000000dec00000, 0x00000000df000000, 0x00000000df000000|100%| O|  |TAMS 0x00000000df000000, 0x00000000dec00000| Untracked 
| 380|0x00000000df000000, 0x00000000df400000, 0x00000000df400000|100%| O|  |TAMS 0x00000000df400000, 0x00000000df000000| Untracked 
| 381|0x00000000df400000, 0x00000000df800000, 0x00000000df800000|100%| O|  |TAMS 0x00000000df800000, 0x00000000df400000| Untracked 
| 382|0x00000000df800000, 0x00000000dfc00000, 0x00000000dfc00000|100%| O|  |TAMS 0x00000000dfc00000, 0x00000000df800000| Untracked 
| 383|0x00000000dfc00000, 0x00000000e0000000, 0x00000000e0000000|100%| O|  |TAMS 0x00000000e0000000, 0x00000000dfc00000| Untracked 
| 384|0x00000000e0000000, 0x00000000e0400000, 0x00000000e0400000|100%| O|  |TAMS 0x00000000e0400000, 0x00000000e0000000| Untracked 
| 385|0x00000000e0400000, 0x00000000e0800000, 0x00000000e0800000|100%| O|  |TAMS 0x00000000e0800000, 0x00000000e0400000| Untracked 
| 386|0x00000000e0800000, 0x00000000e0c00000, 0x00000000e0c00000|100%| O|  |TAMS 0x00000000e0c00000, 0x00000000e0800000| Untracked 
| 387|0x00000000e0c00000, 0x00000000e1000000, 0x00000000e1000000|100%| O|  |TAMS 0x00000000e1000000, 0x00000000e0c00000| Untracked 
| 388|0x00000000e1000000, 0x00000000e1400000, 0x00000000e1400000|100%| O|  |TAMS 0x00000000e1400000, 0x00000000e1000000| Untracked 
| 389|0x00000000e1400000, 0x00000000e1800000, 0x00000000e1800000|100%| O|  |TAMS 0x00000000e1800000, 0x00000000e1400000| Untracked 
| 390|0x00000000e1800000, 0x00000000e1c00000, 0x00000000e1c00000|100%| O|  |TAMS 0x00000000e1c00000, 0x00000000e1800000| Untracked 
| 391|0x00000000e1c00000, 0x00000000e2000000, 0x00000000e2000000|100%| O|  |TAMS 0x00000000e2000000, 0x00000000e1c00000| Untracked 
| 392|0x00000000e2000000, 0x00000000e2400000, 0x00000000e2400000|100%| O|  |TAMS 0x00000000e2400000, 0x00000000e2000000| Untracked 
| 393|0x00000000e2400000, 0x00000000e2800000, 0x00000000e2800000|100%| O|  |TAMS 0x00000000e2800000, 0x00000000e2400000| Untracked 
| 394|0x00000000e2800000, 0x00000000e2c00000, 0x00000000e2c00000|100%| O|  |TAMS 0x00000000e2c00000, 0x00000000e2800000| Untracked 
| 395|0x00000000e2c00000, 0x00000000e3000000, 0x00000000e3000000|100%| O|  |TAMS 0x00000000e3000000, 0x00000000e2c00000| Untracked 
| 396|0x00000000e3000000, 0x00000000e3400000, 0x00000000e3400000|100%| O|  |TAMS 0x00000000e3400000, 0x00000000e3000000| Untracked 
| 397|0x00000000e3400000, 0x00000000e3800000, 0x00000000e3800000|100%| O|  |TAMS 0x00000000e3800000, 0x00000000e3400000| Untracked 
| 398|0x00000000e3800000, 0x00000000e3c00000, 0x00000000e3c00000|100%| O|  |TAMS 0x00000000e3c00000, 0x00000000e3800000| Untracked 
| 399|0x00000000e3c00000, 0x00000000e4000000, 0x00000000e4000000|100%| O|  |TAMS 0x00000000e4000000, 0x00000000e3c00000| Untracked 
| 400|0x00000000e4000000, 0x00000000e4400000, 0x00000000e4400000|100%| O|  |TAMS 0x00000000e4400000, 0x00000000e4000000| Untracked 
| 401|0x00000000e4400000, 0x00000000e4800000, 0x00000000e4800000|100%| O|  |TAMS 0x00000000e4800000, 0x00000000e4400000| Untracked 
| 402|0x00000000e4800000, 0x00000000e4c00000, 0x00000000e4c00000|100%| O|  |TAMS 0x00000000e4c00000, 0x00000000e4800000| Untracked 
| 403|0x00000000e4c00000, 0x00000000e5000000, 0x00000000e5000000|100%| O|  |TAMS 0x00000000e5000000, 0x00000000e4c00000| Untracked 
| 404|0x00000000e5000000, 0x00000000e5400000, 0x00000000e5400000|100%| O|  |TAMS 0x00000000e5400000, 0x00000000e5000000| Untracked 
| 405|0x00000000e5400000, 0x00000000e5800000, 0x00000000e5800000|100%| O|  |TAMS 0x00000000e5800000, 0x00000000e5400000| Untracked 
| 406|0x00000000e5800000, 0x00000000e5c00000, 0x00000000e5c00000|100%| O|  |TAMS 0x00000000e5c00000, 0x00000000e5800000| Untracked 
| 407|0x00000000e5c00000, 0x00000000e6000000, 0x00000000e6000000|100%| O|  |TAMS 0x00000000e6000000, 0x00000000e5c00000| Untracked 
| 408|0x00000000e6000000, 0x00000000e6400000, 0x00000000e6400000|100%| O|  |TAMS 0x00000000e6400000, 0x00000000e6000000| Untracked 
| 409|0x00000000e6400000, 0x00000000e6800000, 0x00000000e6800000|100%| O|  |TAMS 0x00000000e6800000, 0x00000000e6400000| Untracked 
| 410|0x00000000e6800000, 0x00000000e6c00000, 0x00000000e6c00000|100%| O|  |TAMS 0x00000000e6c00000, 0x00000000e6800000| Untracked 
| 411|0x00000000e6c00000, 0x00000000e7000000, 0x00000000e7000000|100%| O|  |TAMS 0x00000000e7000000, 0x00000000e6c00000| Untracked 
| 412|0x00000000e7000000, 0x00000000e7400000, 0x00000000e7400000|100%| O|  |TAMS 0x00000000e7400000, 0x00000000e7000000| Untracked 
| 413|0x00000000e7400000, 0x00000000e7800000, 0x00000000e7800000|100%| O|  |TAMS 0x00000000e7800000, 0x00000000e7400000| Untracked 
| 414|0x00000000e7800000, 0x00000000e7c00000, 0x00000000e7c00000|100%| O|  |TAMS 0x00000000e7c00000, 0x00000000e7800000| Untracked 
| 415|0x00000000e7c00000, 0x00000000e8000000, 0x00000000e8000000|100%| O|  |TAMS 0x00000000e8000000, 0x00000000e7c00000| Untracked 
| 416|0x00000000e8000000, 0x00000000e8400000, 0x00000000e8400000|100%| O|  |TAMS 0x00000000e8400000, 0x00000000e8000000| Untracked 
| 417|0x00000000e8400000, 0x00000000e8800000, 0x00000000e8800000|100%| O|  |TAMS 0x00000000e8800000, 0x00000000e8400000| Untracked 
| 418|0x00000000e8800000, 0x00000000e8c00000, 0x00000000e8c00000|100%| O|  |TAMS 0x00000000e8c00000, 0x00000000e8800000| Untracked 
| 419|0x00000000e8c00000, 0x00000000e9000000, 0x00000000e9000000|100%| O|  |TAMS 0x00000000e9000000, 0x00000000e8c00000| Untracked 
| 420|0x00000000e9000000, 0x00000000e9400000, 0x00000000e9400000|100%| O|  |TAMS 0x00000000e9400000, 0x00000000e9000000| Untracked 
| 421|0x00000000e9400000, 0x00000000e9800000, 0x00000000e9800000|100%| O|  |TAMS 0x00000000e9800000, 0x00000000e9400000| Untracked 
| 422|0x00000000e9800000, 0x00000000e9c00000, 0x00000000e9c00000|100%| O|  |TAMS 0x00000000e9c00000, 0x00000000e9800000| Untracked 
| 423|0x00000000e9c00000, 0x00000000ea000000, 0x00000000ea000000|100%| O|  |TAMS 0x00000000ea000000, 0x00000000e9c00000| Untracked 
| 424|0x00000000ea000000, 0x00000000ea400000, 0x00000000ea400000|100%| O|  |TAMS 0x00000000ea400000, 0x00000000ea000000| Untracked 
| 425|0x00000000ea400000, 0x00000000ea800000, 0x00000000ea800000|100%| O|  |TAMS 0x00000000ea800000, 0x00000000ea400000| Untracked 
| 426|0x00000000ea800000, 0x00000000eac00000, 0x00000000eac00000|100%| O|  |TAMS 0x00000000eac00000, 0x00000000ea800000| Untracked 
| 427|0x00000000eac00000, 0x00000000eb000000, 0x00000000eb000000|100%| O|  |TAMS 0x00000000eb000000, 0x00000000eac00000| Untracked 
| 428|0x00000000eb000000, 0x00000000eb400000, 0x00000000eb400000|100%| O|  |TAMS 0x00000000eb400000, 0x00000000eb000000| Untracked 
| 429|0x00000000eb400000, 0x00000000eb800000, 0x00000000eb800000|100%| O|  |TAMS 0x00000000eb800000, 0x00000000eb400000| Untracked 
| 430|0x00000000eb800000, 0x00000000ebc00000, 0x00000000ebc00000|100%| O|  |TAMS 0x00000000ebc00000, 0x00000000eb800000| Untracked 
| 431|0x00000000ebc00000, 0x00000000ec000000, 0x00000000ec000000|100%| O|  |TAMS 0x00000000ec000000, 0x00000000ebc00000| Untracked 
| 432|0x00000000ec000000, 0x00000000ec400000, 0x00000000ec400000|100%| O|  |TAMS 0x00000000ec400000, 0x00000000ec000000| Untracked 
| 433|0x00000000ec400000, 0x00000000ec800000, 0x00000000ec800000|100%|HS|  |TAMS 0x00000000ec400000, 0x00000000ec400000| Complete 
| 434|0x00000000ec800000, 0x00000000ecc00000, 0x00000000ecc00000|100%|HC|  |TAMS 0x00000000ec800000, 0x00000000ec800000| Complete 
| 435|0x00000000ecc00000, 0x00000000ed000000, 0x00000000ed000000|100%| O|  |TAMS 0x00000000ed000000, 0x00000000ecc00000| Untracked 
| 436|0x00000000ed000000, 0x00000000ed400000, 0x00000000ed400000|100%| O|  |TAMS 0x00000000ed400000, 0x00000000ed000000| Untracked 
| 437|0x00000000ed400000, 0x00000000ed800000, 0x00000000ed800000|100%| O|  |TAMS 0x00000000ed400000, 0x00000000ed400000| Untracked 
| 438|0x00000000ed800000, 0x00000000edc00000, 0x00000000edc00000|100%| O|  |TAMS 0x00000000ed800000, 0x00000000ed800000| Untracked 
| 439|0x00000000edc00000, 0x00000000ee000000, 0x00000000ee000000|100%|HS|  |TAMS 0x00000000edc00000, 0x00000000edc00000| Complete 
| 440|0x00000000ee000000, 0x00000000ee400000, 0x00000000ee400000|100%| O|  |TAMS 0x00000000ee000000, 0x00000000ee000000| Untracked 
| 441|0x00000000ee400000, 0x00000000ee800000, 0x00000000ee800000|100%|HS|  |TAMS 0x00000000ee800000, 0x00000000ee400000| Complete 
| 442|0x00000000ee800000, 0x00000000eec00000, 0x00000000eec00000|100%|HC|  |TAMS 0x00000000eec00000, 0x00000000ee800000| Complete 
| 443|0x00000000eec00000, 0x00000000ef000000, 0x00000000ef000000|100%| O|  |TAMS 0x00000000ef000000, 0x00000000eec00000| Untracked 
| 444|0x00000000ef000000, 0x00000000ef400000, 0x00000000ef400000|100%| O|  |TAMS 0x00000000ef400000, 0x00000000ef000000| Untracked 
| 445|0x00000000ef400000, 0x00000000ef800000, 0x00000000ef800000|100%| O|  |TAMS 0x00000000ef400000, 0x00000000ef400000| Untracked 
| 446|0x00000000ef800000, 0x00000000efc00000, 0x00000000efc00000|100%| O|  |TAMS 0x00000000ef800000, 0x00000000ef800000| Untracked 
| 447|0x00000000efc00000, 0x00000000f0000000, 0x00000000f0000000|100%| O|  |TAMS 0x00000000efc00000, 0x00000000efc00000| Untracked 
| 448|0x00000000f0000000, 0x00000000f0400000, 0x00000000f0400000|100%| O|  |TAMS 0x00000000f0000000, 0x00000000f0000000| Untracked 
| 449|0x00000000f0400000, 0x00000000f0800000, 0x00000000f0800000|100%|HS|  |TAMS 0x00000000f0800000, 0x00000000f0400000| Complete 
| 450|0x00000000f0800000, 0x00000000f0c00000, 0x00000000f0c00000|100%|HC|  |TAMS 0x00000000f0c00000, 0x00000000f0800000| Complete 
| 451|0x00000000f0c00000, 0x00000000f1000000, 0x00000000f1000000|100%| O|  |TAMS 0x00000000f1000000, 0x00000000f0c00000| Untracked 
| 452|0x00000000f1000000, 0x00000000f1400000, 0x00000000f1400000|100%| O|  |TAMS 0x00000000f1400000, 0x00000000f1000000| Untracked 
| 453|0x00000000f1400000, 0x00000000f1800000, 0x00000000f1800000|100%| O|  |TAMS 0x00000000f1800000, 0x00000000f1400000| Untracked 
| 454|0x00000000f1800000, 0x00000000f1c00000, 0x00000000f1c00000|100%| O|  |TAMS 0x00000000f1c00000, 0x00000000f1800000| Untracked 
| 455|0x00000000f1c00000, 0x00000000f2000000, 0x00000000f2000000|100%| O|  |TAMS 0x00000000f2000000, 0x00000000f1c00000| Untracked 
| 456|0x00000000f2000000, 0x00000000f2400000, 0x00000000f2400000|100%| O|  |TAMS 0x00000000f2400000, 0x00000000f2000000| Untracked 
| 457|0x00000000f2400000, 0x00000000f2800000, 0x00000000f2800000|100%| O|  |TAMS 0x00000000f2800000, 0x00000000f2400000| Untracked 
| 458|0x00000000f2800000, 0x00000000f2c00000, 0x00000000f2c00000|100%| O|  |TAMS 0x00000000f2c00000, 0x00000000f2800000| Untracked 
| 459|0x00000000f2c00000, 0x00000000f3000000, 0x00000000f3000000|100%| O|  |TAMS 0x00000000f3000000, 0x00000000f2c00000| Untracked 
| 460|0x00000000f3000000, 0x00000000f3400000, 0x00000000f3400000|100%| O|  |TAMS 0x00000000f3400000, 0x00000000f3000000| Untracked 
| 461|0x00000000f3400000, 0x00000000f3800000, 0x00000000f3800000|100%| O|  |TAMS 0x00000000f3800000, 0x00000000f3400000| Untracked 
| 462|0x00000000f3800000, 0x00000000f3c00000, 0x00000000f3c00000|100%| O|  |TAMS 0x00000000f3c00000, 0x00000000f3800000| Untracked 
| 463|0x00000000f3c00000, 0x00000000f4000000, 0x00000000f4000000|100%| O|  |TAMS 0x00000000f4000000, 0x00000000f3c00000| Untracked 
| 464|0x00000000f4000000, 0x00000000f4400000, 0x00000000f4400000|100%| O|  |TAMS 0x00000000f4400000, 0x00000000f4000000| Untracked 
| 465|0x00000000f4400000, 0x00000000f4800000, 0x00000000f4800000|100%| O|  |TAMS 0x00000000f4800000, 0x00000000f4400000| Untracked 
| 466|0x00000000f4800000, 0x00000000f4c00000, 0x00000000f4c00000|100%| O|  |TAMS 0x00000000f4c00000, 0x00000000f4800000| Untracked 
| 467|0x00000000f4c00000, 0x00000000f5000000, 0x00000000f5000000|100%| O|  |TAMS 0x00000000f5000000, 0x00000000f4c00000| Untracked 
| 468|0x00000000f5000000, 0x00000000f5400000, 0x00000000f5400000|100%| O|  |TAMS 0x00000000f5400000, 0x00000000f5000000| Untracked 
| 469|0x00000000f5400000, 0x00000000f5800000, 0x00000000f5800000|100%| O|  |TAMS 0x00000000f5800000, 0x00000000f5400000| Untracked 
| 470|0x00000000f5800000, 0x00000000f5c00000, 0x00000000f5c00000|100%| O|  |TAMS 0x00000000f5c00000, 0x00000000f5800000| Untracked 
| 471|0x00000000f5c00000, 0x00000000f6000000, 0x00000000f6000000|100%| O|  |TAMS 0x00000000f6000000, 0x00000000f5c00000| Untracked 
| 472|0x00000000f6000000, 0x00000000f6400000, 0x00000000f6400000|100%| O|  |TAMS 0x00000000f6400000, 0x00000000f6000000| Untracked 
| 473|0x00000000f6400000, 0x00000000f6800000, 0x00000000f6800000|100%| O|  |TAMS 0x00000000f6800000, 0x00000000f6400000| Untracked 
| 474|0x00000000f6800000, 0x00000000f6c00000, 0x00000000f6c00000|100%| O|  |TAMS 0x00000000f6c00000, 0x00000000f6800000| Untracked 
| 475|0x00000000f6c00000, 0x00000000f7000000, 0x00000000f7000000|100%| O|  |TAMS 0x00000000f7000000, 0x00000000f6c00000| Untracked 
| 476|0x00000000f7000000, 0x00000000f7400000, 0x00000000f7400000|100%| O|  |TAMS 0x00000000f7400000, 0x00000000f7000000| Untracked 
| 477|0x00000000f7400000, 0x00000000f7800000, 0x00000000f7800000|100%| O|  |TAMS 0x00000000f7800000, 0x00000000f7400000| Untracked 
| 478|0x00000000f7800000, 0x00000000f7c00000, 0x00000000f7c00000|100%| O|  |TAMS 0x00000000f7c00000, 0x00000000f7800000| Untracked 
| 479|0x00000000f7c00000, 0x00000000f8000000, 0x00000000f8000000|100%| O|  |TAMS 0x00000000f8000000, 0x00000000f7c00000| Untracked 
| 480|0x00000000f8000000, 0x00000000f8400000, 0x00000000f8400000|100%| O|  |TAMS 0x00000000f8400000, 0x00000000f8000000| Untracked 
| 481|0x00000000f8400000, 0x00000000f8800000, 0x00000000f8800000|100%| O|  |TAMS 0x00000000f8800000, 0x00000000f8400000| Untracked 
| 482|0x00000000f8800000, 0x00000000f8c00000, 0x00000000f8c00000|100%| O|  |TAMS 0x00000000f8c00000, 0x00000000f8800000| Untracked 
| 483|0x00000000f8c00000, 0x00000000f9000000, 0x00000000f9000000|100%| O|  |TAMS 0x00000000f9000000, 0x00000000f8c00000| Untracked 
| 484|0x00000000f9000000, 0x00000000f9400000, 0x00000000f9400000|100%| O|  |TAMS 0x00000000f9000000, 0x00000000f9000000| Untracked 
| 485|0x00000000f9400000, 0x00000000f9800000, 0x00000000f9800000|100%| O|  |TAMS 0x00000000f9400000, 0x00000000f9400000| Untracked 
| 486|0x00000000f9800000, 0x00000000f9c00000, 0x00000000f9c00000|100%| O|  |TAMS 0x00000000f9800000, 0x00000000f9800000| Untracked 
| 487|0x00000000f9c00000, 0x00000000fa000000, 0x00000000fa000000|100%| O|  |TAMS 0x00000000f9c00000, 0x00000000f9c00000| Untracked 
| 488|0x00000000fa000000, 0x00000000fa400000, 0x00000000fa400000|100%|HS|  |TAMS 0x00000000fa400000, 0x00000000fa000000| Complete 
| 489|0x00000000fa400000, 0x00000000fa800000, 0x00000000fa800000|100%|HC|  |TAMS 0x00000000fa800000, 0x00000000fa400000| Complete 
| 490|0x00000000fa800000, 0x00000000fac00000, 0x00000000fac00000|100%| O|  |TAMS 0x00000000fa800000, 0x00000000fa800000| Untracked 
| 491|0x00000000fac00000, 0x00000000fb000000, 0x00000000fb000000|100%| O|  |TAMS 0x00000000fac00000, 0x00000000fac00000| Untracked 
| 492|0x00000000fb000000, 0x00000000fb400000, 0x00000000fb400000|100%|HS|  |TAMS 0x00000000fb400000, 0x00000000fb000000| Complete 
| 493|0x00000000fb400000, 0x00000000fb800000, 0x00000000fb800000|100%|HC|  |TAMS 0x00000000fb800000, 0x00000000fb400000| Complete 
| 494|0x00000000fb800000, 0x00000000fbc00000, 0x00000000fbc00000|100%|HS|  |TAMS 0x00000000fb800000, 0x00000000fb800000| Complete 
| 495|0x00000000fbc00000, 0x00000000fc000000, 0x00000000fc000000|100%|HS|  |TAMS 0x00000000fbc00000, 0x00000000fbc00000| Complete 
| 496|0x00000000fc000000, 0x00000000fc400000, 0x00000000fc400000|100%|HS|  |TAMS 0x00000000fc400000, 0x00000000fc000000| Complete 
| 497|0x00000000fc400000, 0x00000000fc800000, 0x00000000fc800000|100%|HC|  |TAMS 0x00000000fc800000, 0x00000000fc400000| Complete 
| 498|0x00000000fc800000, 0x00000000fcc00000, 0x00000000fcc00000|100%|HS|  |TAMS 0x00000000fc800000, 0x00000000fc800000| Complete 
| 499|0x00000000fcc00000, 0x00000000fd000000, 0x00000000fd000000|100%|HS|  |TAMS 0x00000000fcc00000, 0x00000000fcc00000| Complete 
| 500|0x00000000fd000000, 0x00000000fd400000, 0x00000000fd400000|100%|HS|  |TAMS 0x00000000fd400000, 0x00000000fd000000| Complete 
| 501|0x00000000fd400000, 0x00000000fd800000, 0x00000000fd800000|100%|HC|  |TAMS 0x00000000fd800000, 0x00000000fd400000| Complete 
| 502|0x00000000fd800000, 0x00000000fdc00000, 0x00000000fdc00000|100%| O|  |TAMS 0x00000000fd800000, 0x00000000fd800000| Untracked 
| 503|0x00000000fdc00000, 0x00000000fe000000, 0x00000000fe000000|100%| O|  |TAMS 0x00000000fdc00000, 0x00000000fdc00000| Untracked 
| 504|0x00000000fe000000, 0x00000000fe400000, 0x00000000fe400000|100%|HS|  |TAMS 0x00000000fe400000, 0x00000000fe000000| Complete 
| 505|0x00000000fe400000, 0x00000000fe800000, 0x00000000fe800000|100%|HC|  |TAMS 0x00000000fe800000, 0x00000000fe400000| Complete 
| 506|0x00000000fe800000, 0x00000000fec00000, 0x00000000fec00000|100%|HS|  |TAMS 0x00000000fe800000, 0x00000000fe800000| Complete 
| 507|0x00000000fec00000, 0x00000000ff000000, 0x00000000ff000000|100%|HC|  |TAMS 0x00000000fec00000, 0x00000000fec00000| Complete 
| 508|0x00000000ff000000, 0x00000000ff400000, 0x00000000ff400000|100%|HS|  |TAMS 0x00000000ff400000, 0x00000000ff000000| Complete 
| 509|0x00000000ff400000, 0x00000000ff800000, 0x00000000ff800000|100%|HC|  |TAMS 0x00000000ff800000, 0x00000000ff400000| Complete 
| 510|0x00000000ff800000, 0x00000000ffc00000, 0x00000000ffc00000|100%| O|  |TAMS 0x00000000ff800000, 0x00000000ff800000| Untracked 
| 511|0x00000000ffc00000, 0x0000000100000000, 0x0000000100000000|100%| O|  |TAMS 0x00000000ffc00000, 0x00000000ffc00000| Untracked 
| 512|0x0000000100000000, 0x0000000100400000, 0x0000000100400000|100%|HS|  |TAMS 0x0000000100400000, 0x0000000100000000| Complete 
| 513|0x0000000100400000, 0x0000000100800000, 0x0000000100800000|100%|HC|  |TAMS 0x0000000100800000, 0x0000000100400000| Complete 
| 514|0x0000000100800000, 0x0000000100c00000, 0x0000000100c00000|100%|HS|  |TAMS 0x0000000100800000, 0x0000000100800000| Complete 
| 515|0x0000000100c00000, 0x0000000101000000, 0x0000000101000000|100%|HC|  |TAMS 0x0000000100c00000, 0x0000000100c00000| Complete 
| 516|0x0000000101000000, 0x0000000101400000, 0x0000000101400000|100%|HS|  |TAMS 0x0000000101400000, 0x0000000101000000| Complete 
| 517|0x0000000101400000, 0x0000000101800000, 0x0000000101800000|100%|HC|  |TAMS 0x0000000101800000, 0x0000000101400000| Complete 
| 518|0x0000000101800000, 0x0000000101c00000, 0x0000000101c00000|100%| O|  |TAMS 0x0000000101800000, 0x0000000101800000| Untracked 
| 519|0x0000000101c00000, 0x0000000102000000, 0x0000000102000000|100%| O|  |TAMS 0x0000000101c00000, 0x0000000101c00000| Untracked 
| 520|0x0000000102000000, 0x0000000102400000, 0x0000000102400000|100%| O|  |TAMS 0x0000000102400000, 0x0000000102000000| Untracked 
| 521|0x0000000102400000, 0x0000000102800000, 0x0000000102800000|100%| O|  |TAMS 0x0000000102800000, 0x0000000102400000| Untracked 
| 522|0x0000000102800000, 0x0000000102c00000, 0x0000000102c00000|100%| O|  |TAMS 0x0000000102c00000, 0x0000000102800000| Untracked 
| 523|0x0000000102c00000, 0x0000000103000000, 0x0000000103000000|100%| O|  |TAMS 0x0000000103000000, 0x0000000102c00000| Untracked 
| 524|0x0000000103000000, 0x0000000103400000, 0x0000000103400000|100%| O|  |TAMS 0x0000000103400000, 0x0000000103000000| Untracked 
| 525|0x0000000103400000, 0x0000000103800000, 0x0000000103800000|100%| O|  |TAMS 0x0000000103800000, 0x0000000103400000| Untracked 
| 526|0x0000000103800000, 0x0000000103c00000, 0x0000000103c00000|100%| O|  |TAMS 0x0000000103c00000, 0x0000000103800000| Untracked 
| 527|0x0000000103c00000, 0x0000000104000000, 0x0000000104000000|100%| O|  |TAMS 0x0000000104000000, 0x0000000103c00000| Untracked 
| 528|0x0000000104000000, 0x0000000104400000, 0x0000000104400000|100%| O|  |TAMS 0x0000000104400000, 0x0000000104000000| Untracked 
| 529|0x0000000104400000, 0x0000000104800000, 0x0000000104800000|100%| O|  |TAMS 0x0000000104800000, 0x0000000104400000| Untracked 
| 530|0x0000000104800000, 0x0000000104c00000, 0x0000000104c00000|100%| O|  |TAMS 0x0000000104c00000, 0x0000000104800000| Untracked 
| 531|0x0000000104c00000, 0x0000000105000000, 0x0000000105000000|100%| O|  |TAMS 0x0000000105000000, 0x0000000104c00000| Untracked 
| 532|0x0000000105000000, 0x0000000105400000, 0x0000000105400000|100%| O|  |TAMS 0x0000000105400000, 0x0000000105000000| Untracked 
| 533|0x0000000105400000, 0x0000000105800000, 0x0000000105800000|100%| O|  |TAMS 0x0000000105800000, 0x0000000105400000| Untracked 
| 534|0x0000000105800000, 0x0000000105c00000, 0x0000000105c00000|100%| O|  |TAMS 0x0000000105c00000, 0x0000000105800000| Untracked 
| 535|0x0000000105c00000, 0x0000000106000000, 0x0000000106000000|100%| O|  |TAMS 0x0000000106000000, 0x0000000105c00000| Untracked 
| 536|0x0000000106000000, 0x0000000106400000, 0x0000000106400000|100%| O|  |TAMS 0x0000000106400000, 0x0000000106000000| Untracked 
| 537|0x0000000106400000, 0x0000000106800000, 0x0000000106800000|100%| O|  |TAMS 0x0000000106800000, 0x0000000106400000| Untracked 
| 538|0x0000000106800000, 0x0000000106c00000, 0x0000000106c00000|100%| O|  |TAMS 0x0000000106c00000, 0x0000000106800000| Untracked 
| 539|0x0000000106c00000, 0x0000000107000000, 0x0000000107000000|100%| O|  |TAMS 0x0000000107000000, 0x0000000106c00000| Untracked 
| 540|0x0000000107000000, 0x0000000107400000, 0x0000000107400000|100%| O|  |TAMS 0x0000000107400000, 0x0000000107000000| Untracked 
| 541|0x0000000107400000, 0x0000000107800000, 0x0000000107800000|100%| O|  |TAMS 0x0000000107800000, 0x0000000107400000| Untracked 
| 542|0x0000000107800000, 0x0000000107c00000, 0x0000000107c00000|100%|HS|  |TAMS 0x0000000107c00000, 0x0000000107800000| Complete 
| 543|0x0000000107c00000, 0x0000000108000000, 0x0000000108000000|100%|HC|  |TAMS 0x0000000108000000, 0x0000000107c00000| Complete 
| 544|0x0000000108000000, 0x0000000108400000, 0x0000000108400000|100%|HS|  |TAMS 0x0000000108000000, 0x0000000108000000| Complete 
| 545|0x0000000108400000, 0x0000000108800000, 0x0000000108800000|100%|HC|  |TAMS 0x0000000108400000, 0x0000000108400000| Complete 
| 546|0x0000000108800000, 0x0000000108c00000, 0x0000000108c00000|100%|HS|  |TAMS 0x0000000108c00000, 0x0000000108800000| Complete 
| 547|0x0000000108c00000, 0x0000000109000000, 0x0000000109000000|100%|HC|  |TAMS 0x0000000109000000, 0x0000000108c00000| Complete 
| 548|0x0000000109000000, 0x0000000109400000, 0x0000000109400000|100%| O|  |TAMS 0x0000000109400000, 0x0000000109000000| Untracked 
| 549|0x0000000109400000, 0x0000000109800000, 0x0000000109800000|100%| O|  |TAMS 0x0000000109800000, 0x0000000109400000| Untracked 
| 550|0x0000000109800000, 0x0000000109c00000, 0x0000000109c00000|100%| O|  |TAMS 0x0000000109c00000, 0x0000000109800000| Untracked 
| 551|0x0000000109c00000, 0x000000010a000000, 0x000000010a000000|100%| O|  |TAMS 0x000000010a000000, 0x0000000109c00000| Untracked 
| 552|0x000000010a000000, 0x000000010a400000, 0x000000010a400000|100%| O|  |TAMS 0x000000010a400000, 0x000000010a000000| Untracked 
| 553|0x000000010a400000, 0x000000010a800000, 0x000000010a800000|100%| O|  |TAMS 0x000000010a800000, 0x000000010a400000| Untracked 
| 554|0x000000010a800000, 0x000000010ac00000, 0x000000010ac00000|100%| O|  |TAMS 0x000000010ac00000, 0x000000010a800000| Untracked 
| 555|0x000000010ac00000, 0x000000010b000000, 0x000000010b000000|100%| O|  |TAMS 0x000000010b000000, 0x000000010ac00000| Untracked 
| 556|0x000000010b000000, 0x000000010b400000, 0x000000010b400000|100%| O|  |TAMS 0x000000010b400000, 0x000000010b000000| Untracked 
| 557|0x000000010b400000, 0x000000010b800000, 0x000000010b800000|100%| O|  |TAMS 0x000000010b800000, 0x000000010b400000| Untracked 
| 558|0x000000010b800000, 0x000000010bc00000, 0x000000010bc00000|100%| O|  |TAMS 0x000000010bc00000, 0x000000010b800000| Untracked 
| 559|0x000000010bc00000, 0x000000010c000000, 0x000000010c000000|100%| O|  |TAMS 0x000000010c000000, 0x000000010bc00000| Untracked 
| 560|0x000000010c000000, 0x000000010c400000, 0x000000010c400000|100%| O|  |TAMS 0x000000010c400000, 0x000000010c000000| Untracked 
| 561|0x000000010c400000, 0x000000010c800000, 0x000000010c800000|100%| O|  |TAMS 0x000000010c800000, 0x000000010c400000| Untracked 
| 562|0x000000010c800000, 0x000000010cc00000, 0x000000010cc00000|100%| O|  |TAMS 0x000000010cc00000, 0x000000010c800000| Untracked 
| 563|0x000000010cc00000, 0x000000010d000000, 0x000000010d000000|100%| O|  |TAMS 0x000000010d000000, 0x000000010cc00000| Untracked 
| 564|0x000000010d000000, 0x000000010d400000, 0x000000010d400000|100%| O|  |TAMS 0x000000010d400000, 0x000000010d000000| Untracked 
| 565|0x000000010d400000, 0x000000010d800000, 0x000000010d800000|100%| O|  |TAMS 0x000000010d800000, 0x000000010d400000| Untracked 
| 566|0x000000010d800000, 0x000000010dc00000, 0x000000010dc00000|100%| O|  |TAMS 0x000000010dc00000, 0x000000010d800000| Untracked 
| 567|0x000000010dc00000, 0x000000010e000000, 0x000000010e000000|100%| O|  |TAMS 0x000000010e000000, 0x000000010dc00000| Untracked 
| 568|0x000000010e000000, 0x000000010e400000, 0x000000010e400000|100%| O|  |TAMS 0x000000010e400000, 0x000000010e000000| Untracked 
| 569|0x000000010e400000, 0x000000010e800000, 0x000000010e800000|100%| O|  |TAMS 0x000000010e800000, 0x000000010e400000| Untracked 
| 570|0x000000010e800000, 0x000000010ec00000, 0x000000010ec00000|100%| O|  |TAMS 0x000000010ec00000, 0x000000010e800000| Untracked 
| 571|0x000000010ec00000, 0x000000010f000000, 0x000000010f000000|100%| O|  |TAMS 0x000000010f000000, 0x000000010ec00000| Untracked 
| 572|0x000000010f000000, 0x000000010f400000, 0x000000010f400000|100%| O|  |TAMS 0x000000010f400000, 0x000000010f000000| Untracked 
| 573|0x000000010f400000, 0x000000010f800000, 0x000000010f800000|100%| O|  |TAMS 0x000000010f800000, 0x000000010f400000| Untracked 
| 574|0x000000010f800000, 0x000000010fc00000, 0x000000010fc00000|100%| O|  |TAMS 0x000000010fc00000, 0x000000010f800000| Untracked 
| 575|0x000000010fc00000, 0x0000000110000000, 0x0000000110000000|100%| O|  |TAMS 0x0000000110000000, 0x000000010fc00000| Untracked 
| 576|0x0000000110000000, 0x0000000110400000, 0x0000000110400000|100%| O|  |TAMS 0x0000000110400000, 0x0000000110000000| Untracked 
| 577|0x0000000110400000, 0x0000000110800000, 0x0000000110800000|100%| O|  |TAMS 0x0000000110800000, 0x0000000110400000| Untracked 
| 578|0x0000000110800000, 0x0000000110c00000, 0x0000000110c00000|100%| O|  |TAMS 0x0000000110c00000, 0x0000000110800000| Untracked 
| 579|0x0000000110c00000, 0x0000000111000000, 0x0000000111000000|100%| O|  |TAMS 0x0000000111000000, 0x0000000110c00000| Untracked 
| 580|0x0000000111000000, 0x0000000111400000, 0x0000000111400000|100%| O|  |TAMS 0x0000000111400000, 0x0000000111000000| Untracked 
| 581|0x0000000111400000, 0x0000000111800000, 0x0000000111800000|100%| O|  |TAMS 0x0000000111800000, 0x0000000111400000| Untracked 
| 582|0x0000000111800000, 0x0000000111c00000, 0x0000000111c00000|100%| O|  |TAMS 0x0000000111c00000, 0x0000000111800000| Untracked 
| 583|0x0000000111c00000, 0x0000000112000000, 0x0000000112000000|100%| O|  |TAMS 0x0000000112000000, 0x0000000111c00000| Untracked 
| 584|0x0000000112000000, 0x0000000112400000, 0x0000000112400000|100%| O|  |TAMS 0x0000000112400000, 0x0000000112000000| Untracked 
| 585|0x0000000112400000, 0x0000000112800000, 0x0000000112800000|100%| O|  |TAMS 0x0000000112800000, 0x0000000112400000| Untracked 
| 586|0x0000000112800000, 0x0000000112c00000, 0x0000000112c00000|100%| O|  |TAMS 0x0000000112c00000, 0x0000000112800000| Untracked 
| 587|0x0000000112c00000, 0x0000000113000000, 0x0000000113000000|100%| O|  |TAMS 0x0000000113000000, 0x0000000112c00000| Untracked 
| 588|0x0000000113000000, 0x0000000113400000, 0x0000000113400000|100%| O|  |TAMS 0x0000000113400000, 0x0000000113000000| Untracked 
| 589|0x0000000113400000, 0x0000000113800000, 0x0000000113800000|100%| O|  |TAMS 0x0000000113800000, 0x0000000113400000| Untracked 
| 590|0x0000000113800000, 0x0000000113c00000, 0x0000000113c00000|100%| O|  |TAMS 0x0000000113c00000, 0x0000000113800000| Untracked 
| 591|0x0000000113c00000, 0x0000000114000000, 0x0000000114000000|100%| O|  |TAMS 0x0000000114000000, 0x0000000113c00000| Untracked 
| 592|0x0000000114000000, 0x0000000114400000, 0x0000000114400000|100%| O|  |TAMS 0x0000000114400000, 0x0000000114000000| Untracked 
| 593|0x0000000114400000, 0x0000000114800000, 0x0000000114800000|100%| O|  |TAMS 0x0000000114800000, 0x0000000114400000| Untracked 
| 594|0x0000000114800000, 0x0000000114c00000, 0x0000000114c00000|100%| O|  |TAMS 0x0000000114c00000, 0x0000000114800000| Untracked 
| 595|0x0000000114c00000, 0x0000000115000000, 0x0000000115000000|100%| O|  |TAMS 0x0000000115000000, 0x0000000114c00000| Untracked 
| 596|0x0000000115000000, 0x0000000115400000, 0x0000000115400000|100%| O|  |TAMS 0x0000000115400000, 0x0000000115000000| Untracked 
| 597|0x0000000115400000, 0x0000000115800000, 0x0000000115800000|100%| O|  |TAMS 0x0000000115800000, 0x0000000115400000| Untracked 
| 598|0x0000000115800000, 0x0000000115c00000, 0x0000000115c00000|100%| O|  |TAMS 0x0000000115c00000, 0x0000000115800000| Untracked 
| 599|0x0000000115c00000, 0x0000000116000000, 0x0000000116000000|100%| O|  |TAMS 0x0000000116000000, 0x0000000115c00000| Untracked 
| 600|0x0000000116000000, 0x0000000116400000, 0x0000000116400000|100%| O|  |TAMS 0x0000000116400000, 0x0000000116000000| Untracked 
| 601|0x0000000116400000, 0x0000000116800000, 0x0000000116800000|100%| O|  |TAMS 0x0000000116800000, 0x0000000116400000| Untracked 
| 602|0x0000000116800000, 0x0000000116c00000, 0x0000000116c00000|100%| O|  |TAMS 0x0000000116c00000, 0x0000000116800000| Untracked 
| 603|0x0000000116c00000, 0x0000000117000000, 0x0000000117000000|100%| O|  |TAMS 0x0000000117000000, 0x0000000116c00000| Untracked 
| 604|0x0000000117000000, 0x0000000117400000, 0x0000000117400000|100%| O|  |TAMS 0x0000000117400000, 0x0000000117000000| Untracked 
| 605|0x0000000117400000, 0x0000000117800000, 0x0000000117800000|100%| O|  |TAMS 0x0000000117800000, 0x0000000117400000| Untracked 
| 606|0x0000000117800000, 0x0000000117c00000, 0x0000000117c00000|100%| O|  |TAMS 0x0000000117c00000, 0x0000000117800000| Untracked 
| 607|0x0000000117c00000, 0x0000000118000000, 0x0000000118000000|100%| O|  |TAMS 0x0000000118000000, 0x0000000117c00000| Untracked 
| 608|0x0000000118000000, 0x0000000118400000, 0x0000000118400000|100%| O|  |TAMS 0x0000000118400000, 0x0000000118000000| Untracked 
| 609|0x0000000118400000, 0x0000000118800000, 0x0000000118800000|100%| O|  |TAMS 0x0000000118800000, 0x0000000118400000| Untracked 
| 610|0x0000000118800000, 0x0000000118c00000, 0x0000000118c00000|100%| O|  |TAMS 0x0000000118c00000, 0x0000000118800000| Untracked 
| 611|0x0000000118c00000, 0x0000000119000000, 0x0000000119000000|100%| O|  |TAMS 0x0000000119000000, 0x0000000118c00000| Untracked 
| 612|0x0000000119000000, 0x0000000119400000, 0x0000000119400000|100%| O|  |TAMS 0x0000000119400000, 0x0000000119000000| Untracked 
| 613|0x0000000119400000, 0x0000000119800000, 0x0000000119800000|100%| O|  |TAMS 0x0000000119800000, 0x0000000119400000| Untracked 
| 614|0x0000000119800000, 0x0000000119c00000, 0x0000000119c00000|100%| O|  |TAMS 0x0000000119c00000, 0x0000000119800000| Untracked 
| 615|0x0000000119c00000, 0x000000011a000000, 0x000000011a000000|100%| O|  |TAMS 0x000000011a000000, 0x0000000119c00000| Untracked 
| 616|0x000000011a000000, 0x000000011a400000, 0x000000011a400000|100%| O|  |TAMS 0x000000011a400000, 0x000000011a000000| Untracked 
| 617|0x000000011a400000, 0x000000011a800000, 0x000000011a800000|100%| O|  |TAMS 0x000000011a800000, 0x000000011a400000| Untracked 
| 618|0x000000011a800000, 0x000000011ac00000, 0x000000011ac00000|100%| O|  |TAMS 0x000000011ac00000, 0x000000011a800000| Untracked 
| 619|0x000000011ac00000, 0x000000011b000000, 0x000000011b000000|100%| O|  |TAMS 0x000000011b000000, 0x000000011ac00000| Untracked 
| 620|0x000000011b000000, 0x000000011b400000, 0x000000011b400000|100%| O|  |TAMS 0x000000011b400000, 0x000000011b000000| Untracked 
| 621|0x000000011b400000, 0x000000011b800000, 0x000000011b800000|100%| O|  |TAMS 0x000000011b800000, 0x000000011b400000| Untracked 
| 622|0x000000011b800000, 0x000000011bc00000, 0x000000011bc00000|100%| O|  |TAMS 0x000000011bc00000, 0x000000011b800000| Untracked 
| 623|0x000000011bc00000, 0x000000011c000000, 0x000000011c000000|100%| O|  |TAMS 0x000000011c000000, 0x000000011bc00000| Untracked 
| 624|0x000000011c000000, 0x000000011c400000, 0x000000011c400000|100%|HS|  |TAMS 0x000000011c000000, 0x000000011c000000| Complete 
| 625|0x000000011c400000, 0x000000011c800000, 0x000000011c800000|100%|HC|  |TAMS 0x000000011c400000, 0x000000011c400000| Complete 
| 626|0x000000011c800000, 0x000000011cc00000, 0x000000011cc00000|100%|HS|  |TAMS 0x000000011c800000, 0x000000011c800000| Complete 
| 627|0x000000011cc00000, 0x000000011d000000, 0x000000011d000000|100%|HC|  |TAMS 0x000000011cc00000, 0x000000011cc00000| Complete 
| 628|0x000000011d000000, 0x000000011d400000, 0x000000011d400000|100%|HS|  |TAMS 0x000000011d400000, 0x000000011d000000| Complete 
| 629|0x000000011d400000, 0x000000011d800000, 0x000000011d800000|100%|HC|  |TAMS 0x000000011d800000, 0x000000011d400000| Complete 
| 630|0x000000011d800000, 0x000000011dc00000, 0x000000011dc00000|100%|HC|  |TAMS 0x000000011dc00000, 0x000000011d800000| Complete 
| 631|0x000000011dc00000, 0x000000011e000000, 0x000000011e000000|100%|HC|  |TAMS 0x000000011e000000, 0x000000011dc00000| Complete 
| 632|0x000000011e000000, 0x000000011e400000, 0x000000011e400000|100%| O|  |TAMS 0x000000011e000000, 0x000000011e000000| Untracked 
| 633|0x000000011e400000, 0x000000011e800000, 0x000000011e800000|100%|HS|  |TAMS 0x000000011e400000, 0x000000011e400000| Complete 
| 634|0x000000011e800000, 0x000000011ec00000, 0x000000011ec00000|100%|HC|  |TAMS 0x000000011e800000, 0x000000011e800000| Complete 
| 635|0x000000011ec00000, 0x000000011f000000, 0x000000011f000000|100%|HS|  |TAMS 0x000000011ec00000, 0x000000011ec00000| Complete 
| 636|0x000000011f000000, 0x000000011f400000, 0x000000011f400000|100%|HC|  |TAMS 0x000000011f000000, 0x000000011f000000| Complete 
| 637|0x000000011f400000, 0x000000011f800000, 0x000000011f800000|100%|HS|  |TAMS 0x000000011f800000, 0x000000011f400000| Complete 
| 638|0x000000011f800000, 0x000000011fc00000, 0x000000011fc00000|100%|HC|  |TAMS 0x000000011fc00000, 0x000000011f800000| Complete 
| 639|0x000000011fc00000, 0x0000000120000000, 0x0000000120000000|100%|HC|  |TAMS 0x0000000120000000, 0x000000011fc00000| Complete 
| 640|0x0000000120000000, 0x0000000120400000, 0x0000000120400000|100%|HC|  |TAMS 0x0000000120400000, 0x0000000120000000| Complete 
| 641|0x0000000120400000, 0x0000000120800000, 0x0000000120800000|100%| O|  |TAMS 0x0000000120400000, 0x0000000120400000| Untracked 
| 642|0x0000000120800000, 0x0000000120c00000, 0x0000000120c00000|100%|HS|  |TAMS 0x0000000120800000, 0x0000000120800000| Complete 
| 643|0x0000000120c00000, 0x0000000121000000, 0x0000000121000000|100%|HC|  |TAMS 0x0000000120c00000, 0x0000000120c00000| Complete 
| 644|0x0000000121000000, 0x0000000121400000, 0x0000000121400000|100%| O|  |TAMS 0x0000000121000000, 0x0000000121000000| Untracked 
| 645|0x0000000121400000, 0x0000000121800000, 0x0000000121800000|100%| O|  |TAMS 0x0000000121400000, 0x0000000121400000| Untracked 
| 646|0x0000000121800000, 0x0000000121c00000, 0x0000000121c00000|100%|HS|  |TAMS 0x0000000121c00000, 0x0000000121800000| Complete 
| 647|0x0000000121c00000, 0x0000000122000000, 0x0000000122000000|100%|HC|  |TAMS 0x0000000122000000, 0x0000000121c00000| Complete 
| 648|0x0000000122000000, 0x0000000122400000, 0x0000000122400000|100%|HC|  |TAMS 0x0000000122400000, 0x0000000122000000| Complete 
| 649|0x0000000122400000, 0x0000000122800000, 0x0000000122800000|100%|HC|  |TAMS 0x0000000122800000, 0x0000000122400000| Complete 
| 650|0x0000000122800000, 0x0000000122c00000, 0x0000000122c00000|100%| O|  |TAMS 0x0000000122800000, 0x0000000122800000| Untracked 
| 651|0x0000000122c00000, 0x0000000123000000, 0x0000000123000000|100%| O|  |TAMS 0x0000000122c00000, 0x0000000122c00000| Untracked 
| 652|0x0000000123000000, 0x0000000123400000, 0x0000000123400000|100%| O|  |TAMS 0x0000000123000000, 0x0000000123000000| Untracked 
| 653|0x0000000123400000, 0x0000000123800000, 0x0000000123800000|100%| O|  |TAMS 0x0000000123400000, 0x0000000123400000| Untracked 
| 654|0x0000000123800000, 0x0000000123c00000, 0x0000000123c00000|100%| O|  |TAMS 0x0000000123800000, 0x0000000123800000| Untracked 
| 655|0x0000000123c00000, 0x0000000124000000, 0x0000000124000000|100%|HS|  |TAMS 0x0000000124000000, 0x0000000123c00000| Complete 
| 656|0x0000000124000000, 0x0000000124400000, 0x0000000124400000|100%|HC|  |TAMS 0x0000000124400000, 0x0000000124000000| Complete 
| 657|0x0000000124400000, 0x0000000124800000, 0x0000000124800000|100%|HC|  |TAMS 0x0000000124800000, 0x0000000124400000| Complete 
| 658|0x0000000124800000, 0x0000000124c00000, 0x0000000124c00000|100%|HC|  |TAMS 0x0000000124c00000, 0x0000000124800000| Complete 
| 659|0x0000000124c00000, 0x0000000125000000, 0x0000000125000000|100%| O|  |TAMS 0x0000000124c00000, 0x0000000124c00000| Untracked 
| 660|0x0000000125000000, 0x0000000125400000, 0x0000000125400000|100%| O|  |TAMS 0x0000000125400000, 0x0000000125000000| Untracked 
| 661|0x0000000125400000, 0x0000000125800000, 0x0000000125800000|100%| O|  |TAMS 0x0000000125800000, 0x0000000125400000| Untracked 
| 662|0x0000000125800000, 0x0000000125c00000, 0x0000000125c00000|100%| O|  |TAMS 0x0000000125c00000, 0x0000000125800000| Untracked 
| 663|0x0000000125c00000, 0x0000000126000000, 0x0000000126000000|100%| O|  |TAMS 0x0000000126000000, 0x0000000125c00000| Untracked 
| 664|0x0000000126000000, 0x0000000126400000, 0x0000000126400000|100%| O|  |TAMS 0x0000000126400000, 0x0000000126000000| Untracked 
| 665|0x0000000126400000, 0x0000000126800000, 0x0000000126800000|100%| O|  |TAMS 0x0000000126800000, 0x0000000126400000| Untracked 
| 666|0x0000000126800000, 0x0000000126c00000, 0x0000000126c00000|100%| O|  |TAMS 0x0000000126c00000, 0x0000000126800000| Untracked 
| 667|0x0000000126c00000, 0x0000000127000000, 0x0000000127000000|100%| O|  |TAMS 0x0000000127000000, 0x0000000126c00000| Untracked 
| 668|0x0000000127000000, 0x0000000127400000, 0x0000000127400000|100%| O|  |TAMS 0x0000000127400000, 0x0000000127000000| Untracked 
| 669|0x0000000127400000, 0x0000000127800000, 0x0000000127800000|100%| O|  |TAMS 0x0000000127800000, 0x0000000127400000| Untracked 
| 670|0x0000000127800000, 0x0000000127c00000, 0x0000000127c00000|100%| O|  |TAMS 0x0000000127c00000, 0x0000000127800000| Untracked 
| 671|0x0000000127c00000, 0x0000000128000000, 0x0000000128000000|100%| O|  |TAMS 0x0000000128000000, 0x0000000127c00000| Untracked 
| 672|0x0000000128000000, 0x0000000128400000, 0x0000000128400000|100%| O|  |TAMS 0x0000000128400000, 0x0000000128000000| Untracked 
| 673|0x0000000128400000, 0x0000000128800000, 0x0000000128800000|100%| O|  |TAMS 0x0000000128800000, 0x0000000128400000| Untracked 
| 674|0x0000000128800000, 0x0000000128c00000, 0x0000000128c00000|100%| O|  |TAMS 0x0000000128c00000, 0x0000000128800000| Untracked 
| 675|0x0000000128c00000, 0x0000000129000000, 0x0000000129000000|100%| O|  |TAMS 0x0000000129000000, 0x0000000128c00000| Untracked 
| 676|0x0000000129000000, 0x0000000129400000, 0x0000000129400000|100%| O|  |TAMS 0x0000000129400000, 0x0000000129000000| Untracked 
| 677|0x0000000129400000, 0x0000000129800000, 0x0000000129800000|100%| O|  |TAMS 0x0000000129800000, 0x0000000129400000| Untracked 
| 678|0x0000000129800000, 0x0000000129c00000, 0x0000000129c00000|100%| O|  |TAMS 0x0000000129c00000, 0x0000000129800000| Untracked 
| 679|0x0000000129c00000, 0x000000012a000000, 0x000000012a000000|100%| O|  |TAMS 0x000000012a000000, 0x0000000129c00000| Untracked 
| 680|0x000000012a000000, 0x000000012a400000, 0x000000012a400000|100%| O|  |TAMS 0x000000012a400000, 0x000000012a000000| Untracked 
| 681|0x000000012a400000, 0x000000012a800000, 0x000000012a800000|100%| O|  |TAMS 0x000000012a800000, 0x000000012a400000| Untracked 
| 682|0x000000012a800000, 0x000000012ac00000, 0x000000012ac00000|100%| O|  |TAMS 0x000000012ac00000, 0x000000012a800000| Untracked 
| 683|0x000000012ac00000, 0x000000012b000000, 0x000000012b000000|100%| O|  |TAMS 0x000000012b000000, 0x000000012ac00000| Untracked 
| 684|0x000000012b000000, 0x000000012b400000, 0x000000012b400000|100%| O|  |TAMS 0x000000012b400000, 0x000000012b000000| Untracked 
| 685|0x000000012b400000, 0x000000012b800000, 0x000000012b800000|100%| O|  |TAMS 0x000000012b800000, 0x000000012b400000| Untracked 
| 686|0x000000012b800000, 0x000000012bc00000, 0x000000012bc00000|100%| O|  |TAMS 0x000000012bc00000, 0x000000012b800000| Untracked 
| 687|0x000000012bc00000, 0x000000012c000000, 0x000000012c000000|100%| O|  |TAMS 0x000000012c000000, 0x000000012bc00000| Untracked 
| 688|0x000000012c000000, 0x000000012c400000, 0x000000012c400000|100%| O|  |TAMS 0x000000012c400000, 0x000000012c000000| Untracked 
| 689|0x000000012c400000, 0x000000012c800000, 0x000000012c800000|100%| O|  |TAMS 0x000000012c800000, 0x000000012c400000| Untracked 
| 690|0x000000012c800000, 0x000000012cc00000, 0x000000012cc00000|100%| O|  |TAMS 0x000000012cc00000, 0x000000012c800000| Untracked 
| 691|0x000000012cc00000, 0x000000012d000000, 0x000000012d000000|100%| O|  |TAMS 0x000000012d000000, 0x000000012cc00000| Untracked 
| 692|0x000000012d000000, 0x000000012d400000, 0x000000012d400000|100%| O|  |TAMS 0x000000012d400000, 0x000000012d000000| Untracked 
| 693|0x000000012d400000, 0x000000012d800000, 0x000000012d800000|100%| O|  |TAMS 0x000000012d800000, 0x000000012d400000| Untracked 
| 694|0x000000012d800000, 0x000000012dc00000, 0x000000012dc00000|100%| O|  |TAMS 0x000000012dc00000, 0x000000012d800000| Untracked 
| 695|0x000000012dc00000, 0x000000012e000000, 0x000000012e000000|100%| O|  |TAMS 0x000000012e000000, 0x000000012dc00000| Untracked 
| 696|0x000000012e000000, 0x000000012e400000, 0x000000012e400000|100%| O|  |TAMS 0x000000012e400000, 0x000000012e000000| Untracked 
| 697|0x000000012e400000, 0x000000012e800000, 0x000000012e800000|100%| O|  |TAMS 0x000000012e800000, 0x000000012e400000| Untracked 
| 698|0x000000012e800000, 0x000000012ec00000, 0x000000012ec00000|100%| O|  |TAMS 0x000000012ec00000, 0x000000012e800000| Untracked 
| 699|0x000000012ec00000, 0x000000012f000000, 0x000000012f000000|100%| O|  |TAMS 0x000000012f000000, 0x000000012ec00000| Untracked 
| 700|0x000000012f000000, 0x000000012f400000, 0x000000012f400000|100%| O|  |TAMS 0x000000012f400000, 0x000000012f000000| Untracked 
| 701|0x000000012f400000, 0x000000012f800000, 0x000000012f800000|100%| O|  |TAMS 0x000000012f800000, 0x000000012f400000| Untracked 
| 702|0x000000012f800000, 0x000000012fc00000, 0x000000012fc00000|100%| O|  |TAMS 0x000000012fc00000, 0x000000012f800000| Untracked 
| 703|0x000000012fc00000, 0x0000000130000000, 0x0000000130000000|100%| O|  |TAMS 0x0000000130000000, 0x000000012fc00000| Untracked 
| 704|0x0000000130000000, 0x0000000130400000, 0x0000000130400000|100%| O|  |TAMS 0x0000000130400000, 0x0000000130000000| Untracked 
| 705|0x0000000130400000, 0x0000000130800000, 0x0000000130800000|100%| O|  |TAMS 0x0000000130800000, 0x0000000130400000| Untracked 
| 706|0x0000000130800000, 0x0000000130c00000, 0x0000000130c00000|100%| O|  |TAMS 0x0000000130c00000, 0x0000000130800000| Untracked 
| 707|0x0000000130c00000, 0x0000000131000000, 0x0000000131000000|100%| O|  |TAMS 0x0000000131000000, 0x0000000130c00000| Untracked 
| 708|0x0000000131000000, 0x0000000131400000, 0x0000000131400000|100%| O|  |TAMS 0x0000000131400000, 0x0000000131000000| Untracked 
| 709|0x0000000131400000, 0x0000000131800000, 0x0000000131800000|100%| O|  |TAMS 0x0000000131800000, 0x0000000131400000| Untracked 
| 710|0x0000000131800000, 0x0000000131c00000, 0x0000000131c00000|100%| O|  |TAMS 0x0000000131c00000, 0x0000000131800000| Untracked 
| 711|0x0000000131c00000, 0x0000000132000000, 0x0000000132000000|100%| O|  |TAMS 0x0000000132000000, 0x0000000131c00000| Untracked 
| 712|0x0000000132000000, 0x0000000132400000, 0x0000000132400000|100%| O|  |TAMS 0x0000000132200000, 0x0000000132000000| Untracked 
| 713|0x0000000132400000, 0x0000000132800000, 0x0000000132800000|100%|HS|  |TAMS 0x0000000132400000, 0x0000000132400000| Complete 
| 714|0x0000000132800000, 0x0000000132c00000, 0x0000000132c00000|100%|HC|  |TAMS 0x0000000132800000, 0x0000000132800000| Complete 
| 715|0x0000000132c00000, 0x0000000133000000, 0x0000000133000000|100%|HS|  |TAMS 0x0000000132c00000, 0x0000000132c00000| Complete 
| 716|0x0000000133000000, 0x0000000133400000, 0x0000000133400000|100%|HC|  |TAMS 0x0000000133000000, 0x0000000133000000| Complete 
| 717|0x0000000133400000, 0x0000000133800000, 0x0000000133800000|100%|HS|  |TAMS 0x0000000133400000, 0x0000000133400000| Complete 
| 718|0x0000000133800000, 0x0000000133c00000, 0x0000000133c00000|100%|HC|  |TAMS 0x0000000133800000, 0x0000000133800000| Complete 
| 719|0x0000000133c00000, 0x0000000134000000, 0x0000000134000000|100%|HC|  |TAMS 0x0000000133c00000, 0x0000000133c00000| Complete 
| 720|0x0000000134000000, 0x0000000134400000, 0x0000000134400000|100%|HC|  |TAMS 0x0000000134000000, 0x0000000134000000| Complete 
| 721|0x0000000134400000, 0x0000000134800000, 0x0000000134800000|100%| O|  |TAMS 0x0000000134400000, 0x0000000134400000| Untracked 
| 722|0x0000000134800000, 0x0000000134c00000, 0x0000000134c00000|100%| O|  |TAMS 0x0000000134800000, 0x0000000134800000| Untracked 
| 723|0x0000000134c00000, 0x0000000135000000, 0x0000000135000000|100%| O|  |TAMS 0x0000000134c00000, 0x0000000134c00000| Untracked 
| 724|0x0000000135000000, 0x0000000135400000, 0x0000000135400000|100%| O|  |TAMS 0x0000000135000000, 0x0000000135000000| Untracked 
| 725|0x0000000135400000, 0x0000000135800000, 0x0000000135800000|100%| O|  |TAMS 0x0000000135400000, 0x0000000135400000| Untracked 
| 726|0x0000000135800000, 0x0000000135c00000, 0x0000000135c00000|100%|HS|  |TAMS 0x0000000135800000, 0x0000000135800000| Complete 
| 727|0x0000000135c00000, 0x0000000136000000, 0x0000000136000000|100%|HC|  |TAMS 0x0000000135c00000, 0x0000000135c00000| Complete 
| 728|0x0000000136000000, 0x0000000136400000, 0x0000000136400000|100%|HC|  |TAMS 0x0000000136000000, 0x0000000136000000| Complete 
| 729|0x0000000136400000, 0x0000000136800000, 0x0000000136800000|100%|HC|  |TAMS 0x0000000136400000, 0x0000000136400000| Complete 
| 730|0x0000000136800000, 0x0000000136c00000, 0x0000000136c00000|100%| O|  |TAMS 0x0000000136800000, 0x0000000136800000| Untracked 
| 731|0x0000000136c00000, 0x0000000137000000, 0x0000000137000000|100%|HS|  |TAMS 0x0000000136c00000, 0x0000000136c00000| Complete 
| 732|0x0000000137000000, 0x0000000137400000, 0x0000000137400000|100%|HC|  |TAMS 0x0000000137000000, 0x0000000137000000| Complete 
| 733|0x0000000137400000, 0x0000000137400000, 0x0000000137800000|  0%| F|  |TAMS 0x0000000137400000, 0x0000000137400000| Untracked 
| 734|0x0000000137800000, 0x0000000137800000, 0x0000000137c00000|  0%| F|  |TAMS 0x0000000137800000, 0x0000000137800000| Untracked 
| 735|0x0000000137c00000, 0x0000000138000000, 0x0000000138000000|100%|HS|  |TAMS 0x0000000137c00000, 0x0000000137c00000| Complete 
| 736|0x0000000138000000, 0x0000000138400000, 0x0000000138400000|100%|HC|  |TAMS 0x0000000138000000, 0x0000000138000000| Complete 
| 737|0x0000000138400000, 0x0000000138800000, 0x0000000138800000|100%|HC|  |TAMS 0x0000000138400000, 0x0000000138400000| Complete 
| 738|0x0000000138800000, 0x0000000138c00000, 0x0000000138c00000|100%|HC|  |TAMS 0x0000000138800000, 0x0000000138800000| Complete 
| 739|0x0000000138c00000, 0x0000000138c00000, 0x0000000139000000|  0%| F|  |TAMS 0x0000000138c00000, 0x0000000138c00000| Untracked 
| 740|0x0000000139000000, 0x0000000139400000, 0x0000000139400000|100%|HS|  |TAMS 0x0000000139000000, 0x0000000139000000| Complete 
| 741|0x0000000139400000, 0x0000000139800000, 0x0000000139800000|100%|HC|  |TAMS 0x0000000139400000, 0x0000000139400000| Complete 
| 742|0x0000000139800000, 0x0000000139c00000, 0x0000000139c00000|100%|HS|  |TAMS 0x0000000139800000, 0x0000000139800000| Complete 
| 743|0x0000000139c00000, 0x000000013a000000, 0x000000013a000000|100%|HC|  |TAMS 0x0000000139c00000, 0x0000000139c00000| Complete 
| 744|0x000000013a000000, 0x000000013a400000, 0x000000013a400000|100%|HS|  |TAMS 0x000000013a000000, 0x000000013a000000| Complete 
| 745|0x000000013a400000, 0x000000013a800000, 0x000000013a800000|100%|HC|  |TAMS 0x000000013a400000, 0x000000013a400000| Complete 
| 746|0x000000013a800000, 0x000000013ac00000, 0x000000013ac00000|100%|HC|  |TAMS 0x000000013a800000, 0x000000013a800000| Complete 
| 747|0x000000013ac00000, 0x000000013b000000, 0x000000013b000000|100%|HC|  |TAMS 0x000000013ac00000, 0x000000013ac00000| Complete 
| 748|0x000000013b000000, 0x000000013b400000, 0x000000013b400000|100%| O|  |TAMS 0x000000013b000000, 0x000000013b000000| Untracked 
| 749|0x000000013b400000, 0x000000013b400000, 0x000000013b800000|  0%| F|  |TAMS 0x000000013b400000, 0x000000013b400000| Untracked 
| 750|0x000000013b800000, 0x000000013b800000, 0x000000013bc00000|  0%| F|  |TAMS 0x000000013b800000, 0x000000013b800000| Untracked 
| 751|0x000000013bc00000, 0x000000013bc00000, 0x000000013c000000|  0%| F|  |TAMS 0x000000013bc00000, 0x000000013bc00000| Untracked 
| 752|0x000000013c000000, 0x000000013c000000, 0x000000013c400000|  0%| F|  |TAMS 0x000000013c000000, 0x000000013c000000| Untracked 
| 753|0x000000013c400000, 0x000000013c800000, 0x000000013c800000|100%|HS|  |TAMS 0x000000013c400000, 0x000000013c400000| Complete 
| 754|0x000000013c800000, 0x000000013cc00000, 0x000000013cc00000|100%|HC|  |TAMS 0x000000013c800000, 0x000000013c800000| Complete 
| 755|0x000000013cc00000, 0x000000013d000000, 0x000000013d000000|100%|HC|  |TAMS 0x000000013cc00000, 0x000000013cc00000| Complete 
| 756|0x000000013d000000, 0x000000013d400000, 0x000000013d400000|100%|HC|  |TAMS 0x000000013d000000, 0x000000013d000000| Complete 
| 757|0x000000013d400000, 0x000000013d400000, 0x000000013d800000|  0%| F|  |TAMS 0x000000013d400000, 0x000000013d400000| Untracked 
| 758|0x000000013d800000, 0x000000013d800000, 0x000000013dc00000|  0%| F|  |TAMS 0x000000013d800000, 0x000000013d800000| Untracked 
| 759|0x000000013dc00000, 0x000000013dc00000, 0x000000013e000000|  0%| F|  |TAMS 0x000000013dc00000, 0x000000013dc00000| Untracked 
| 760|0x000000013e000000, 0x000000013e000000, 0x000000013e400000|  0%| F|  |TAMS 0x000000013e000000, 0x000000013e000000| Untracked 
| 761|0x000000013e400000, 0x000000013e400000, 0x000000013e800000|  0%| F|  |TAMS 0x000000013e400000, 0x000000013e400000| Untracked 
| 762|0x000000013e800000, 0x000000013ec00000, 0x000000013ec00000|100%|HS|  |TAMS 0x000000013e800000, 0x000000013e800000| Complete 
| 763|0x000000013ec00000, 0x000000013f000000, 0x000000013f000000|100%|HC|  |TAMS 0x000000013ec00000, 0x000000013ec00000| Complete 
| 764|0x000000013f000000, 0x000000013f400000, 0x000000013f400000|100%|HC|  |TAMS 0x000000013f000000, 0x000000013f000000| Complete 
| 765|0x000000013f400000, 0x000000013f800000, 0x000000013f800000|100%|HC|  |TAMS 0x000000013f400000, 0x000000013f400000| Complete 
| 766|0x000000013f800000, 0x000000013f800000, 0x000000013fc00000|  0%| F|  |TAMS 0x000000013f800000, 0x000000013f800000| Untracked 
| 767|0x000000013fc00000, 0x0000000140000000, 0x0000000140000000|100%|HS|  |TAMS 0x000000013fc00000, 0x000000013fc00000| Complete 
| 768|0x0000000140000000, 0x0000000140400000, 0x0000000140400000|100%|HC|  |TAMS 0x0000000140000000, 0x0000000140000000| Complete 
| 769|0x0000000140400000, 0x0000000140800000, 0x0000000140800000|100%|HC|  |TAMS 0x0000000140400000, 0x0000000140400000| Complete 
| 770|0x0000000140800000, 0x0000000140c00000, 0x0000000140c00000|100%|HC|  |TAMS 0x0000000140800000, 0x0000000140800000| Complete 
| 771|0x0000000140c00000, 0x0000000141000000, 0x0000000141000000|100%|HS|  |TAMS 0x0000000140c00000, 0x0000000140c00000| Complete 
| 772|0x0000000141000000, 0x0000000141400000, 0x0000000141400000|100%|HC|  |TAMS 0x0000000141000000, 0x0000000141000000| Complete 
| 773|0x0000000141400000, 0x0000000141800000, 0x0000000141800000|100%|HC|  |TAMS 0x0000000141400000, 0x0000000141400000| Complete 
| 774|0x0000000141800000, 0x0000000141c00000, 0x0000000141c00000|100%|HC|  |TAMS 0x0000000141800000, 0x0000000141800000| Complete 
| 775|0x0000000141c00000, 0x0000000142000000, 0x0000000142000000|100%|HS|  |TAMS 0x0000000141c00000, 0x0000000141c00000| Complete 
| 776|0x0000000142000000, 0x0000000142400000, 0x0000000142400000|100%| O|  |TAMS 0x0000000142000000, 0x0000000142000000| Untracked 
| 777|0x0000000142400000, 0x0000000142800000, 0x0000000142800000|100%| O|  |TAMS 0x0000000142400000, 0x0000000142400000| Untracked 
| 778|0x0000000142800000, 0x0000000142c00000, 0x0000000142c00000|100%| O|  |TAMS 0x0000000142800000, 0x0000000142800000| Untracked 
| 779|0x0000000142c00000, 0x0000000143000000, 0x0000000143000000|100%| O|  |TAMS 0x0000000142c00000, 0x0000000142c00000| Untracked 
| 780|0x0000000143000000, 0x0000000143400000, 0x0000000143400000|100%| O|  |TAMS 0x0000000143000000, 0x0000000143000000| Untracked 
| 781|0x0000000143400000, 0x0000000143800000, 0x0000000143800000|100%| O|  |TAMS 0x0000000143400000, 0x0000000143400000| Untracked 
| 782|0x0000000143800000, 0x0000000143c00000, 0x0000000143c00000|100%| O|  |TAMS 0x0000000143800000, 0x0000000143800000| Untracked 
| 783|0x0000000143c00000, 0x0000000144000000, 0x0000000144000000|100%| O|  |TAMS 0x0000000143c00000, 0x0000000143c00000| Untracked 
| 784|0x0000000144000000, 0x0000000144400000, 0x0000000144400000|100%| O|  |TAMS 0x0000000144000000, 0x0000000144000000| Untracked 
| 785|0x0000000144400000, 0x0000000144800000, 0x0000000144800000|100%| O|  |TAMS 0x0000000144400000, 0x0000000144400000| Untracked 
| 786|0x0000000144800000, 0x0000000144c00000, 0x0000000144c00000|100%| O|  |TAMS 0x0000000144800000, 0x0000000144800000| Untracked 
| 787|0x0000000144c00000, 0x0000000145000000, 0x0000000145000000|100%| O|  |TAMS 0x0000000144c00000, 0x0000000144c00000| Untracked 
| 788|0x0000000145000000, 0x0000000145400000, 0x0000000145400000|100%| O|  |TAMS 0x0000000145000000, 0x0000000145000000| Untracked 
| 789|0x0000000145400000, 0x0000000145800000, 0x0000000145800000|100%| O|  |TAMS 0x0000000145400000, 0x0000000145400000| Untracked 
| 790|0x0000000145800000, 0x0000000145c00000, 0x0000000145c00000|100%| O|  |TAMS 0x0000000145800000, 0x0000000145800000| Untracked 
| 791|0x0000000145c00000, 0x0000000146000000, 0x0000000146000000|100%| O|  |TAMS 0x0000000145c00000, 0x0000000145c00000| Untracked 
| 792|0x0000000146000000, 0x0000000146400000, 0x0000000146400000|100%| O|  |TAMS 0x0000000146000000, 0x0000000146000000| Untracked 
| 793|0x0000000146400000, 0x0000000146800000, 0x0000000146800000|100%| O|  |TAMS 0x0000000146400000, 0x0000000146400000| Untracked 
| 794|0x0000000146800000, 0x0000000146c00000, 0x0000000146c00000|100%| O|  |TAMS 0x0000000146800000, 0x0000000146800000| Untracked 
| 795|0x0000000146c00000, 0x0000000147000000, 0x0000000147000000|100%| O|  |TAMS 0x0000000146c00000, 0x0000000146c00000| Untracked 
| 796|0x0000000147000000, 0x0000000147400000, 0x0000000147400000|100%| O|  |TAMS 0x0000000147000000, 0x0000000147000000| Untracked 
| 797|0x0000000147400000, 0x0000000147800000, 0x0000000147800000|100%| O|  |TAMS 0x0000000147400000, 0x0000000147400000| Untracked 
| 798|0x0000000147800000, 0x0000000147c00000, 0x0000000147c00000|100%| O|  |TAMS 0x0000000147800000, 0x0000000147800000| Untracked 
| 799|0x0000000147c00000, 0x0000000148000000, 0x0000000148000000|100%| O|  |TAMS 0x0000000147c00000, 0x0000000147c00000| Untracked 
| 800|0x0000000148000000, 0x0000000148400000, 0x0000000148400000|100%| O|  |TAMS 0x0000000148000000, 0x0000000148000000| Untracked 
| 801|0x0000000148400000, 0x0000000148800000, 0x0000000148800000|100%| O|  |TAMS 0x0000000148400000, 0x0000000148400000| Untracked 
| 802|0x0000000148800000, 0x0000000148c00000, 0x0000000148c00000|100%| O|  |TAMS 0x0000000148800000, 0x0000000148800000| Untracked 
| 803|0x0000000148c00000, 0x0000000149000000, 0x0000000149000000|100%| O|  |TAMS 0x0000000148c00000, 0x0000000148c00000| Untracked 
| 804|0x0000000149000000, 0x0000000149400000, 0x0000000149400000|100%| O|  |TAMS 0x0000000149000000, 0x0000000149000000| Untracked 
| 805|0x0000000149400000, 0x0000000149800000, 0x0000000149800000|100%| O|  |TAMS 0x0000000149400000, 0x0000000149400000| Untracked 
| 806|0x0000000149800000, 0x0000000149c00000, 0x0000000149c00000|100%| O|  |TAMS 0x0000000149800000, 0x0000000149800000| Untracked 
| 807|0x0000000149c00000, 0x000000014a000000, 0x000000014a000000|100%| O|  |TAMS 0x0000000149c00000, 0x0000000149c00000| Untracked 
| 808|0x000000014a000000, 0x000000014a400000, 0x000000014a400000|100%| O|  |TAMS 0x000000014a000000, 0x000000014a000000| Untracked 
| 809|0x000000014a400000, 0x000000014a800000, 0x000000014a800000|100%| O|  |TAMS 0x000000014a400000, 0x000000014a400000| Untracked 
| 810|0x000000014a800000, 0x000000014ac00000, 0x000000014ac00000|100%| O|  |TAMS 0x000000014a800000, 0x000000014a800000| Untracked 
| 811|0x000000014ac00000, 0x000000014b000000, 0x000000014b000000|100%|HS|  |TAMS 0x000000014ac00000, 0x000000014ac00000| Complete 
| 812|0x000000014b000000, 0x000000014b400000, 0x000000014b400000|100%|HC|  |TAMS 0x000000014b000000, 0x000000014b000000| Complete 
| 813|0x000000014b400000, 0x000000014b800000, 0x000000014b800000|100%|HC|  |TAMS 0x000000014b400000, 0x000000014b400000| Complete 
| 814|0x000000014b800000, 0x000000014bc00000, 0x000000014bc00000|100%|HC|  |TAMS 0x000000014b800000, 0x000000014b800000| Complete 
| 815|0x000000014bc00000, 0x000000014c000000, 0x000000014c000000|100%|HS|  |TAMS 0x000000014bc00000, 0x000000014bc00000| Complete 
| 816|0x000000014c000000, 0x000000014c400000, 0x000000014c400000|100%|HC|  |TAMS 0x000000014c000000, 0x000000014c000000| Complete 
| 817|0x000000014c400000, 0x000000014c800000, 0x000000014c800000|100%|HC|  |TAMS 0x000000014c400000, 0x000000014c400000| Complete 
| 818|0x000000014c800000, 0x000000014cc00000, 0x000000014cc00000|100%|HC|  |TAMS 0x000000014c800000, 0x000000014c800000| Complete 
| 819|0x000000014cc00000, 0x000000014d000000, 0x000000014d000000|100%| O|  |TAMS 0x000000014cc00000, 0x000000014cc00000| Untracked 
| 820|0x000000014d000000, 0x000000014d400000, 0x000000014d400000|100%| O|  |TAMS 0x000000014d000000, 0x000000014d000000| Untracked 
| 821|0x000000014d400000, 0x000000014d800000, 0x000000014d800000|100%| O|  |TAMS 0x000000014d400000, 0x000000014d400000| Untracked 
| 822|0x000000014d800000, 0x000000014dc00000, 0x000000014dc00000|100%| O|  |TAMS 0x000000014d800000, 0x000000014d800000| Untracked 
| 823|0x000000014dc00000, 0x000000014e000000, 0x000000014e000000|100%| O|  |TAMS 0x000000014dc00000, 0x000000014dc00000| Untracked 
| 824|0x000000014e000000, 0x000000014e400000, 0x000000014e400000|100%| O|  |TAMS 0x000000014e000000, 0x000000014e000000| Untracked 
| 825|0x000000014e400000, 0x000000014e800000, 0x000000014e800000|100%| O|  |TAMS 0x000000014e400000, 0x000000014e400000| Untracked 
| 826|0x000000014e800000, 0x000000014ec00000, 0x000000014ec00000|100%| O|  |TAMS 0x000000014e800000, 0x000000014e800000| Untracked 
| 827|0x000000014ec00000, 0x000000014f000000, 0x000000014f000000|100%| O|  |TAMS 0x000000014ec00000, 0x000000014ec00000| Untracked 
| 828|0x000000014f000000, 0x000000014f400000, 0x000000014f400000|100%| O|  |TAMS 0x000000014f000000, 0x000000014f000000| Untracked 
| 829|0x000000014f400000, 0x000000014f800000, 0x000000014f800000|100%| O|  |TAMS 0x000000014f400000, 0x000000014f400000| Untracked 
| 830|0x000000014f800000, 0x000000014fc00000, 0x000000014fc00000|100%| O|  |TAMS 0x000000014f800000, 0x000000014f800000| Untracked 
| 831|0x000000014fc00000, 0x0000000150000000, 0x0000000150000000|100%| O|  |TAMS 0x000000014fc00000, 0x000000014fc00000| Untracked 
| 832|0x0000000150000000, 0x0000000150400000, 0x0000000150400000|100%| O|  |TAMS 0x0000000150000000, 0x0000000150000000| Untracked 
| 833|0x0000000150400000, 0x0000000150800000, 0x0000000150800000|100%| O|  |TAMS 0x0000000150400000, 0x0000000150400000| Untracked 
| 834|0x0000000150800000, 0x0000000150c00000, 0x0000000150c00000|100%| O|  |TAMS 0x0000000150800000, 0x0000000150800000| Untracked 
| 835|0x0000000150c00000, 0x0000000151000000, 0x0000000151000000|100%| O|  |TAMS 0x0000000150c00000, 0x0000000150c00000| Untracked 
| 836|0x0000000151000000, 0x0000000151400000, 0x0000000151400000|100%| O|  |TAMS 0x0000000151000000, 0x0000000151000000| Untracked 
| 837|0x0000000151400000, 0x0000000151800000, 0x0000000151800000|100%| O|  |TAMS 0x0000000151400000, 0x0000000151400000| Untracked 
| 838|0x0000000151800000, 0x0000000151c00000, 0x0000000151c00000|100%| O|  |TAMS 0x0000000151800000, 0x0000000151800000| Untracked 
| 839|0x0000000151c00000, 0x0000000152000000, 0x0000000152000000|100%| O|  |TAMS 0x0000000151c00000, 0x0000000151c00000| Untracked 
| 840|0x0000000152000000, 0x0000000152400000, 0x0000000152400000|100%| O|  |TAMS 0x0000000152000000, 0x0000000152000000| Untracked 
| 841|0x0000000152400000, 0x0000000152800000, 0x0000000152800000|100%| O|  |TAMS 0x0000000152400000, 0x0000000152400000| Untracked 
| 842|0x0000000152800000, 0x0000000152c00000, 0x0000000152c00000|100%| O|  |TAMS 0x0000000152800000, 0x0000000152800000| Untracked 
| 843|0x0000000152c00000, 0x0000000153000000, 0x0000000153000000|100%| O|  |TAMS 0x0000000152c00000, 0x0000000152c00000| Untracked 
| 844|0x0000000153000000, 0x0000000153400000, 0x0000000153400000|100%| O|  |TAMS 0x0000000153000000, 0x0000000153000000| Untracked 
| 845|0x0000000153400000, 0x0000000153800000, 0x0000000153800000|100%| O|  |TAMS 0x0000000153400000, 0x0000000153400000| Untracked 
| 846|0x0000000153800000, 0x0000000153c00000, 0x0000000153c00000|100%| O|  |TAMS 0x0000000153800000, 0x0000000153800000| Untracked 
| 847|0x0000000153c00000, 0x0000000154000000, 0x0000000154000000|100%| O|  |TAMS 0x0000000153c00000, 0x0000000153c00000| Untracked 
| 848|0x0000000154000000, 0x0000000154400000, 0x0000000154400000|100%| O|  |TAMS 0x0000000154000000, 0x0000000154000000| Untracked 
| 849|0x0000000154400000, 0x0000000154400000, 0x0000000154800000|  0%| F|  |TAMS 0x0000000154400000, 0x0000000154400000| Untracked 
| 850|0x0000000154800000, 0x0000000154800000, 0x0000000154c00000|  0%| F|  |TAMS 0x0000000154800000, 0x0000000154800000| Untracked 
| 851|0x0000000154c00000, 0x0000000154c00000, 0x0000000155000000|  0%| F|  |TAMS 0x0000000154c00000, 0x0000000154c00000| Untracked 
| 852|0x0000000155000000, 0x0000000155000000, 0x0000000155400000|  0%| F|  |TAMS 0x0000000155000000, 0x0000000155000000| Untracked 
| 853|0x0000000155400000, 0x0000000155800000, 0x0000000155800000|100%|HS|  |TAMS 0x0000000155400000, 0x0000000155400000| Complete 
| 854|0x0000000155800000, 0x0000000155c00000, 0x0000000155c00000|100%|HC|  |TAMS 0x0000000155800000, 0x0000000155800000| Complete 
| 855|0x0000000155c00000, 0x0000000156000000, 0x0000000156000000|100%|HC|  |TAMS 0x0000000155c00000, 0x0000000155c00000| Complete 
| 856|0x0000000156000000, 0x0000000156400000, 0x0000000156400000|100%|HC|  |TAMS 0x0000000156000000, 0x0000000156000000| Complete 
| 857|0x0000000156400000, 0x0000000156400000, 0x0000000156800000|  0%| F|  |TAMS 0x0000000156400000, 0x0000000156400000| Untracked 
| 858|0x0000000156800000, 0x0000000156800000, 0x0000000156c00000|  0%| F|  |TAMS 0x0000000156800000, 0x0000000156800000| Untracked 
| 859|0x0000000156c00000, 0x0000000156c00000, 0x0000000157000000|  0%| F|  |TAMS 0x0000000156c00000, 0x0000000156c00000| Untracked 
| 860|0x0000000157000000, 0x0000000157000000, 0x0000000157400000|  0%| F|  |TAMS 0x0000000157000000, 0x0000000157000000| Untracked 
| 861|0x0000000157400000, 0x0000000157800000, 0x0000000157800000|100%|HS|  |TAMS 0x0000000157400000, 0x0000000157400000| Complete 
| 862|0x0000000157800000, 0x0000000157c00000, 0x0000000157c00000|100%|HC|  |TAMS 0x0000000157800000, 0x0000000157800000| Complete 
| 863|0x0000000157c00000, 0x0000000158000000, 0x0000000158000000|100%|HC|  |TAMS 0x0000000157c00000, 0x0000000157c00000| Complete 
| 864|0x0000000158000000, 0x0000000158400000, 0x0000000158400000|100%|HC|  |TAMS 0x0000000158000000, 0x0000000158000000| Complete 
| 865|0x0000000158400000, 0x0000000158800000, 0x0000000158800000|100%|HS|  |TAMS 0x0000000158400000, 0x0000000158400000| Complete 
| 866|0x0000000158800000, 0x0000000158c00000, 0x0000000158c00000|100%|HC|  |TAMS 0x0000000158800000, 0x0000000158800000| Complete 
| 867|0x0000000158c00000, 0x0000000159000000, 0x0000000159000000|100%|HC|  |TAMS 0x0000000158c00000, 0x0000000158c00000| Complete 
| 868|0x0000000159000000, 0x0000000159400000, 0x0000000159400000|100%|HC|  |TAMS 0x0000000159000000, 0x0000000159000000| Complete 
| 869|0x0000000159400000, 0x0000000159800000, 0x0000000159800000|100%|HS|  |TAMS 0x0000000159400000, 0x0000000159400000| Complete 
| 870|0x0000000159800000, 0x0000000159c00000, 0x0000000159c00000|100%|HC|  |TAMS 0x0000000159800000, 0x0000000159800000| Complete 
| 871|0x0000000159c00000, 0x000000015a000000, 0x000000015a000000|100%|HC|  |TAMS 0x0000000159c00000, 0x0000000159c00000| Complete 
| 872|0x000000015a000000, 0x000000015a400000, 0x000000015a400000|100%|HC|  |TAMS 0x000000015a000000, 0x000000015a000000| Complete 
| 873|0x000000015a400000, 0x000000015a800000, 0x000000015a800000|100%|HS|  |TAMS 0x000000015a400000, 0x000000015a400000| Complete 
| 874|0x000000015a800000, 0x000000015ac00000, 0x000000015ac00000|100%|HS|  |TAMS 0x000000015a800000, 0x000000015a800000| Complete 
| 875|0x000000015ac00000, 0x000000015b000000, 0x000000015b000000|100%|HS|  |TAMS 0x000000015ac00000, 0x000000015ac00000| Complete 
| 876|0x000000015b000000, 0x000000015b400000, 0x000000015b400000|100%|HC|  |TAMS 0x000000015b000000, 0x000000015b000000| Complete 
| 877|0x000000015b400000, 0x000000015b800000, 0x000000015b800000|100%| O|  |TAMS 0x000000015b400000, 0x000000015b400000| Untracked 
| 878|0x000000015b800000, 0x000000015bc00000, 0x000000015bc00000|100%| O|  |TAMS 0x000000015b800000, 0x000000015b800000| Untracked 
| 879|0x000000015bc00000, 0x000000015c000000, 0x000000015c000000|100%| O|  |TAMS 0x000000015bc00000, 0x000000015bc00000| Untracked 
| 880|0x000000015c000000, 0x000000015c400000, 0x000000015c400000|100%| O|  |TAMS 0x000000015c000000, 0x000000015c000000| Untracked 
| 881|0x000000015c400000, 0x000000015c800000, 0x000000015c800000|100%| O|  |TAMS 0x000000015c400000, 0x000000015c400000| Untracked 
| 882|0x000000015c800000, 0x000000015cc00000, 0x000000015cc00000|100%| O|  |TAMS 0x000000015c800000, 0x000000015c800000| Untracked 
| 883|0x000000015cc00000, 0x000000015d000000, 0x000000015d000000|100%| O|  |TAMS 0x000000015cc00000, 0x000000015cc00000| Untracked 
| 884|0x000000015d000000, 0x000000015d400000, 0x000000015d400000|100%| O|  |TAMS 0x000000015d000000, 0x000000015d000000| Untracked 
| 885|0x000000015d400000, 0x000000015d800000, 0x000000015d800000|100%| O|  |TAMS 0x000000015d400000, 0x000000015d400000| Untracked 
| 886|0x000000015d800000, 0x000000015dc00000, 0x000000015dc00000|100%| O|  |TAMS 0x000000015d800000, 0x000000015d800000| Untracked 
| 887|0x000000015dc00000, 0x000000015e000000, 0x000000015e000000|100%| O|  |TAMS 0x000000015dc00000, 0x000000015dc00000| Untracked 
| 888|0x000000015e000000, 0x000000015e400000, 0x000000015e400000|100%| O|  |TAMS 0x000000015e000000, 0x000000015e000000| Untracked 
| 889|0x000000015e400000, 0x000000015e800000, 0x000000015e800000|100%| O|  |TAMS 0x000000015e400000, 0x000000015e400000| Untracked 
| 890|0x000000015e800000, 0x000000015ec00000, 0x000000015ec00000|100%| O|  |TAMS 0x000000015e800000, 0x000000015e800000| Untracked 
| 891|0x000000015ec00000, 0x000000015f000000, 0x000000015f000000|100%| O|  |TAMS 0x000000015ec00000, 0x000000015ec00000| Untracked 
| 892|0x000000015f000000, 0x000000015f400000, 0x000000015f400000|100%| O|  |TAMS 0x000000015f000000, 0x000000015f000000| Untracked 
| 893|0x000000015f400000, 0x000000015f800000, 0x000000015f800000|100%| O|  |TAMS 0x000000015f400000, 0x000000015f400000| Untracked 
| 894|0x000000015f800000, 0x000000015fc00000, 0x000000015fc00000|100%| O|  |TAMS 0x000000015f800000, 0x000000015f800000| Untracked 
| 895|0x000000015fc00000, 0x0000000160000000, 0x0000000160000000|100%| O|  |TAMS 0x000000015fc00000, 0x000000015fc00000| Untracked 
| 896|0x0000000160000000, 0x0000000160400000, 0x0000000160400000|100%| O|  |TAMS 0x0000000160000000, 0x0000000160000000| Untracked 
| 897|0x0000000160400000, 0x0000000160800000, 0x0000000160800000|100%| O|  |TAMS 0x0000000160400000, 0x0000000160400000| Untracked 
| 898|0x0000000160800000, 0x0000000160c00000, 0x0000000160c00000|100%| O|  |TAMS 0x0000000160800000, 0x0000000160800000| Untracked 
| 899|0x0000000160c00000, 0x0000000161000000, 0x0000000161000000|100%| O|  |TAMS 0x0000000160c00000, 0x0000000160c00000| Untracked 
| 900|0x0000000161000000, 0x0000000161400000, 0x0000000161400000|100%| O|  |TAMS 0x0000000161000000, 0x0000000161000000| Untracked 
| 901|0x0000000161400000, 0x0000000161800000, 0x0000000161800000|100%| O|  |TAMS 0x0000000161400000, 0x0000000161400000| Untracked 
| 902|0x0000000161800000, 0x0000000161c00000, 0x0000000161c00000|100%| O|  |TAMS 0x0000000161800000, 0x0000000161800000| Untracked 
| 903|0x0000000161c00000, 0x0000000162000000, 0x0000000162000000|100%| O|  |TAMS 0x0000000161c00000, 0x0000000161c00000| Untracked 
| 904|0x0000000162000000, 0x0000000162400000, 0x0000000162400000|100%| O|  |TAMS 0x0000000162000000, 0x0000000162000000| Untracked 
| 905|0x0000000162400000, 0x0000000162800000, 0x0000000162800000|100%| O|  |TAMS 0x0000000162400000, 0x0000000162400000| Untracked 
| 906|0x0000000162800000, 0x0000000162c00000, 0x0000000162c00000|100%| O|  |TAMS 0x0000000162800000, 0x0000000162800000| Untracked 
| 907|0x0000000162c00000, 0x0000000163000000, 0x0000000163000000|100%| O|  |TAMS 0x0000000162c00000, 0x0000000162c00000| Untracked 
| 908|0x0000000163000000, 0x0000000163400000, 0x0000000163400000|100%| O|  |TAMS 0x0000000163000000, 0x0000000163000000| Untracked 
| 909|0x0000000163400000, 0x0000000163800000, 0x0000000163800000|100%| O|  |TAMS 0x0000000163400000, 0x0000000163400000| Untracked 
| 910|0x0000000163800000, 0x0000000163c00000, 0x0000000163c00000|100%| O|  |TAMS 0x0000000163800000, 0x0000000163800000| Untracked 
| 911|0x0000000163c00000, 0x0000000164000000, 0x0000000164000000|100%| O|  |TAMS 0x0000000163c00000, 0x0000000163c00000| Untracked 
| 912|0x0000000164000000, 0x0000000164400000, 0x0000000164400000|100%| O|  |TAMS 0x0000000164000000, 0x0000000164000000| Untracked 
| 913|0x0000000164400000, 0x0000000164800000, 0x0000000164800000|100%| O|  |TAMS 0x0000000164400000, 0x0000000164400000| Untracked 
| 914|0x0000000164800000, 0x0000000164c00000, 0x0000000164c00000|100%| O|  |TAMS 0x0000000164800000, 0x0000000164800000| Untracked 
| 915|0x0000000164c00000, 0x0000000165000000, 0x0000000165000000|100%| O|  |TAMS 0x0000000164c00000, 0x0000000164c00000| Untracked 
| 916|0x0000000165000000, 0x0000000165400000, 0x0000000165400000|100%| O|  |TAMS 0x0000000165000000, 0x0000000165000000| Untracked 
| 917|0x0000000165400000, 0x0000000165800000, 0x0000000165800000|100%| O|  |TAMS 0x0000000165400000, 0x0000000165400000| Untracked 
| 918|0x0000000165800000, 0x0000000165c00000, 0x0000000165c00000|100%| O|  |TAMS 0x0000000165800000, 0x0000000165800000| Untracked 
| 919|0x0000000165c00000, 0x0000000166000000, 0x0000000166000000|100%| O|  |TAMS 0x0000000165c00000, 0x0000000165c00000| Untracked 
| 920|0x0000000166000000, 0x0000000166400000, 0x0000000166400000|100%| O|  |TAMS 0x0000000166000000, 0x0000000166000000| Untracked 
| 921|0x0000000166400000, 0x0000000166800000, 0x0000000166800000|100%| O|  |TAMS 0x0000000166400000, 0x0000000166400000| Untracked 
| 922|0x0000000166800000, 0x0000000166c00000, 0x0000000166c00000|100%| O|  |TAMS 0x0000000166800000, 0x0000000166800000| Untracked 
| 923|0x0000000166c00000, 0x0000000167000000, 0x0000000167000000|100%|HS|  |TAMS 0x0000000166c00000, 0x0000000166c00000| Complete 
| 924|0x0000000167000000, 0x0000000167400000, 0x0000000167400000|100%|HC|  |TAMS 0x0000000167000000, 0x0000000167000000| Complete 
| 925|0x0000000167400000, 0x0000000167800000, 0x0000000167800000|100%|HC|  |TAMS 0x0000000167400000, 0x0000000167400000| Complete 
| 926|0x0000000167800000, 0x0000000167c00000, 0x0000000167c00000|100%|HC|  |TAMS 0x0000000167800000, 0x0000000167800000| Complete 
| 927|0x0000000167c00000, 0x0000000168000000, 0x0000000168000000|100%|HS|  |TAMS 0x0000000167c00000, 0x0000000167c00000| Complete 
| 928|0x0000000168000000, 0x0000000168400000, 0x0000000168400000|100%|HC|  |TAMS 0x0000000168000000, 0x0000000168000000| Complete 
| 929|0x0000000168400000, 0x0000000168800000, 0x0000000168800000|100%|HC|  |TAMS 0x0000000168400000, 0x0000000168400000| Complete 
| 930|0x0000000168800000, 0x0000000168c00000, 0x0000000168c00000|100%|HC|  |TAMS 0x0000000168800000, 0x0000000168800000| Complete 
| 931|0x0000000168c00000, 0x0000000169000000, 0x0000000169000000|100%|HS|  |TAMS 0x0000000168c00000, 0x0000000168c00000| Complete 
| 932|0x0000000169000000, 0x0000000169400000, 0x0000000169400000|100%|HC|  |TAMS 0x0000000169000000, 0x0000000169000000| Complete 
| 933|0x0000000169400000, 0x0000000169800000, 0x0000000169800000|100%|HS|  |TAMS 0x0000000169400000, 0x0000000169400000| Complete 
| 934|0x0000000169800000, 0x0000000169c00000, 0x0000000169c00000|100%|HC|  |TAMS 0x0000000169800000, 0x0000000169800000| Complete 
| 935|0x0000000169c00000, 0x000000016a000000, 0x000000016a000000|100%|HS|  |TAMS 0x0000000169c00000, 0x0000000169c00000| Complete 
| 936|0x000000016a000000, 0x000000016a400000, 0x000000016a400000|100%|HC|  |TAMS 0x000000016a000000, 0x000000016a000000| Complete 
| 937|0x000000016a400000, 0x000000016a800000, 0x000000016a800000|100%|HS|  |TAMS 0x000000016a400000, 0x000000016a400000| Complete 
| 938|0x000000016a800000, 0x000000016ac00000, 0x000000016ac00000|100%|HC|  |TAMS 0x000000016a800000, 0x000000016a800000| Complete 
| 939|0x000000016ac00000, 0x000000016b000000, 0x000000016b000000|100%|HS|  |TAMS 0x000000016ac00000, 0x000000016ac00000| Complete 
| 940|0x000000016b000000, 0x000000016b400000, 0x000000016b400000|100%|HS|  |TAMS 0x000000016b000000, 0x000000016b000000| Complete 
| 941|0x000000016b400000, 0x000000016b800000, 0x000000016b800000|100%|HS|  |TAMS 0x000000016b400000, 0x000000016b400000| Complete 
| 942|0x000000016b800000, 0x000000016bc00000, 0x000000016bc00000|100%|HC|  |TAMS 0x000000016b800000, 0x000000016b800000| Complete 
| 943|0x000000016bc00000, 0x000000016c000000, 0x000000016c000000|100%|HS|  |TAMS 0x000000016bc00000, 0x000000016bc00000| Complete 
| 944|0x000000016c000000, 0x000000016c400000, 0x000000016c400000|100%|HC|  |TAMS 0x000000016c000000, 0x000000016c000000| Complete 
| 945|0x000000016c400000, 0x000000016c800000, 0x000000016c800000|100%|HS|  |TAMS 0x000000016c400000, 0x000000016c400000| Complete 
| 946|0x000000016c800000, 0x000000016cc00000, 0x000000016cc00000|100%|HC|  |TAMS 0x000000016c800000, 0x000000016c800000| Complete 
| 947|0x000000016cc00000, 0x000000016d000000, 0x000000016d000000|100%| O|  |TAMS 0x000000016cc00000, 0x000000016cc00000| Untracked 
| 948|0x000000016d000000, 0x000000016d400000, 0x000000016d400000|100%| O|  |TAMS 0x000000016d000000, 0x000000016d000000| Untracked 
| 949|0x000000016d400000, 0x000000016d800000, 0x000000016d800000|100%| O|  |TAMS 0x000000016d400000, 0x000000016d400000| Untracked 
| 950|0x000000016d800000, 0x000000016dc00000, 0x000000016dc00000|100%| O|  |TAMS 0x000000016d800000, 0x000000016d800000| Untracked 
| 951|0x000000016dc00000, 0x000000016e000000, 0x000000016e000000|100%| O|  |TAMS 0x000000016dc00000, 0x000000016dc00000| Untracked 
| 952|0x000000016e000000, 0x000000016e400000, 0x000000016e400000|100%| O|  |TAMS 0x000000016e000000, 0x000000016e000000| Untracked 
| 953|0x000000016e400000, 0x000000016e800000, 0x000000016e800000|100%| O|  |TAMS 0x000000016e400000, 0x000000016e400000| Untracked 
| 954|0x000000016e800000, 0x000000016ec00000, 0x000000016ec00000|100%| O|  |TAMS 0x000000016e800000, 0x000000016e800000| Untracked 
| 955|0x000000016ec00000, 0x000000016f000000, 0x000000016f000000|100%| O|  |TAMS 0x000000016ec00000, 0x000000016ec00000| Untracked 
| 956|0x000000016f000000, 0x000000016f400000, 0x000000016f400000|100%| O|  |TAMS 0x000000016f000000, 0x000000016f000000| Untracked 
| 957|0x000000016f400000, 0x000000016f800000, 0x000000016f800000|100%| O|  |TAMS 0x000000016f400000, 0x000000016f400000| Untracked 
| 958|0x000000016f800000, 0x000000016fc00000, 0x000000016fc00000|100%| O|  |TAMS 0x000000016f800000, 0x000000016f800000| Untracked 
| 959|0x000000016fc00000, 0x0000000170000000, 0x0000000170000000|100%| O|  |TAMS 0x000000016fc00000, 0x000000016fc00000| Untracked 
| 960|0x0000000170000000, 0x0000000170400000, 0x0000000170400000|100%| O|  |TAMS 0x0000000170000000, 0x0000000170000000| Untracked 
| 961|0x0000000170400000, 0x0000000170800000, 0x0000000170800000|100%| O|  |TAMS 0x0000000170400000, 0x0000000170400000| Untracked 
| 962|0x0000000170800000, 0x0000000170c00000, 0x0000000170c00000|100%| O|  |TAMS 0x0000000170800000, 0x0000000170800000| Untracked 
| 963|0x0000000170c00000, 0x0000000171000000, 0x0000000171000000|100%| O|  |TAMS 0x0000000170c00000, 0x0000000170c00000| Untracked 
| 964|0x0000000171000000, 0x0000000171400000, 0x0000000171400000|100%| O|  |TAMS 0x0000000171000000, 0x0000000171000000| Untracked 
| 965|0x0000000171400000, 0x0000000171800000, 0x0000000171800000|100%| O|  |TAMS 0x0000000171400000, 0x0000000171400000| Untracked 
| 966|0x0000000171800000, 0x0000000171c00000, 0x0000000171c00000|100%| O|  |TAMS 0x0000000171800000, 0x0000000171800000| Untracked 
| 967|0x0000000171c00000, 0x0000000172000000, 0x0000000172000000|100%| O|  |TAMS 0x0000000171c00000, 0x0000000171c00000| Untracked 
| 968|0x0000000172000000, 0x0000000172400000, 0x0000000172400000|100%| O|  |TAMS 0x0000000172000000, 0x0000000172000000| Untracked 
| 969|0x0000000172400000, 0x0000000172800000, 0x0000000172800000|100%| O|  |TAMS 0x0000000172400000, 0x0000000172400000| Untracked 
| 970|0x0000000172800000, 0x0000000172c00000, 0x0000000172c00000|100%| O|  |TAMS 0x0000000172800000, 0x0000000172800000| Untracked 
| 971|0x0000000172c00000, 0x0000000173000000, 0x0000000173000000|100%| O|  |TAMS 0x0000000172c00000, 0x0000000172c00000| Untracked 
| 972|0x0000000173000000, 0x0000000173400000, 0x0000000173400000|100%| O|  |TAMS 0x0000000173000000, 0x0000000173000000| Untracked 
| 973|0x0000000173400000, 0x0000000173800000, 0x0000000173800000|100%| O|  |TAMS 0x0000000173400000, 0x0000000173400000| Untracked 
| 974|0x0000000173800000, 0x0000000173c00000, 0x0000000173c00000|100%| O|  |TAMS 0x0000000173800000, 0x0000000173800000| Untracked 
| 975|0x0000000173c00000, 0x0000000174000000, 0x0000000174000000|100%| O|  |TAMS 0x0000000173c00000, 0x0000000173c00000| Untracked 
| 976|0x0000000174000000, 0x0000000174400000, 0x0000000174400000|100%| O|  |TAMS 0x0000000174000000, 0x0000000174000000| Untracked 
| 977|0x0000000174400000, 0x0000000174800000, 0x0000000174800000|100%| O|  |TAMS 0x0000000174400000, 0x0000000174400000| Untracked 
| 978|0x0000000174800000, 0x0000000174c00000, 0x0000000174c00000|100%| O|  |TAMS 0x0000000174800000, 0x0000000174800000| Untracked 
| 979|0x0000000174c00000, 0x0000000175000000, 0x0000000175000000|100%| O|  |TAMS 0x0000000174c00000, 0x0000000174c00000| Untracked 
| 980|0x0000000175000000, 0x0000000175400000, 0x0000000175400000|100%| O|  |TAMS 0x0000000175000000, 0x0000000175000000| Untracked 
| 981|0x0000000175400000, 0x0000000175800000, 0x0000000175800000|100%| O|  |TAMS 0x0000000175400000, 0x0000000175400000| Untracked 
| 982|0x0000000175800000, 0x0000000175c00000, 0x0000000175c00000|100%| O|  |TAMS 0x0000000175800000, 0x0000000175800000| Untracked 
| 983|0x0000000175c00000, 0x0000000176000000, 0x0000000176000000|100%| O|  |TAMS 0x0000000175c00000, 0x0000000175c00000| Untracked 
| 984|0x0000000176000000, 0x0000000176400000, 0x0000000176400000|100%|HS|  |TAMS 0x0000000176000000, 0x0000000176000000| Complete 
| 985|0x0000000176400000, 0x0000000176800000, 0x0000000176800000|100%|HC|  |TAMS 0x0000000176400000, 0x0000000176400000| Complete 
| 986|0x0000000176800000, 0x0000000176c00000, 0x0000000176c00000|100%|HS|  |TAMS 0x0000000176800000, 0x0000000176800000| Complete 
| 987|0x0000000176c00000, 0x0000000177000000, 0x0000000177000000|100%|HC|  |TAMS 0x0000000176c00000, 0x0000000176c00000| Complete 
| 988|0x0000000177000000, 0x0000000177400000, 0x0000000177400000|100%|HS|  |TAMS 0x0000000177000000, 0x0000000177000000| Complete 
| 989|0x0000000177400000, 0x0000000177800000, 0x0000000177800000|100%|HC|  |TAMS 0x0000000177400000, 0x0000000177400000| Complete 
| 990|0x0000000177800000, 0x0000000177c00000, 0x0000000177c00000|100%|HS|  |TAMS 0x0000000177800000, 0x0000000177800000| Complete 
| 991|0x0000000177c00000, 0x0000000178000000, 0x0000000178000000|100%|HS|  |TAMS 0x0000000177c00000, 0x0000000177c00000| Complete 
| 992|0x0000000178000000, 0x0000000178400000, 0x0000000178400000|100%|HC|  |TAMS 0x0000000178000000, 0x0000000178000000| Complete 
| 993|0x0000000178400000, 0x0000000178800000, 0x0000000178800000|100%|HS|  |TAMS 0x0000000178400000, 0x0000000178400000| Complete 
| 994|0x0000000178800000, 0x0000000178c00000, 0x0000000178c00000|100%|HS|  |TAMS 0x0000000178800000, 0x0000000178800000| Complete 
| 995|0x0000000178c00000, 0x0000000179000000, 0x0000000179000000|100%|HC|  |TAMS 0x0000000178c00000, 0x0000000178c00000| Complete 
| 996|0x0000000179000000, 0x0000000179400000, 0x0000000179400000|100%|HS|  |TAMS 0x0000000179000000, 0x0000000179000000| Complete 
| 997|0x0000000179400000, 0x0000000179800000, 0x0000000179800000|100%|HC|  |TAMS 0x0000000179400000, 0x0000000179400000| Complete 
| 998|0x0000000179800000, 0x0000000179c00000, 0x0000000179c00000|100%|HS|  |TAMS 0x0000000179800000, 0x0000000179800000| Complete 
| 999|0x0000000179c00000, 0x000000017a000000, 0x000000017a000000|100%|HC|  |TAMS 0x0000000179c00000, 0x0000000179c00000| Complete 
|1000|0x000000017a000000, 0x000000017a400000, 0x000000017a400000|100%| O|  |TAMS 0x000000017a000000, 0x000000017a000000| Untracked 
|1001|0x000000017a400000, 0x000000017a800000, 0x000000017a800000|100%| O|  |TAMS 0x000000017a400000, 0x000000017a400000| Untracked 
|1002|0x000000017a800000, 0x000000017ac00000, 0x000000017ac00000|100%| O|  |TAMS 0x000000017a800000, 0x000000017a800000| Untracked 
|1003|0x000000017ac00000, 0x000000017b000000, 0x000000017b000000|100%| O|  |TAMS 0x000000017ac00000, 0x000000017ac00000| Untracked 
|1004|0x000000017b000000, 0x000000017b400000, 0x000000017b400000|100%| O|  |TAMS 0x000000017b000000, 0x000000017b000000| Untracked 
|1005|0x000000017b400000, 0x000000017b800000, 0x000000017b800000|100%| O|  |TAMS 0x000000017b400000, 0x000000017b400000| Untracked 
|1006|0x000000017b800000, 0x000000017bc00000, 0x000000017bc00000|100%| O|  |TAMS 0x000000017b800000, 0x000000017b800000| Untracked 
|1007|0x000000017bc00000, 0x000000017c000000, 0x000000017c000000|100%| O|  |TAMS 0x000000017bc00000, 0x000000017bc00000| Untracked 
|1008|0x000000017c000000, 0x000000017c400000, 0x000000017c400000|100%| O|  |TAMS 0x000000017c000000, 0x000000017c000000| Untracked 
|1009|0x000000017c400000, 0x000000017c800000, 0x000000017c800000|100%| O|  |TAMS 0x000000017c400000, 0x000000017c400000| Untracked 
|1010|0x000000017c800000, 0x000000017cc00000, 0x000000017cc00000|100%| O|  |TAMS 0x000000017c800000, 0x000000017c800000| Untracked 
|1011|0x000000017cc00000, 0x000000017d000000, 0x000000017d000000|100%| O|  |TAMS 0x000000017cc00000, 0x000000017cc00000| Untracked 
|1012|0x000000017d000000, 0x000000017d400000, 0x000000017d400000|100%| O|  |TAMS 0x000000017d000000, 0x000000017d000000| Untracked 
|1013|0x000000017d400000, 0x000000017d800000, 0x000000017d800000|100%| O|  |TAMS 0x000000017d400000, 0x000000017d400000| Untracked 
|1014|0x000000017d800000, 0x000000017dc00000, 0x000000017dc00000|100%| O|  |TAMS 0x000000017d800000, 0x000000017d800000| Untracked 
|1015|0x000000017dc00000, 0x000000017e000000, 0x000000017e000000|100%| O|  |TAMS 0x000000017dc00000, 0x000000017dc00000| Untracked 
|1016|0x000000017e000000, 0x000000017e400000, 0x000000017e400000|100%| O|  |TAMS 0x000000017e000000, 0x000000017e000000| Untracked 
|1017|0x000000017e400000, 0x000000017e800000, 0x000000017e800000|100%| O|  |TAMS 0x000000017e400000, 0x000000017e400000| Untracked 
|1018|0x000000017e800000, 0x000000017ec00000, 0x000000017ec00000|100%| O|  |TAMS 0x000000017e800000, 0x000000017e800000| Untracked 
|1019|0x000000017ec00000, 0x000000017f000000, 0x000000017f000000|100%| O|  |TAMS 0x000000017ec00000, 0x000000017ec00000| Untracked 
|1020|0x000000017f000000, 0x000000017f400000, 0x000000017f400000|100%| O|  |TAMS 0x000000017f000000, 0x000000017f000000| Untracked 
|1021|0x000000017f400000, 0x000000017f800000, 0x000000017f800000|100%| O|  |TAMS 0x000000017f400000, 0x000000017f400000| Untracked 
|1022|0x000000017f800000, 0x000000017fc00000, 0x000000017fc00000|100%| O|  |TAMS 0x000000017f800000, 0x000000017f800000| Untracked 
|1023|0x000000017fc00000, 0x0000000180000000, 0x0000000180000000|100%| O|  |TAMS 0x000000017fc00000, 0x000000017fc00000| Untracked 
|1024|0x0000000180000000, 0x0000000180400000, 0x0000000180400000|100%| O|  |TAMS 0x0000000180000000, 0x0000000180000000| Untracked 
|1025|0x0000000180400000, 0x0000000180800000, 0x0000000180800000|100%| O|  |TAMS 0x0000000180400000, 0x0000000180400000| Untracked 
|1026|0x0000000180800000, 0x0000000180c00000, 0x0000000180c00000|100%| O|  |TAMS 0x0000000180800000, 0x0000000180800000| Untracked 
|1027|0x0000000180c00000, 0x0000000181000000, 0x0000000181000000|100%| O|  |TAMS 0x0000000180c00000, 0x0000000180c00000| Untracked 
|1028|0x0000000181000000, 0x0000000181400000, 0x0000000181400000|100%| O|  |TAMS 0x0000000181000000, 0x0000000181000000| Untracked 
|1029|0x0000000181400000, 0x0000000181800000, 0x0000000181800000|100%| O|  |TAMS 0x0000000181400000, 0x0000000181400000| Untracked 
|1030|0x0000000181800000, 0x0000000181c00000, 0x0000000181c00000|100%| O|  |TAMS 0x0000000181800000, 0x0000000181800000| Untracked 
|1031|0x0000000181c00000, 0x0000000182000000, 0x0000000182000000|100%| O|  |TAMS 0x0000000181c00000, 0x0000000181c00000| Untracked 
|1032|0x0000000182000000, 0x0000000182400000, 0x0000000182400000|100%| O|  |TAMS 0x0000000182000000, 0x0000000182000000| Untracked 
|1033|0x0000000182400000, 0x0000000182800000, 0x0000000182800000|100%| O|  |TAMS 0x0000000182400000, 0x0000000182400000| Untracked 
|1034|0x0000000182800000, 0x0000000182c00000, 0x0000000182c00000|100%| O|  |TAMS 0x0000000182800000, 0x0000000182800000| Untracked 
|1035|0x0000000182c00000, 0x0000000183000000, 0x0000000183000000|100%| O|  |TAMS 0x0000000182c00000, 0x0000000182c00000| Untracked 
|1036|0x0000000183000000, 0x0000000183400000, 0x0000000183400000|100%| O|  |TAMS 0x0000000183000000, 0x0000000183000000| Untracked 
|1037|0x0000000183400000, 0x0000000183800000, 0x0000000183800000|100%|HS|  |TAMS 0x0000000183400000, 0x0000000183400000| Complete 
|1038|0x0000000183800000, 0x0000000183c00000, 0x0000000183c00000|100%|HS|  |TAMS 0x0000000183800000, 0x0000000183800000| Complete 
|1039|0x0000000183c00000, 0x0000000184000000, 0x0000000184000000|100%|HC|  |TAMS 0x0000000183c00000, 0x0000000183c00000| Complete 
|1040|0x0000000184000000, 0x0000000184400000, 0x0000000184400000|100%|HS|  |TAMS 0x0000000184000000, 0x0000000184000000| Complete 
|1041|0x0000000184400000, 0x0000000184800000, 0x0000000184800000|100%|HC|  |TAMS 0x0000000184400000, 0x0000000184400000| Complete 
|1042|0x0000000184800000, 0x0000000184c00000, 0x0000000184c00000|100%|HS|  |TAMS 0x0000000184800000, 0x0000000184800000| Complete 
|1043|0x0000000184c00000, 0x0000000185000000, 0x0000000185000000|100%|HS|  |TAMS 0x0000000184c00000, 0x0000000184c00000| Complete 
|1044|0x0000000185000000, 0x0000000185400000, 0x0000000185400000|100%|HC|  |TAMS 0x0000000185000000, 0x0000000185000000| Complete 
|1045|0x0000000185400000, 0x0000000185800000, 0x0000000185800000|100%|HS|  |TAMS 0x0000000185400000, 0x0000000185400000| Complete 
|1046|0x0000000185800000, 0x0000000185c00000, 0x0000000185c00000|100%|HC|  |TAMS 0x0000000185800000, 0x0000000185800000| Complete 
|1047|0x0000000185c00000, 0x0000000186000000, 0x0000000186000000|100%|HS|  |TAMS 0x0000000185c00000, 0x0000000185c00000| Complete 
|1048|0x0000000186000000, 0x0000000186400000, 0x0000000186400000|100%|HS|  |TAMS 0x0000000186000000, 0x0000000186000000| Complete 
|1049|0x0000000186400000, 0x0000000186800000, 0x0000000186800000|100%|HC|  |TAMS 0x0000000186400000, 0x0000000186400000| Complete 
|1050|0x0000000186800000, 0x0000000186c00000, 0x0000000186c00000|100%|HS|  |TAMS 0x0000000186800000, 0x0000000186800000| Complete 
|1051|0x0000000186c00000, 0x0000000187000000, 0x0000000187000000|100%|HS|  |TAMS 0x0000000186c00000, 0x0000000186c00000| Complete 
|1052|0x0000000187000000, 0x0000000187400000, 0x0000000187400000|100%|HC|  |TAMS 0x0000000187000000, 0x0000000187000000| Complete 
|1053|0x0000000187400000, 0x0000000187800000, 0x0000000187800000|100%| O|  |TAMS 0x0000000187400000, 0x0000000187400000| Untracked 
|1054|0x0000000187800000, 0x0000000187c00000, 0x0000000187c00000|100%| O|  |TAMS 0x0000000187800000, 0x0000000187800000| Untracked 
|1055|0x0000000187c00000, 0x0000000188000000, 0x0000000188000000|100%| O|  |TAMS 0x0000000187c00000, 0x0000000187c00000| Untracked 
|1056|0x0000000188000000, 0x0000000188400000, 0x0000000188400000|100%| O|  |TAMS 0x0000000188000000, 0x0000000188000000| Untracked 
|1057|0x0000000188400000, 0x0000000188800000, 0x0000000188800000|100%| O|  |TAMS 0x0000000188400000, 0x0000000188400000| Untracked 
|1058|0x0000000188800000, 0x0000000188c00000, 0x0000000188c00000|100%| O|  |TAMS 0x0000000188800000, 0x0000000188800000| Untracked 
|1059|0x0000000188c00000, 0x0000000189000000, 0x0000000189000000|100%| O|  |TAMS 0x0000000188c00000, 0x0000000188c00000| Untracked 
|1060|0x0000000189000000, 0x0000000189400000, 0x0000000189400000|100%| O|  |TAMS 0x0000000189000000, 0x0000000189000000| Untracked 
|1061|0x0000000189400000, 0x0000000189800000, 0x0000000189800000|100%| O|  |TAMS 0x0000000189400000, 0x0000000189400000| Untracked 
|1062|0x0000000189800000, 0x0000000189c00000, 0x0000000189c00000|100%| O|  |TAMS 0x0000000189800000, 0x0000000189800000| Untracked 
|1063|0x0000000189c00000, 0x000000018a000000, 0x000000018a000000|100%| O|  |TAMS 0x0000000189c00000, 0x0000000189c00000| Untracked 
|1064|0x000000018a000000, 0x000000018a400000, 0x000000018a400000|100%| O|  |TAMS 0x000000018a000000, 0x000000018a000000| Untracked 
|1065|0x000000018a400000, 0x000000018a800000, 0x000000018a800000|100%| O|  |TAMS 0x000000018a400000, 0x000000018a400000| Untracked 
|1066|0x000000018a800000, 0x000000018ac00000, 0x000000018ac00000|100%| O|  |TAMS 0x000000018a800000, 0x000000018a800000| Untracked 
|1067|0x000000018ac00000, 0x000000018b000000, 0x000000018b000000|100%| O|  |TAMS 0x000000018ac00000, 0x000000018ac00000| Untracked 
|1068|0x000000018b000000, 0x000000018b400000, 0x000000018b400000|100%| O|  |TAMS 0x000000018b000000, 0x000000018b000000| Untracked 
|1069|0x000000018b400000, 0x000000018b800000, 0x000000018b800000|100%| O|  |TAMS 0x000000018b400000, 0x000000018b400000| Untracked 
|1070|0x000000018b800000, 0x000000018bc00000, 0x000000018bc00000|100%| O|  |TAMS 0x000000018b800000, 0x000000018b800000| Untracked 
|1071|0x000000018bc00000, 0x000000018c000000, 0x000000018c000000|100%| O|  |TAMS 0x000000018bc00000, 0x000000018bc00000| Untracked 
|1072|0x000000018c000000, 0x000000018c400000, 0x000000018c400000|100%| O|  |TAMS 0x000000018c000000, 0x000000018c000000| Untracked 
|1073|0x000000018c400000, 0x000000018c800000, 0x000000018c800000|100%| O|  |TAMS 0x000000018c400000, 0x000000018c400000| Untracked 
|1074|0x000000018c800000, 0x000000018cc00000, 0x000000018cc00000|100%| O|  |TAMS 0x000000018c800000, 0x000000018c800000| Untracked 
|1075|0x000000018cc00000, 0x000000018d000000, 0x000000018d000000|100%| O|  |TAMS 0x000000018cc00000, 0x000000018cc00000| Untracked 
|1076|0x000000018d000000, 0x000000018d400000, 0x000000018d400000|100%| O|  |TAMS 0x000000018d000000, 0x000000018d000000| Untracked 
|1077|0x000000018d400000, 0x000000018d800000, 0x000000018d800000|100%| O|  |TAMS 0x000000018d400000, 0x000000018d400000| Untracked 
|1078|0x000000018d800000, 0x000000018dc00000, 0x000000018dc00000|100%| O|  |TAMS 0x000000018d800000, 0x000000018d800000| Untracked 
|1079|0x000000018dc00000, 0x000000018e000000, 0x000000018e000000|100%| O|  |TAMS 0x000000018dc00000, 0x000000018dc00000| Untracked 
|1080|0x000000018e000000, 0x000000018e400000, 0x000000018e400000|100%| O|  |TAMS 0x000000018e000000, 0x000000018e000000| Untracked 
|1081|0x000000018e400000, 0x000000018e800000, 0x000000018e800000|100%| O|  |TAMS 0x000000018e400000, 0x000000018e400000| Untracked 
|1082|0x000000018e800000, 0x000000018ec00000, 0x000000018ec00000|100%| O|  |TAMS 0x000000018e800000, 0x000000018e800000| Untracked 
|1083|0x000000018ec00000, 0x000000018f000000, 0x000000018f000000|100%| O|  |TAMS 0x000000018ec00000, 0x000000018ec00000| Untracked 
|1084|0x000000018f000000, 0x000000018f400000, 0x000000018f400000|100%| O|  |TAMS 0x000000018f000000, 0x000000018f000000| Untracked 
|1085|0x000000018f400000, 0x000000018f800000, 0x000000018f800000|100%| O|  |TAMS 0x000000018f400000, 0x000000018f400000| Untracked 
|1086|0x000000018f800000, 0x000000018fc00000, 0x000000018fc00000|100%| O|  |TAMS 0x000000018f800000, 0x000000018f800000| Untracked 
|1087|0x000000018fc00000, 0x0000000190000000, 0x0000000190000000|100%| O|  |TAMS 0x000000018fc00000, 0x000000018fc00000| Untracked 
|1088|0x0000000190000000, 0x0000000190400000, 0x0000000190400000|100%| O|  |TAMS 0x0000000190000000, 0x0000000190000000| Untracked 
|1089|0x0000000190400000, 0x0000000190800000, 0x0000000190800000|100%| O|  |TAMS 0x0000000190400000, 0x0000000190400000| Untracked 
|1090|0x0000000190800000, 0x0000000190c00000, 0x0000000190c00000|100%| O|  |TAMS 0x0000000190800000, 0x0000000190800000| Untracked 
|1091|0x0000000190c00000, 0x0000000191000000, 0x0000000191000000|100%| O|  |TAMS 0x0000000190c00000, 0x0000000190c00000| Untracked 
|1092|0x0000000191000000, 0x0000000191400000, 0x0000000191400000|100%| O|  |TAMS 0x0000000191000000, 0x0000000191000000| Untracked 
|1093|0x0000000191400000, 0x0000000191800000, 0x0000000191800000|100%| O|  |TAMS 0x0000000191400000, 0x0000000191400000| Untracked 
|1094|0x0000000191800000, 0x0000000191c00000, 0x0000000191c00000|100%| O|  |TAMS 0x0000000191800000, 0x0000000191800000| Untracked 
|1095|0x0000000191c00000, 0x0000000192000000, 0x0000000192000000|100%|HS|  |TAMS 0x0000000191c00000, 0x0000000191c00000| Complete 
|1096|0x0000000192000000, 0x0000000192400000, 0x0000000192400000|100%|HC|  |TAMS 0x0000000192000000, 0x0000000192000000| Complete 
|1097|0x0000000192400000, 0x0000000192800000, 0x0000000192800000|100%|HS|  |TAMS 0x0000000192400000, 0x0000000192400000| Complete 
|1098|0x0000000192800000, 0x0000000192c00000, 0x0000000192c00000|100%|HS|  |TAMS 0x0000000192800000, 0x0000000192800000| Complete 
|1099|0x0000000192c00000, 0x0000000193000000, 0x0000000193000000|100%|HC|  |TAMS 0x0000000192c00000, 0x0000000192c00000| Complete 
|1100|0x0000000193000000, 0x0000000193400000, 0x0000000193400000|100%|HS|  |TAMS 0x0000000193000000, 0x0000000193000000| Complete 
|1101|0x0000000193400000, 0x0000000193800000, 0x0000000193800000|100%|HS|  |TAMS 0x0000000193400000, 0x0000000193400000| Complete 
|1102|0x0000000193800000, 0x0000000193c00000, 0x0000000193c00000|100%|HC|  |TAMS 0x0000000193800000, 0x0000000193800000| Complete 
|1103|0x0000000193c00000, 0x0000000194000000, 0x0000000194000000|100%|HS|  |TAMS 0x0000000193c00000, 0x0000000193c00000| Complete 
|1104|0x0000000194000000, 0x0000000194400000, 0x0000000194400000|100%|HC|  |TAMS 0x0000000194000000, 0x0000000194000000| Complete 
|1105|0x0000000194400000, 0x0000000194800000, 0x0000000194800000|100%|HS|  |TAMS 0x0000000194400000, 0x0000000194400000| Complete 
|1106|0x0000000194800000, 0x0000000194c00000, 0x0000000194c00000|100%|HC|  |TAMS 0x0000000194800000, 0x0000000194800000| Complete 
|1107|0x0000000194c00000, 0x0000000195000000, 0x0000000195000000|100%|HS|  |TAMS 0x0000000194c00000, 0x0000000194c00000| Complete 
|1108|0x0000000195000000, 0x0000000195400000, 0x0000000195400000|100%|HC|  |TAMS 0x0000000195000000, 0x0000000195000000| Complete 
|1109|0x0000000195400000, 0x0000000195800000, 0x0000000195800000|100%| O|  |TAMS 0x0000000195400000, 0x0000000195400000| Untracked 
|1110|0x0000000195800000, 0x0000000195c00000, 0x0000000195c00000|100%| O|  |TAMS 0x0000000195800000, 0x0000000195800000| Untracked 
|1111|0x0000000195c00000, 0x0000000196000000, 0x0000000196000000|100%| O|  |TAMS 0x0000000195c00000, 0x0000000195c00000| Untracked 
|1112|0x0000000196000000, 0x0000000196400000, 0x0000000196400000|100%| O|  |TAMS 0x0000000196000000, 0x0000000196000000| Untracked 
|1113|0x0000000196400000, 0x0000000196800000, 0x0000000196800000|100%| O|  |TAMS 0x0000000196400000, 0x0000000196400000| Untracked 
|1114|0x0000000196800000, 0x0000000196c00000, 0x0000000196c00000|100%| O|  |TAMS 0x0000000196800000, 0x0000000196800000| Untracked 
|1115|0x0000000196c00000, 0x0000000197000000, 0x0000000197000000|100%| O|  |TAMS 0x0000000196c00000, 0x0000000196c00000| Untracked 
|1116|0x0000000197000000, 0x0000000197400000, 0x0000000197400000|100%| O|  |TAMS 0x0000000197000000, 0x0000000197000000| Untracked 
|1117|0x0000000197400000, 0x0000000197800000, 0x0000000197800000|100%| O|  |TAMS 0x0000000197400000, 0x0000000197400000| Untracked 
|1118|0x0000000197800000, 0x0000000197c00000, 0x0000000197c00000|100%| O|  |TAMS 0x0000000197800000, 0x0000000197800000| Untracked 
|1119|0x0000000197c00000, 0x0000000198000000, 0x0000000198000000|100%| O|  |TAMS 0x0000000197c00000, 0x0000000197c00000| Untracked 
|1120|0x0000000198000000, 0x0000000198400000, 0x0000000198400000|100%| O|  |TAMS 0x0000000198000000, 0x0000000198000000| Untracked 
|1121|0x0000000198400000, 0x0000000198800000, 0x0000000198800000|100%| O|  |TAMS 0x0000000198400000, 0x0000000198400000| Untracked 
|1122|0x0000000198800000, 0x0000000198c00000, 0x0000000198c00000|100%| O|  |TAMS 0x0000000198800000, 0x0000000198800000| Untracked 
|1123|0x0000000198c00000, 0x0000000199000000, 0x0000000199000000|100%| O|  |TAMS 0x0000000198c00000, 0x0000000198c00000| Untracked 
|1124|0x0000000199000000, 0x0000000199400000, 0x0000000199400000|100%| O|  |TAMS 0x0000000199000000, 0x0000000199000000| Untracked 
|1125|0x0000000199400000, 0x0000000199800000, 0x0000000199800000|100%| O|  |TAMS 0x0000000199400000, 0x0000000199400000| Untracked 
|1126|0x0000000199800000, 0x0000000199c00000, 0x0000000199c00000|100%| O|  |TAMS 0x0000000199800000, 0x0000000199800000| Untracked 
|1127|0x0000000199c00000, 0x000000019a000000, 0x000000019a000000|100%| O|  |TAMS 0x0000000199c00000, 0x0000000199c00000| Untracked 
|1128|0x000000019a000000, 0x000000019a400000, 0x000000019a400000|100%| O|  |TAMS 0x000000019a000000, 0x000000019a000000| Untracked 
|1129|0x000000019a400000, 0x000000019a800000, 0x000000019a800000|100%| O|  |TAMS 0x000000019a400000, 0x000000019a400000| Untracked 
|1130|0x000000019a800000, 0x000000019ac00000, 0x000000019ac00000|100%| O|  |TAMS 0x000000019a800000, 0x000000019a800000| Untracked 
|1131|0x000000019ac00000, 0x000000019b000000, 0x000000019b000000|100%| O|  |TAMS 0x000000019ac00000, 0x000000019ac00000| Untracked 
|1132|0x000000019b000000, 0x000000019b400000, 0x000000019b400000|100%| O|  |TAMS 0x000000019b000000, 0x000000019b000000| Untracked 
|1133|0x000000019b400000, 0x000000019b800000, 0x000000019b800000|100%| O|  |TAMS 0x000000019b400000, 0x000000019b400000| Untracked 
|1134|0x000000019b800000, 0x000000019bc00000, 0x000000019bc00000|100%| O|  |TAMS 0x000000019b800000, 0x000000019b800000| Untracked 
|1135|0x000000019bc00000, 0x000000019c000000, 0x000000019c000000|100%| O|  |TAMS 0x000000019bc00000, 0x000000019bc00000| Untracked 
|1136|0x000000019c000000, 0x000000019c400000, 0x000000019c400000|100%| O|  |TAMS 0x000000019c000000, 0x000000019c000000| Untracked 
|1137|0x000000019c400000, 0x000000019c800000, 0x000000019c800000|100%| O|  |TAMS 0x000000019c400000, 0x000000019c400000| Untracked 
|1138|0x000000019c800000, 0x000000019cc00000, 0x000000019cc00000|100%| O|  |TAMS 0x000000019c800000, 0x000000019c800000| Untracked 
|1139|0x000000019cc00000, 0x000000019d000000, 0x000000019d000000|100%| O|  |TAMS 0x000000019cc00000, 0x000000019cc00000| Untracked 
|1140|0x000000019d000000, 0x000000019d400000, 0x000000019d400000|100%| O|  |TAMS 0x000000019d000000, 0x000000019d000000| Untracked 
|1141|0x000000019d400000, 0x000000019d800000, 0x000000019d800000|100%| O|  |TAMS 0x000000019d400000, 0x000000019d400000| Untracked 
|1142|0x000000019d800000, 0x000000019dc00000, 0x000000019dc00000|100%| O|  |TAMS 0x000000019d800000, 0x000000019d800000| Untracked 
|1143|0x000000019dc00000, 0x000000019e000000, 0x000000019e000000|100%| O|  |TAMS 0x000000019dc00000, 0x000000019dc00000| Untracked 
|1144|0x000000019e000000, 0x000000019e400000, 0x000000019e400000|100%| O|  |TAMS 0x000000019e000000, 0x000000019e000000| Untracked 
|1145|0x000000019e400000, 0x000000019e800000, 0x000000019e800000|100%| O|  |TAMS 0x000000019e400000, 0x000000019e400000| Untracked 
|1146|0x000000019e800000, 0x000000019ec00000, 0x000000019ec00000|100%| O|  |TAMS 0x000000019e800000, 0x000000019e800000| Untracked 
|1147|0x000000019ec00000, 0x000000019f000000, 0x000000019f000000|100%| O|  |TAMS 0x000000019ec00000, 0x000000019ec00000| Untracked 
|1148|0x000000019f000000, 0x000000019f400000, 0x000000019f400000|100%| O|  |TAMS 0x000000019f000000, 0x000000019f000000| Untracked 
|1149|0x000000019f400000, 0x000000019f800000, 0x000000019f800000|100%| O|  |TAMS 0x000000019f400000, 0x000000019f400000| Untracked 
|1150|0x000000019f800000, 0x000000019fc00000, 0x000000019fc00000|100%| O|  |TAMS 0x000000019f800000, 0x000000019f800000| Untracked 
|1151|0x000000019fc00000, 0x00000001a0000000, 0x00000001a0000000|100%| O|  |TAMS 0x000000019fc00000, 0x000000019fc00000| Untracked 
|1152|0x00000001a0000000, 0x00000001a0400000, 0x00000001a0400000|100%| O|  |TAMS 0x00000001a0000000, 0x00000001a0000000| Untracked 
|1153|0x00000001a0400000, 0x00000001a0800000, 0x00000001a0800000|100%| O|  |TAMS 0x00000001a0400000, 0x00000001a0400000| Untracked 
|1154|0x00000001a0800000, 0x00000001a0c00000, 0x00000001a0c00000|100%|HS|  |TAMS 0x00000001a0800000, 0x00000001a0800000| Complete 
|1155|0x00000001a0c00000, 0x00000001a1000000, 0x00000001a1000000|100%|HS|  |TAMS 0x00000001a0c00000, 0x00000001a0c00000| Complete 
|1156|0x00000001a1000000, 0x00000001a1400000, 0x00000001a1400000|100%|HC|  |TAMS 0x00000001a1000000, 0x00000001a1000000| Complete 
|1157|0x00000001a1400000, 0x00000001a1800000, 0x00000001a1800000|100%|HS|  |TAMS 0x00000001a1400000, 0x00000001a1400000| Complete 
|1158|0x00000001a1800000, 0x00000001a1c00000, 0x00000001a1c00000|100%|HC|  |TAMS 0x00000001a1800000, 0x00000001a1800000| Complete 
|1159|0x00000001a1c00000, 0x00000001a2000000, 0x00000001a2000000|100%| O|  |TAMS 0x00000001a1c00000, 0x00000001a1c00000| Untracked 
|1160|0x00000001a2000000, 0x00000001a2400000, 0x00000001a2400000|100%| O|  |TAMS 0x00000001a2000000, 0x00000001a2000000| Untracked 
|1161|0x00000001a2400000, 0x00000001a2800000, 0x00000001a2800000|100%| O|  |TAMS 0x00000001a2400000, 0x00000001a2400000| Untracked 
|1162|0x00000001a2800000, 0x00000001a2c00000, 0x00000001a2c00000|100%| O|  |TAMS 0x00000001a2800000, 0x00000001a2800000| Untracked 
|1163|0x00000001a2c00000, 0x00000001a3000000, 0x00000001a3000000|100%| O|  |TAMS 0x00000001a2c00000, 0x00000001a2c00000| Untracked 
|1164|0x00000001a3000000, 0x00000001a3400000, 0x00000001a3400000|100%| O|  |TAMS 0x00000001a3000000, 0x00000001a3000000| Untracked 
|1165|0x00000001a3400000, 0x00000001a3800000, 0x00000001a3800000|100%| O|  |TAMS 0x00000001a3400000, 0x00000001a3400000| Untracked 
|1166|0x00000001a3800000, 0x00000001a3c00000, 0x00000001a3c00000|100%| O|  |TAMS 0x00000001a3800000, 0x00000001a3800000| Untracked 
|1167|0x00000001a3c00000, 0x00000001a4000000, 0x00000001a4000000|100%| O|  |TAMS 0x00000001a3c00000, 0x00000001a3c00000| Untracked 
|1168|0x00000001a4000000, 0x00000001a4400000, 0x00000001a4400000|100%| O|  |TAMS 0x00000001a4000000, 0x00000001a4000000| Untracked 
|1169|0x00000001a4400000, 0x00000001a4800000, 0x00000001a4800000|100%| O|  |TAMS 0x00000001a4400000, 0x00000001a4400000| Untracked 
|1170|0x00000001a4800000, 0x00000001a4c00000, 0x00000001a4c00000|100%| O|  |TAMS 0x00000001a4800000, 0x00000001a4800000| Untracked 
|1171|0x00000001a4c00000, 0x00000001a5000000, 0x00000001a5000000|100%| O|  |TAMS 0x00000001a4c00000, 0x00000001a4c00000| Untracked 
|1172|0x00000001a5000000, 0x00000001a5400000, 0x00000001a5400000|100%| O|  |TAMS 0x00000001a5000000, 0x00000001a5000000| Untracked 
|1173|0x00000001a5400000, 0x00000001a5800000, 0x00000001a5800000|100%| O|  |TAMS 0x00000001a5400000, 0x00000001a5400000| Untracked 
|1174|0x00000001a5800000, 0x00000001a5c00000, 0x00000001a5c00000|100%| O|  |TAMS 0x00000001a5800000, 0x00000001a5800000| Untracked 
|1175|0x00000001a5c00000, 0x00000001a6000000, 0x00000001a6000000|100%| O|  |TAMS 0x00000001a5c00000, 0x00000001a5c00000| Untracked 
|1176|0x00000001a6000000, 0x00000001a6400000, 0x00000001a6400000|100%| O|  |TAMS 0x00000001a6000000, 0x00000001a6000000| Untracked 
|1177|0x00000001a6400000, 0x00000001a6800000, 0x00000001a6800000|100%| O|  |TAMS 0x00000001a6400000, 0x00000001a6400000| Untracked 
|1178|0x00000001a6800000, 0x00000001a6c00000, 0x00000001a6c00000|100%| O|  |TAMS 0x00000001a6800000, 0x00000001a6800000| Untracked 
|1179|0x00000001a6c00000, 0x00000001a7000000, 0x00000001a7000000|100%| O|  |TAMS 0x00000001a6c00000, 0x00000001a6c00000| Untracked 
|1180|0x00000001a7000000, 0x00000001a7400000, 0x00000001a7400000|100%| O|  |TAMS 0x00000001a7000000, 0x00000001a7000000| Untracked 
|1181|0x00000001a7400000, 0x00000001a7800000, 0x00000001a7800000|100%| O|  |TAMS 0x00000001a7400000, 0x00000001a7400000| Untracked 
|1182|0x00000001a7800000, 0x00000001a7c00000, 0x00000001a7c00000|100%| O|  |TAMS 0x00000001a7800000, 0x00000001a7800000| Untracked 
|1183|0x00000001a7c00000, 0x00000001a8000000, 0x00000001a8000000|100%| O|  |TAMS 0x00000001a7c00000, 0x00000001a7c00000| Untracked 
|1184|0x00000001a8000000, 0x00000001a8400000, 0x00000001a8400000|100%| O|  |TAMS 0x00000001a8000000, 0x00000001a8000000| Untracked 
|1185|0x00000001a8400000, 0x00000001a8800000, 0x00000001a8800000|100%| O|  |TAMS 0x00000001a8400000, 0x00000001a8400000| Untracked 
|1186|0x00000001a8800000, 0x00000001a8c00000, 0x00000001a8c00000|100%| O|  |TAMS 0x00000001a8800000, 0x00000001a8800000| Untracked 
|1187|0x00000001a8c00000, 0x00000001a9000000, 0x00000001a9000000|100%| O|  |TAMS 0x00000001a8c00000, 0x00000001a8c00000| Untracked 
|1188|0x00000001a9000000, 0x00000001a9400000, 0x00000001a9400000|100%| O|  |TAMS 0x00000001a9000000, 0x00000001a9000000| Untracked 
|1189|0x00000001a9400000, 0x00000001a9800000, 0x00000001a9800000|100%| O|  |TAMS 0x00000001a9400000, 0x00000001a9400000| Untracked 
|1190|0x00000001a9800000, 0x00000001a9c00000, 0x00000001a9c00000|100%| O|  |TAMS 0x00000001a9800000, 0x00000001a9800000| Untracked 
|1191|0x00000001a9c00000, 0x00000001aa000000, 0x00000001aa000000|100%| O|  |TAMS 0x00000001a9c00000, 0x00000001a9c00000| Untracked 
|1192|0x00000001aa000000, 0x00000001aa400000, 0x00000001aa400000|100%| O|  |TAMS 0x00000001aa000000, 0x00000001aa000000| Untracked 
|1193|0x00000001aa400000, 0x00000001aa800000, 0x00000001aa800000|100%| O|  |TAMS 0x00000001aa400000, 0x00000001aa400000| Untracked 
|1194|0x00000001aa800000, 0x00000001aac00000, 0x00000001aac00000|100%| O|  |TAMS 0x00000001aa800000, 0x00000001aa800000| Untracked 
|1195|0x00000001aac00000, 0x00000001ab000000, 0x00000001ab000000|100%| O|  |TAMS 0x00000001aac00000, 0x00000001aac00000| Untracked 
|1196|0x00000001ab000000, 0x00000001ab400000, 0x00000001ab400000|100%| O|  |TAMS 0x00000001ab000000, 0x00000001ab000000| Untracked 
|1197|0x00000001ab400000, 0x00000001ab800000, 0x00000001ab800000|100%| O|  |TAMS 0x00000001ab400000, 0x00000001ab400000| Untracked 
|1198|0x00000001ab800000, 0x00000001abc00000, 0x00000001abc00000|100%| O|  |TAMS 0x00000001ab800000, 0x00000001ab800000| Untracked 
|1199|0x00000001abc00000, 0x00000001ac000000, 0x00000001ac000000|100%| O|  |TAMS 0x00000001abc00000, 0x00000001abc00000| Untracked 
|1200|0x00000001ac000000, 0x00000001ac400000, 0x00000001ac400000|100%| O|  |TAMS 0x00000001ac000000, 0x00000001ac000000| Untracked 
|1201|0x00000001ac400000, 0x00000001ac800000, 0x00000001ac800000|100%| O|  |TAMS 0x00000001ac400000, 0x00000001ac400000| Untracked 
|1202|0x00000001ac800000, 0x00000001acc00000, 0x00000001acc00000|100%| O|  |TAMS 0x00000001ac800000, 0x00000001ac800000| Untracked 
|1203|0x00000001acc00000, 0x00000001ad000000, 0x00000001ad000000|100%| O|  |TAMS 0x00000001acc00000, 0x00000001acc00000| Untracked 
|1204|0x00000001ad000000, 0x00000001ad400000, 0x00000001ad400000|100%| O|  |TAMS 0x00000001ad000000, 0x00000001ad000000| Untracked 
|1205|0x00000001ad400000, 0x00000001ad800000, 0x00000001ad800000|100%| O|  |TAMS 0x00000001ad400000, 0x00000001ad400000| Untracked 
|1206|0x00000001ad800000, 0x00000001adc00000, 0x00000001adc00000|100%| O|  |TAMS 0x00000001ad800000, 0x00000001ad800000| Untracked 
|1207|0x00000001adc00000, 0x00000001ae000000, 0x00000001ae000000|100%| O|  |TAMS 0x00000001adc00000, 0x00000001adc00000| Untracked 
|1208|0x00000001ae000000, 0x00000001ae400000, 0x00000001ae400000|100%| O|  |TAMS 0x00000001ae000000, 0x00000001ae000000| Untracked 
|1209|0x00000001ae400000, 0x00000001ae800000, 0x00000001ae800000|100%| O|  |TAMS 0x00000001ae400000, 0x00000001ae400000| Untracked 
|1210|0x00000001ae800000, 0x00000001aec00000, 0x00000001aec00000|100%| O|  |TAMS 0x00000001ae800000, 0x00000001ae800000| Untracked 
|1211|0x00000001aec00000, 0x00000001af000000, 0x00000001af000000|100%| O|  |TAMS 0x00000001aec00000, 0x00000001aec00000| Untracked 
|1212|0x00000001af000000, 0x00000001af400000, 0x00000001af400000|100%| O|  |TAMS 0x00000001af000000, 0x00000001af000000| Untracked 
|1213|0x00000001af400000, 0x00000001af800000, 0x00000001af800000|100%| O|  |TAMS 0x00000001af400000, 0x00000001af400000| Untracked 
|1214|0x00000001af800000, 0x00000001afc00000, 0x00000001afc00000|100%| O|  |TAMS 0x00000001af800000, 0x00000001af800000| Untracked 
|1215|0x00000001afc00000, 0x00000001b0000000, 0x00000001b0000000|100%| O|  |TAMS 0x00000001afc00000, 0x00000001afc00000| Untracked 
|1216|0x00000001b0000000, 0x00000001b0400000, 0x00000001b0400000|100%| O|  |TAMS 0x00000001b0000000, 0x00000001b0000000| Untracked 
|1217|0x00000001b0400000, 0x00000001b0800000, 0x00000001b0800000|100%| O|  |TAMS 0x00000001b0400000, 0x00000001b0400000| Untracked 
|1218|0x00000001b0800000, 0x00000001b0c00000, 0x00000001b0c00000|100%| O|  |TAMS 0x00000001b0800000, 0x00000001b0800000| Untracked 
|1219|0x00000001b0c00000, 0x00000001b1000000, 0x00000001b1000000|100%| O|  |TAMS 0x00000001b0c00000, 0x00000001b0c00000| Untracked 
|1220|0x00000001b1000000, 0x00000001b1400000, 0x00000001b1400000|100%| O|  |TAMS 0x00000001b1000000, 0x00000001b1000000| Untracked 
|1221|0x00000001b1400000, 0x00000001b1800000, 0x00000001b1800000|100%| O|  |TAMS 0x00000001b1400000, 0x00000001b1400000| Untracked 
|1222|0x00000001b1800000, 0x00000001b1c00000, 0x00000001b1c00000|100%| O|  |TAMS 0x00000001b1800000, 0x00000001b1800000| Untracked 
|1223|0x00000001b1c00000, 0x00000001b2000000, 0x00000001b2000000|100%| O|  |TAMS 0x00000001b1c00000, 0x00000001b1c00000| Untracked 
|1224|0x00000001b2000000, 0x00000001b2400000, 0x00000001b2400000|100%| O|  |TAMS 0x00000001b2000000, 0x00000001b2000000| Untracked 
|1225|0x00000001b2400000, 0x00000001b2800000, 0x00000001b2800000|100%| O|  |TAMS 0x00000001b2400000, 0x00000001b2400000| Untracked 
|1226|0x00000001b2800000, 0x00000001b2c00000, 0x00000001b2c00000|100%| O|  |TAMS 0x00000001b2800000, 0x00000001b2800000| Untracked 
|1227|0x00000001b2c00000, 0x00000001b3000000, 0x00000001b3000000|100%| O|  |TAMS 0x00000001b2c00000, 0x00000001b2c00000| Untracked 
|1228|0x00000001b3000000, 0x00000001b3400000, 0x00000001b3400000|100%| O|  |TAMS 0x00000001b3000000, 0x00000001b3000000| Untracked 
|1229|0x00000001b3400000, 0x00000001b3800000, 0x00000001b3800000|100%| O|  |TAMS 0x00000001b3400000, 0x00000001b3400000| Untracked 
|1230|0x00000001b3800000, 0x00000001b3c00000, 0x00000001b3c00000|100%| O|  |TAMS 0x00000001b3800000, 0x00000001b3800000| Untracked 
|1231|0x00000001b3c00000, 0x00000001b4000000, 0x00000001b4000000|100%| O|  |TAMS 0x00000001b3c00000, 0x00000001b3c00000| Untracked 
|1232|0x00000001b4000000, 0x00000001b4400000, 0x00000001b4400000|100%| O|  |TAMS 0x00000001b4000000, 0x00000001b4000000| Untracked 
|1233|0x00000001b4400000, 0x00000001b4800000, 0x00000001b4800000|100%| O|  |TAMS 0x00000001b4400000, 0x00000001b4400000| Untracked 
|1234|0x00000001b4800000, 0x00000001b4c00000, 0x00000001b4c00000|100%| O|  |TAMS 0x00000001b4800000, 0x00000001b4800000| Untracked 
|1235|0x00000001b4c00000, 0x00000001b5000000, 0x00000001b5000000|100%| O|  |TAMS 0x00000001b4c00000, 0x00000001b4c00000| Untracked 
|1236|0x00000001b5000000, 0x00000001b5400000, 0x00000001b5400000|100%| O|  |TAMS 0x00000001b5000000, 0x00000001b5000000| Untracked 
|1237|0x00000001b5400000, 0x00000001b5800000, 0x00000001b5800000|100%| O|  |TAMS 0x00000001b5400000, 0x00000001b5400000| Untracked 
|1238|0x00000001b5800000, 0x00000001b5c00000, 0x00000001b5c00000|100%| O|  |TAMS 0x00000001b5800000, 0x00000001b5800000| Untracked 
|1239|0x00000001b5c00000, 0x00000001b6000000, 0x00000001b6000000|100%| O|  |TAMS 0x00000001b5c00000, 0x00000001b5c00000| Untracked 
|1240|0x00000001b6000000, 0x00000001b6400000, 0x00000001b6400000|100%| O|  |TAMS 0x00000001b6000000, 0x00000001b6000000| Untracked 
|1241|0x00000001b6400000, 0x00000001b6800000, 0x00000001b6800000|100%| O|  |TAMS 0x00000001b6400000, 0x00000001b6400000| Untracked 
|1242|0x00000001b6800000, 0x00000001b6c00000, 0x00000001b6c00000|100%| O|  |TAMS 0x00000001b6800000, 0x00000001b6800000| Untracked 
|1243|0x00000001b6c00000, 0x00000001b7000000, 0x00000001b7000000|100%|HS|  |TAMS 0x00000001b6c00000, 0x00000001b6c00000| Complete 
|1244|0x00000001b7000000, 0x00000001b7400000, 0x00000001b7400000|100%|HC|  |TAMS 0x00000001b7000000, 0x00000001b7000000| Complete 
|1245|0x00000001b7400000, 0x00000001b7800000, 0x00000001b7800000|100%|HC|  |TAMS 0x00000001b7400000, 0x00000001b7400000| Complete 
|1246|0x00000001b7800000, 0x00000001b7c00000, 0x00000001b7c00000|100%|HC|  |TAMS 0x00000001b7800000, 0x00000001b7800000| Complete 
|1247|0x00000001b7c00000, 0x00000001b8000000, 0x00000001b8000000|100%|HC|  |TAMS 0x00000001b7c00000, 0x00000001b7c00000| Complete 
|1248|0x00000001b8000000, 0x00000001b8400000, 0x00000001b8400000|100%|HC|  |TAMS 0x00000001b8000000, 0x00000001b8000000| Complete 
|1249|0x00000001b8400000, 0x00000001b8800000, 0x00000001b8800000|100%|HC|  |TAMS 0x00000001b8400000, 0x00000001b8400000| Complete 
|1250|0x00000001b8800000, 0x00000001b8c00000, 0x00000001b8c00000|100%|HS|  |TAMS 0x00000001b8800000, 0x00000001b8800000| Complete 
|1251|0x00000001b8c00000, 0x00000001b9000000, 0x00000001b9000000|100%|HC|  |TAMS 0x00000001b8c00000, 0x00000001b8c00000| Complete 
|1252|0x00000001b9000000, 0x00000001b9400000, 0x00000001b9400000|100%|HC|  |TAMS 0x00000001b9000000, 0x00000001b9000000| Complete 
|1253|0x00000001b9400000, 0x00000001b9800000, 0x00000001b9800000|100%|HC|  |TAMS 0x00000001b9400000, 0x00000001b9400000| Complete 
|1254|0x00000001b9800000, 0x00000001b9c00000, 0x00000001b9c00000|100%|HC|  |TAMS 0x00000001b9800000, 0x00000001b9800000| Complete 
|1255|0x00000001b9c00000, 0x00000001ba000000, 0x00000001ba000000|100%|HC|  |TAMS 0x00000001b9c00000, 0x00000001b9c00000| Complete 
|1256|0x00000001ba000000, 0x00000001ba400000, 0x00000001ba400000|100%|HC|  |TAMS 0x00000001ba000000, 0x00000001ba000000| Complete 
|1257|0x00000001ba400000, 0x00000001ba800000, 0x00000001ba800000|100%|HS|  |TAMS 0x00000001ba400000, 0x00000001ba400000| Complete 
|1258|0x00000001ba800000, 0x00000001bac00000, 0x00000001bac00000|100%|HC|  |TAMS 0x00000001ba800000, 0x00000001ba800000| Complete 
|1259|0x00000001bac00000, 0x00000001bb000000, 0x00000001bb000000|100%| O|  |TAMS 0x00000001bac00000, 0x00000001bac00000| Untracked 
|1260|0x00000001bb000000, 0x00000001bb400000, 0x00000001bb400000|100%| O|  |TAMS 0x00000001bb000000, 0x00000001bb000000| Untracked 
|1261|0x00000001bb400000, 0x00000001bb800000, 0x00000001bb800000|100%| O|  |TAMS 0x00000001bb400000, 0x00000001bb400000| Untracked 
|1262|0x00000001bb800000, 0x00000001bbc00000, 0x00000001bbc00000|100%| O|  |TAMS 0x00000001bb800000, 0x00000001bb800000| Untracked 
|1263|0x00000001bbc00000, 0x00000001bc000000, 0x00000001bc000000|100%| O|  |TAMS 0x00000001bbc00000, 0x00000001bbc00000| Untracked 
|1264|0x00000001bc000000, 0x00000001bc400000, 0x00000001bc400000|100%| O|  |TAMS 0x00000001bc000000, 0x00000001bc000000| Untracked 
|1265|0x00000001bc400000, 0x00000001bc800000, 0x00000001bc800000|100%| O|  |TAMS 0x00000001bc400000, 0x00000001bc400000| Untracked 
|1266|0x00000001bc800000, 0x00000001bcc00000, 0x00000001bcc00000|100%| O|  |TAMS 0x00000001bc800000, 0x00000001bc800000| Untracked 
|1267|0x00000001bcc00000, 0x00000001bd000000, 0x00000001bd000000|100%| O|  |TAMS 0x00000001bcc00000, 0x00000001bcc00000| Untracked 
|1268|0x00000001bd000000, 0x00000001bd400000, 0x00000001bd400000|100%| O|  |TAMS 0x00000001bd000000, 0x00000001bd000000| Untracked 
|1269|0x00000001bd400000, 0x00000001bd800000, 0x00000001bd800000|100%| O|  |TAMS 0x00000001bd400000, 0x00000001bd400000| Untracked 
|1270|0x00000001bd800000, 0x00000001bdc00000, 0x00000001bdc00000|100%| O|  |TAMS 0x00000001bd800000, 0x00000001bd800000| Untracked 
|1271|0x00000001bdc00000, 0x00000001be000000, 0x00000001be000000|100%| O|  |TAMS 0x00000001bdc00000, 0x00000001bdc00000| Untracked 
|1272|0x00000001be000000, 0x00000001be400000, 0x00000001be400000|100%| O|  |TAMS 0x00000001be000000, 0x00000001be000000| Untracked 
|1273|0x00000001be400000, 0x00000001be800000, 0x00000001be800000|100%| O|  |TAMS 0x00000001be400000, 0x00000001be400000| Untracked 
|1274|0x00000001be800000, 0x00000001bec00000, 0x00000001bec00000|100%| O|  |TAMS 0x00000001be800000, 0x00000001be800000| Untracked 
|1275|0x00000001bec00000, 0x00000001bf000000, 0x00000001bf000000|100%| O|  |TAMS 0x00000001bec00000, 0x00000001bec00000| Untracked 
|1276|0x00000001bf000000, 0x00000001bf400000, 0x00000001bf400000|100%| O|  |TAMS 0x00000001bf000000, 0x00000001bf000000| Untracked 
|1277|0x00000001bf400000, 0x00000001bf800000, 0x00000001bf800000|100%| O|  |TAMS 0x00000001bf400000, 0x00000001bf400000| Untracked 
|1278|0x00000001bf800000, 0x00000001bfc00000, 0x00000001bfc00000|100%| O|  |TAMS 0x00000001bf800000, 0x00000001bf800000| Untracked 
|1279|0x00000001bfc00000, 0x00000001c0000000, 0x00000001c0000000|100%| O|  |TAMS 0x00000001bfc00000, 0x00000001bfc00000| Untracked 
|1280|0x00000001c0000000, 0x00000001c0400000, 0x00000001c0400000|100%| O|  |TAMS 0x00000001c0000000, 0x00000001c0000000| Untracked 
|1281|0x00000001c0400000, 0x00000001c0800000, 0x00000001c0800000|100%| O|  |TAMS 0x00000001c0400000, 0x00000001c0400000| Untracked 
|1282|0x00000001c0800000, 0x00000001c0c00000, 0x00000001c0c00000|100%| O|  |TAMS 0x00000001c0800000, 0x00000001c0800000| Untracked 
|1283|0x00000001c0c00000, 0x00000001c1000000, 0x00000001c1000000|100%| O|  |TAMS 0x00000001c0c00000, 0x00000001c0c00000| Untracked 
|1284|0x00000001c1000000, 0x00000001c1400000, 0x00000001c1400000|100%| O|  |TAMS 0x00000001c1000000, 0x00000001c1000000| Untracked 
|1285|0x00000001c1400000, 0x00000001c1800000, 0x00000001c1800000|100%| O|  |TAMS 0x00000001c1400000, 0x00000001c1400000| Untracked 
|1286|0x00000001c1800000, 0x00000001c1c00000, 0x00000001c1c00000|100%| O|  |TAMS 0x00000001c1800000, 0x00000001c1800000| Untracked 
|1287|0x00000001c1c00000, 0x00000001c2000000, 0x00000001c2000000|100%| O|  |TAMS 0x00000001c1c00000, 0x00000001c1c00000| Untracked 
|1288|0x00000001c2000000, 0x00000001c2400000, 0x00000001c2400000|100%| O|  |TAMS 0x00000001c2000000, 0x00000001c2000000| Untracked 
|1289|0x00000001c2400000, 0x00000001c2800000, 0x00000001c2800000|100%| O|  |TAMS 0x00000001c2400000, 0x00000001c2400000| Untracked 
|1290|0x00000001c2800000, 0x00000001c2c00000, 0x00000001c2c00000|100%| O|  |TAMS 0x00000001c2800000, 0x00000001c2800000| Untracked 
|1291|0x00000001c2c00000, 0x00000001c3000000, 0x00000001c3000000|100%| O|  |TAMS 0x00000001c2c00000, 0x00000001c2c00000| Untracked 
|1292|0x00000001c3000000, 0x00000001c3400000, 0x00000001c3400000|100%| O|  |TAMS 0x00000001c3000000, 0x00000001c3000000| Untracked 
|1293|0x00000001c3400000, 0x00000001c3800000, 0x00000001c3800000|100%| O|  |TAMS 0x00000001c3400000, 0x00000001c3400000| Untracked 
|1294|0x00000001c3800000, 0x00000001c3c00000, 0x00000001c3c00000|100%| O|  |TAMS 0x00000001c3800000, 0x00000001c3800000| Untracked 
|1295|0x00000001c3c00000, 0x00000001c4000000, 0x00000001c4000000|100%| O|  |TAMS 0x00000001c3c00000, 0x00000001c3c00000| Untracked 
|1296|0x00000001c4000000, 0x00000001c4400000, 0x00000001c4400000|100%| O|  |TAMS 0x00000001c4000000, 0x00000001c4000000| Untracked 
|1297|0x00000001c4400000, 0x00000001c4800000, 0x00000001c4800000|100%| O|  |TAMS 0x00000001c4400000, 0x00000001c4400000| Untracked 
|1298|0x00000001c4800000, 0x00000001c4c00000, 0x00000001c4c00000|100%| O|  |TAMS 0x00000001c4800000, 0x00000001c4800000| Untracked 
|1299|0x00000001c4c00000, 0x00000001c5000000, 0x00000001c5000000|100%| O|  |TAMS 0x00000001c4c00000, 0x00000001c4c00000| Untracked 
|1300|0x00000001c5000000, 0x00000001c5400000, 0x00000001c5400000|100%| O|  |TAMS 0x00000001c5000000, 0x00000001c5000000| Untracked 
|1301|0x00000001c5400000, 0x00000001c5800000, 0x00000001c5800000|100%| O|  |TAMS 0x00000001c5400000, 0x00000001c5400000| Untracked 
|1302|0x00000001c5800000, 0x00000001c5c00000, 0x00000001c5c00000|100%| O|  |TAMS 0x00000001c5800000, 0x00000001c5800000| Untracked 
|1303|0x00000001c5c00000, 0x00000001c6000000, 0x00000001c6000000|100%|HS|  |TAMS 0x00000001c5c00000, 0x00000001c5c00000| Complete 
|1304|0x00000001c6000000, 0x00000001c6400000, 0x00000001c6400000|100%|HC|  |TAMS 0x00000001c6000000, 0x00000001c6000000| Complete 
|1305|0x00000001c6400000, 0x00000001c6800000, 0x00000001c6800000|100%|HC|  |TAMS 0x00000001c6400000, 0x00000001c6400000| Complete 
|1306|0x00000001c6800000, 0x00000001c6c00000, 0x00000001c6c00000|100%|HC|  |TAMS 0x00000001c6800000, 0x00000001c6800000| Complete 
|1307|0x00000001c6c00000, 0x00000001c7000000, 0x00000001c7000000|100%|HC|  |TAMS 0x00000001c6c00000, 0x00000001c6c00000| Complete 
|1308|0x00000001c7000000, 0x00000001c7400000, 0x00000001c7400000|100%|HC|  |TAMS 0x00000001c7000000, 0x00000001c7000000| Complete 
|1309|0x00000001c7400000, 0x00000001c7800000, 0x00000001c7800000|100%|HC|  |TAMS 0x00000001c7400000, 0x00000001c7400000| Complete 
|1310|0x00000001c7800000, 0x00000001c7c00000, 0x00000001c7c00000|100%|HS|  |TAMS 0x00000001c7800000, 0x00000001c7800000| Complete 
|1311|0x00000001c7c00000, 0x00000001c8000000, 0x00000001c8000000|100%|HC|  |TAMS 0x00000001c7c00000, 0x00000001c7c00000| Complete 
|1312|0x00000001c8000000, 0x00000001c8400000, 0x00000001c8400000|100%|HC|  |TAMS 0x00000001c8000000, 0x00000001c8000000| Complete 
|1313|0x00000001c8400000, 0x00000001c8800000, 0x00000001c8800000|100%|HC|  |TAMS 0x00000001c8400000, 0x00000001c8400000| Complete 
|1314|0x00000001c8800000, 0x00000001c8c00000, 0x00000001c8c00000|100%|HC|  |TAMS 0x00000001c8800000, 0x00000001c8800000| Complete 
|1315|0x00000001c8c00000, 0x00000001c9000000, 0x00000001c9000000|100%|HC|  |TAMS 0x00000001c8c00000, 0x00000001c8c00000| Complete 
|1316|0x00000001c9000000, 0x00000001c9400000, 0x00000001c9400000|100%|HC|  |TAMS 0x00000001c9000000, 0x00000001c9000000| Complete 
|1317|0x00000001c9400000, 0x00000001c9800000, 0x00000001c9800000|100%|HS|  |TAMS 0x00000001c9400000, 0x00000001c9400000| Complete 
|1318|0x00000001c9800000, 0x00000001c9c00000, 0x00000001c9c00000|100%|HC|  |TAMS 0x00000001c9800000, 0x00000001c9800000| Complete 
|1319|0x00000001c9c00000, 0x00000001ca000000, 0x00000001ca000000|100%|HC|  |TAMS 0x00000001c9c00000, 0x00000001c9c00000| Complete 
|1320|0x00000001ca000000, 0x00000001ca400000, 0x00000001ca400000|100%|HC|  |TAMS 0x00000001ca000000, 0x00000001ca000000| Complete 
|1321|0x00000001ca400000, 0x00000001ca800000, 0x00000001ca800000|100%|HC|  |TAMS 0x00000001ca400000, 0x00000001ca400000| Complete 
|1322|0x00000001ca800000, 0x00000001cac00000, 0x00000001cac00000|100%|HC|  |TAMS 0x00000001ca800000, 0x00000001ca800000| Complete 
|1323|0x00000001cac00000, 0x00000001cb000000, 0x00000001cb000000|100%|HC|  |TAMS 0x00000001cac00000, 0x00000001cac00000| Complete 
|1324|0x00000001cb000000, 0x00000001cb400000, 0x00000001cb400000|100%|HS|  |TAMS 0x00000001cb000000, 0x00000001cb000000| Complete 
|1325|0x00000001cb400000, 0x00000001cb800000, 0x00000001cb800000|100%|HC|  |TAMS 0x00000001cb400000, 0x00000001cb400000| Complete 
|1326|0x00000001cb800000, 0x00000001cbc00000, 0x00000001cbc00000|100%|HC|  |TAMS 0x00000001cb800000, 0x00000001cb800000| Complete 
|1327|0x00000001cbc00000, 0x00000001cc000000, 0x00000001cc000000|100%|HC|  |TAMS 0x00000001cbc00000, 0x00000001cbc00000| Complete 
|1328|0x00000001cc000000, 0x00000001cc400000, 0x00000001cc400000|100%|HC|  |TAMS 0x00000001cc000000, 0x00000001cc000000| Complete 
|1329|0x00000001cc400000, 0x00000001cc800000, 0x00000001cc800000|100%|HC|  |TAMS 0x00000001cc400000, 0x00000001cc400000| Complete 
|1330|0x00000001cc800000, 0x00000001ccc00000, 0x00000001ccc00000|100%|HC|  |TAMS 0x00000001cc800000, 0x00000001cc800000| Complete 
|1331|0x00000001ccc00000, 0x00000001cd000000, 0x00000001cd000000|100%|HS|  |TAMS 0x00000001ccc00000, 0x00000001ccc00000| Complete 
|1332|0x00000001cd000000, 0x00000001cd400000, 0x00000001cd400000|100%|HC|  |TAMS 0x00000001cd000000, 0x00000001cd000000| Complete 
|1333|0x00000001cd400000, 0x00000001cd800000, 0x00000001cd800000|100%|HC|  |TAMS 0x00000001cd400000, 0x00000001cd400000| Complete 
|1334|0x00000001cd800000, 0x00000001cdc00000, 0x00000001cdc00000|100%|HC|  |TAMS 0x00000001cd800000, 0x00000001cd800000| Complete 
|1335|0x00000001cdc00000, 0x00000001ce000000, 0x00000001ce000000|100%|HC|  |TAMS 0x00000001cdc00000, 0x00000001cdc00000| Complete 
|1336|0x00000001ce000000, 0x00000001ce400000, 0x00000001ce400000|100%|HC|  |TAMS 0x00000001ce000000, 0x00000001ce000000| Complete 
|1337|0x00000001ce400000, 0x00000001ce800000, 0x00000001ce800000|100%|HC|  |TAMS 0x00000001ce400000, 0x00000001ce400000| Complete 
|1338|0x00000001ce800000, 0x00000001cec00000, 0x00000001cec00000|100%|HS|  |TAMS 0x00000001ce800000, 0x00000001ce800000| Complete 
|1339|0x00000001cec00000, 0x00000001cf000000, 0x00000001cf000000|100%|HC|  |TAMS 0x00000001cec00000, 0x00000001cec00000| Complete 
|1340|0x00000001cf000000, 0x00000001cf400000, 0x00000001cf400000|100%|HC|  |TAMS 0x00000001cf000000, 0x00000001cf000000| Complete 
|1341|0x00000001cf400000, 0x00000001cf800000, 0x00000001cf800000|100%|HC|  |TAMS 0x00000001cf400000, 0x00000001cf400000| Complete 
|1342|0x00000001cf800000, 0x00000001cfc00000, 0x00000001cfc00000|100%|HC|  |TAMS 0x00000001cf800000, 0x00000001cf800000| Complete 
|1343|0x00000001cfc00000, 0x00000001d0000000, 0x00000001d0000000|100%|HC|  |TAMS 0x00000001cfc00000, 0x00000001cfc00000| Complete 
|1344|0x00000001d0000000, 0x00000001d0400000, 0x00000001d0400000|100%|HC|  |TAMS 0x00000001d0000000, 0x00000001d0000000| Complete 
|1345|0x00000001d0400000, 0x00000001d0800000, 0x00000001d0800000|100%|HS|  |TAMS 0x00000001d0400000, 0x00000001d0400000| Complete 
|1346|0x00000001d0800000, 0x00000001d0c00000, 0x00000001d0c00000|100%|HC|  |TAMS 0x00000001d0800000, 0x00000001d0800000| Complete 
|1347|0x00000001d0c00000, 0x00000001d1000000, 0x00000001d1000000|100%|HS|  |TAMS 0x00000001d0c00000, 0x00000001d0c00000| Complete 
|1348|0x00000001d1000000, 0x00000001d1400000, 0x00000001d1400000|100%|HC|  |TAMS 0x00000001d1000000, 0x00000001d1000000| Complete 
|1349|0x00000001d1400000, 0x00000001d1800000, 0x00000001d1800000|100%|HC|  |TAMS 0x00000001d1400000, 0x00000001d1400000| Complete 
|1350|0x00000001d1800000, 0x00000001d1c00000, 0x00000001d1c00000|100%|HC|  |TAMS 0x00000001d1800000, 0x00000001d1800000| Complete 
|1351|0x00000001d1c00000, 0x00000001d2000000, 0x00000001d2000000|100%|HC|  |TAMS 0x00000001d1c00000, 0x00000001d1c00000| Complete 
|1352|0x00000001d2000000, 0x00000001d2400000, 0x00000001d2400000|100%|HC|  |TAMS 0x00000001d2000000, 0x00000001d2000000| Complete 
|1353|0x00000001d2400000, 0x00000001d2800000, 0x00000001d2800000|100%|HC|  |TAMS 0x00000001d2400000, 0x00000001d2400000| Complete 
|1354|0x00000001d2800000, 0x00000001d2c00000, 0x00000001d2c00000|100%|HS|  |TAMS 0x00000001d2800000, 0x00000001d2800000| Complete 
|1355|0x00000001d2c00000, 0x00000001d3000000, 0x00000001d3000000|100%|HC|  |TAMS 0x00000001d2c00000, 0x00000001d2c00000| Complete 
|1356|0x00000001d3000000, 0x00000001d3400000, 0x00000001d3400000|100%|HC|  |TAMS 0x00000001d3000000, 0x00000001d3000000| Complete 
|1357|0x00000001d3400000, 0x00000001d3800000, 0x00000001d3800000|100%|HC|  |TAMS 0x00000001d3400000, 0x00000001d3400000| Complete 
|1358|0x00000001d3800000, 0x00000001d3c00000, 0x00000001d3c00000|100%|HC|  |TAMS 0x00000001d3800000, 0x00000001d3800000| Complete 
|1359|0x00000001d3c00000, 0x00000001d4000000, 0x00000001d4000000|100%|HC|  |TAMS 0x00000001d3c00000, 0x00000001d3c00000| Complete 
|1360|0x00000001d4000000, 0x00000001d4400000, 0x00000001d4400000|100%|HC|  |TAMS 0x00000001d4000000, 0x00000001d4000000| Complete 
|1361|0x00000001d4400000, 0x00000001d4800000, 0x00000001d4800000|100%|HS|  |TAMS 0x00000001d4400000, 0x00000001d4400000| Complete 
|1362|0x00000001d4800000, 0x00000001d4c00000, 0x00000001d4c00000|100%|HC|  |TAMS 0x00000001d4800000, 0x00000001d4800000| Complete 
|1363|0x00000001d4c00000, 0x00000001d5000000, 0x00000001d5000000|100%| O|  |TAMS 0x00000001d4c00000, 0x00000001d4c00000| Untracked 
|1364|0x00000001d5000000, 0x00000001d5400000, 0x00000001d5400000|100%| O|  |TAMS 0x00000001d5000000, 0x00000001d5000000| Untracked 
|1365|0x00000001d5400000, 0x00000001d5800000, 0x00000001d5800000|100%| O|  |TAMS 0x00000001d5400000, 0x00000001d5400000| Untracked 
|1366|0x00000001d5800000, 0x00000001d5c00000, 0x00000001d5c00000|100%| O|  |TAMS 0x00000001d5800000, 0x00000001d5800000| Untracked 
|1367|0x00000001d5c00000, 0x00000001d6000000, 0x00000001d6000000|100%| O|  |TAMS 0x00000001d5c00000, 0x00000001d5c00000| Untracked 
|1368|0x00000001d6000000, 0x00000001d6400000, 0x00000001d6400000|100%| O|  |TAMS 0x00000001d6000000, 0x00000001d6000000| Untracked 
|1369|0x00000001d6400000, 0x00000001d6800000, 0x00000001d6800000|100%| O|  |TAMS 0x00000001d6400000, 0x00000001d6400000| Untracked 
|1370|0x00000001d6800000, 0x00000001d6c00000, 0x00000001d6c00000|100%| O|  |TAMS 0x00000001d6800000, 0x00000001d6800000| Untracked 
|1371|0x00000001d6c00000, 0x00000001d7000000, 0x00000001d7000000|100%| O|  |TAMS 0x00000001d6c00000, 0x00000001d6c00000| Untracked 
|1372|0x00000001d7000000, 0x00000001d7400000, 0x00000001d7400000|100%| O|  |TAMS 0x00000001d7000000, 0x00000001d7000000| Untracked 
|1373|0x00000001d7400000, 0x00000001d7800000, 0x00000001d7800000|100%| O|  |TAMS 0x00000001d7400000, 0x00000001d7400000| Untracked 
|1374|0x00000001d7800000, 0x00000001d7c00000, 0x00000001d7c00000|100%| O|  |TAMS 0x00000001d7800000, 0x00000001d7800000| Untracked 
|1375|0x00000001d7c00000, 0x00000001d8000000, 0x00000001d8000000|100%| O|  |TAMS 0x00000001d7c00000, 0x00000001d7c00000| Untracked 
|1376|0x00000001d8000000, 0x00000001d8400000, 0x00000001d8400000|100%| O|  |TAMS 0x00000001d8000000, 0x00000001d8000000| Untracked 
|1377|0x00000001d8400000, 0x00000001d8800000, 0x00000001d8800000|100%| O|  |TAMS 0x00000001d8400000, 0x00000001d8400000| Untracked 
|1378|0x00000001d8800000, 0x00000001d8c00000, 0x00000001d8c00000|100%| O|  |TAMS 0x00000001d8800000, 0x00000001d8800000| Untracked 
|1379|0x00000001d8c00000, 0x00000001d9000000, 0x00000001d9000000|100%| O|  |TAMS 0x00000001d8c00000, 0x00000001d8c00000| Untracked 
|1380|0x00000001d9000000, 0x00000001d9400000, 0x00000001d9400000|100%| O|  |TAMS 0x00000001d9000000, 0x00000001d9000000| Untracked 
|1381|0x00000001d9400000, 0x00000001d9800000, 0x00000001d9800000|100%| O|  |TAMS 0x00000001d9400000, 0x00000001d9400000| Untracked 
|1382|0x00000001d9800000, 0x00000001d9c00000, 0x00000001d9c00000|100%| O|  |TAMS 0x00000001d9800000, 0x00000001d9800000| Untracked 
|1383|0x00000001d9c00000, 0x00000001da000000, 0x00000001da000000|100%| O|  |TAMS 0x00000001d9c00000, 0x00000001d9c00000| Untracked 
|1384|0x00000001da000000, 0x00000001da400000, 0x00000001da400000|100%| O|  |TAMS 0x00000001da000000, 0x00000001da000000| Untracked 
|1385|0x00000001da400000, 0x00000001da800000, 0x00000001da800000|100%| O|  |TAMS 0x00000001da400000, 0x00000001da400000| Untracked 
|1386|0x00000001da800000, 0x00000001dac00000, 0x00000001dac00000|100%| O|  |TAMS 0x00000001da800000, 0x00000001da800000| Untracked 
|1387|0x00000001dac00000, 0x00000001db000000, 0x00000001db000000|100%| O|  |TAMS 0x00000001dac00000, 0x00000001dac00000| Untracked 
|1388|0x00000001db000000, 0x00000001db400000, 0x00000001db400000|100%| O|  |TAMS 0x00000001db000000, 0x00000001db000000| Untracked 
|1389|0x00000001db400000, 0x00000001db800000, 0x00000001db800000|100%| O|  |TAMS 0x00000001db400000, 0x00000001db400000| Untracked 
|1390|0x00000001db800000, 0x00000001dbc00000, 0x00000001dbc00000|100%| O|  |TAMS 0x00000001db800000, 0x00000001db800000| Untracked 
|1391|0x00000001dbc00000, 0x00000001dc000000, 0x00000001dc000000|100%| O|  |TAMS 0x00000001dbc00000, 0x00000001dbc00000| Untracked 
|1392|0x00000001dc000000, 0x00000001dc400000, 0x00000001dc400000|100%| O|  |TAMS 0x00000001dc000000, 0x00000001dc000000| Untracked 
|1393|0x00000001dc400000, 0x00000001dc800000, 0x00000001dc800000|100%| O|  |TAMS 0x00000001dc400000, 0x00000001dc400000| Untracked 
|1394|0x00000001dc800000, 0x00000001dcc00000, 0x00000001dcc00000|100%| O|  |TAMS 0x00000001dc800000, 0x00000001dc800000| Untracked 
|1395|0x00000001dcc00000, 0x00000001dd000000, 0x00000001dd000000|100%| O|  |TAMS 0x00000001dcc00000, 0x00000001dcc00000| Untracked 
|1396|0x00000001dd000000, 0x00000001dd400000, 0x00000001dd400000|100%| O|  |TAMS 0x00000001dd000000, 0x00000001dd000000| Untracked 
|1397|0x00000001dd400000, 0x00000001dd800000, 0x00000001dd800000|100%| O|  |TAMS 0x00000001dd400000, 0x00000001dd400000| Untracked 
|1398|0x00000001dd800000, 0x00000001ddc00000, 0x00000001ddc00000|100%| O|  |TAMS 0x00000001dd800000, 0x00000001dd800000| Untracked 
|1399|0x00000001ddc00000, 0x00000001de000000, 0x00000001de000000|100%| O|  |TAMS 0x00000001ddc00000, 0x00000001ddc00000| Untracked 
|1400|0x00000001de000000, 0x00000001de400000, 0x00000001de400000|100%| O|  |TAMS 0x00000001de000000, 0x00000001de000000| Untracked 
|1401|0x00000001de400000, 0x00000001de800000, 0x00000001de800000|100%| O|  |TAMS 0x00000001de400000, 0x00000001de400000| Untracked 
|1402|0x00000001de800000, 0x00000001dec00000, 0x00000001dec00000|100%| O|  |TAMS 0x00000001de800000, 0x00000001de800000| Untracked 
|1403|0x00000001dec00000, 0x00000001df000000, 0x00000001df000000|100%| O|  |TAMS 0x00000001dec00000, 0x00000001dec00000| Untracked 
|1404|0x00000001df000000, 0x00000001df400000, 0x00000001df400000|100%| O|  |TAMS 0x00000001df000000, 0x00000001df000000| Untracked 
|1405|0x00000001df400000, 0x00000001df800000, 0x00000001df800000|100%| O|  |TAMS 0x00000001df400000, 0x00000001df400000| Untracked 
|1406|0x00000001df800000, 0x00000001dfc00000, 0x00000001dfc00000|100%| O|  |TAMS 0x00000001df800000, 0x00000001df800000| Untracked 
|1407|0x00000001dfc00000, 0x00000001e0000000, 0x00000001e0000000|100%| O|  |TAMS 0x00000001dfc00000, 0x00000001dfc00000| Untracked 
|1408|0x00000001e0000000, 0x00000001e0400000, 0x00000001e0400000|100%|HS|  |TAMS 0x00000001e0000000, 0x00000001e0000000| Complete 
|1409|0x00000001e0400000, 0x00000001e0800000, 0x00000001e0800000|100%|HC|  |TAMS 0x00000001e0400000, 0x00000001e0400000| Complete 
|1410|0x00000001e0800000, 0x00000001e0c00000, 0x00000001e0c00000|100%|HC|  |TAMS 0x00000001e0800000, 0x00000001e0800000| Complete 
|1411|0x00000001e0c00000, 0x00000001e1000000, 0x00000001e1000000|100%|HC|  |TAMS 0x00000001e0c00000, 0x00000001e0c00000| Complete 
|1412|0x00000001e1000000, 0x00000001e1400000, 0x00000001e1400000|100%|HC|  |TAMS 0x00000001e1000000, 0x00000001e1000000| Complete 
|1413|0x00000001e1400000, 0x00000001e1800000, 0x00000001e1800000|100%|HC|  |TAMS 0x00000001e1400000, 0x00000001e1400000| Complete 
|1414|0x00000001e1800000, 0x00000001e1c00000, 0x00000001e1c00000|100%|HC|  |TAMS 0x00000001e1800000, 0x00000001e1800000| Complete 
|1415|0x00000001e1c00000, 0x00000001e2000000, 0x00000001e2000000|100%|HS|  |TAMS 0x00000001e1c00000, 0x00000001e1c00000| Complete 
|1416|0x00000001e2000000, 0x00000001e2400000, 0x00000001e2400000|100%|HC|  |TAMS 0x00000001e2000000, 0x00000001e2000000| Complete 
|1417|0x00000001e2400000, 0x00000001e2800000, 0x00000001e2800000|100%|HC|  |TAMS 0x00000001e2400000, 0x00000001e2400000| Complete 
|1418|0x00000001e2800000, 0x00000001e2c00000, 0x00000001e2c00000|100%|HC|  |TAMS 0x00000001e2800000, 0x00000001e2800000| Complete 
|1419|0x00000001e2c00000, 0x00000001e3000000, 0x00000001e3000000|100%|HC|  |TAMS 0x00000001e2c00000, 0x00000001e2c00000| Complete 
|1420|0x00000001e3000000, 0x00000001e3400000, 0x00000001e3400000|100%|HC|  |TAMS 0x00000001e3000000, 0x00000001e3000000| Complete 
|1421|0x00000001e3400000, 0x00000001e3800000, 0x00000001e3800000|100%|HC|  |TAMS 0x00000001e3400000, 0x00000001e3400000| Complete 
|1422|0x00000001e3800000, 0x00000001e3c00000, 0x00000001e3c00000|100%|HS|  |TAMS 0x00000001e3800000, 0x00000001e3800000| Complete 
|1423|0x00000001e3c00000, 0x00000001e4000000, 0x00000001e4000000|100%|HC|  |TAMS 0x00000001e3c00000, 0x00000001e3c00000| Complete 
|1424|0x00000001e4000000, 0x00000001e4400000, 0x00000001e4400000|100%|HC|  |TAMS 0x00000001e4000000, 0x00000001e4000000| Complete 
|1425|0x00000001e4400000, 0x00000001e4800000, 0x00000001e4800000|100%|HC|  |TAMS 0x00000001e4400000, 0x00000001e4400000| Complete 
|1426|0x00000001e4800000, 0x00000001e4c00000, 0x00000001e4c00000|100%|HC|  |TAMS 0x00000001e4800000, 0x00000001e4800000| Complete 
|1427|0x00000001e4c00000, 0x00000001e5000000, 0x00000001e5000000|100%|HC|  |TAMS 0x00000001e4c00000, 0x00000001e4c00000| Complete 
|1428|0x00000001e5000000, 0x00000001e5400000, 0x00000001e5400000|100%|HC|  |TAMS 0x00000001e5000000, 0x00000001e5000000| Complete 
|1429|0x00000001e5400000, 0x00000001e5800000, 0x00000001e5800000|100%|HS|  |TAMS 0x00000001e5400000, 0x00000001e5400000| Complete 
|1430|0x00000001e5800000, 0x00000001e5c00000, 0x00000001e5c00000|100%|HC|  |TAMS 0x00000001e5800000, 0x00000001e5800000| Complete 
|1431|0x00000001e5c00000, 0x00000001e6000000, 0x00000001e6000000|100%|HC|  |TAMS 0x00000001e5c00000, 0x00000001e5c00000| Complete 
|1432|0x00000001e6000000, 0x00000001e6400000, 0x00000001e6400000|100%|HC|  |TAMS 0x00000001e6000000, 0x00000001e6000000| Complete 
|1433|0x00000001e6400000, 0x00000001e6800000, 0x00000001e6800000|100%|HC|  |TAMS 0x00000001e6400000, 0x00000001e6400000| Complete 
|1434|0x00000001e6800000, 0x00000001e6c00000, 0x00000001e6c00000|100%|HC|  |TAMS 0x00000001e6800000, 0x00000001e6800000| Complete 
|1435|0x00000001e6c00000, 0x00000001e7000000, 0x00000001e7000000|100%|HC|  |TAMS 0x00000001e6c00000, 0x00000001e6c00000| Complete 
|1436|0x00000001e7000000, 0x00000001e7400000, 0x00000001e7400000|100%|HS|  |TAMS 0x00000001e7000000, 0x00000001e7000000| Complete 
|1437|0x00000001e7400000, 0x00000001e7800000, 0x00000001e7800000|100%|HC|  |TAMS 0x00000001e7400000, 0x00000001e7400000| Complete 
|1438|0x00000001e7800000, 0x00000001e7c00000, 0x00000001e7c00000|100%|HC|  |TAMS 0x00000001e7800000, 0x00000001e7800000| Complete 
|1439|0x00000001e7c00000, 0x00000001e8000000, 0x00000001e8000000|100%|HC|  |TAMS 0x00000001e7c00000, 0x00000001e7c00000| Complete 
|1440|0x00000001e8000000, 0x00000001e8400000, 0x00000001e8400000|100%|HC|  |TAMS 0x00000001e8000000, 0x00000001e8000000| Complete 
|1441|0x00000001e8400000, 0x00000001e8800000, 0x00000001e8800000|100%|HC|  |TAMS 0x00000001e8400000, 0x00000001e8400000| Complete 
|1442|0x00000001e8800000, 0x00000001e8c00000, 0x00000001e8c00000|100%|HC|  |TAMS 0x00000001e8800000, 0x00000001e8800000| Complete 
|1443|0x00000001e8c00000, 0x00000001e9000000, 0x00000001e9000000|100%|HS|  |TAMS 0x00000001e8c00000, 0x00000001e8c00000| Complete 
|1444|0x00000001e9000000, 0x00000001e9400000, 0x00000001e9400000|100%|HC|  |TAMS 0x00000001e9000000, 0x00000001e9000000| Complete 
|1445|0x00000001e9400000, 0x00000001e9800000, 0x00000001e9800000|100%|HC|  |TAMS 0x00000001e9400000, 0x00000001e9400000| Complete 
|1446|0x00000001e9800000, 0x00000001e9c00000, 0x00000001e9c00000|100%|HC|  |TAMS 0x00000001e9800000, 0x00000001e9800000| Complete 
|1447|0x00000001e9c00000, 0x00000001ea000000, 0x00000001ea000000|100%|HC|  |TAMS 0x00000001e9c00000, 0x00000001e9c00000| Complete 
|1448|0x00000001ea000000, 0x00000001ea400000, 0x00000001ea400000|100%|HC|  |TAMS 0x00000001ea000000, 0x00000001ea000000| Complete 
|1449|0x00000001ea400000, 0x00000001ea800000, 0x00000001ea800000|100%|HC|  |TAMS 0x00000001ea400000, 0x00000001ea400000| Complete 
|1450|0x00000001ea800000, 0x00000001eac00000, 0x00000001eac00000|100%| O|  |TAMS 0x00000001ea800000, 0x00000001ea800000| Untracked 
|1451|0x00000001eac00000, 0x00000001eb000000, 0x00000001eb000000|100%| O|  |TAMS 0x00000001eac00000, 0x00000001eac00000| Untracked 
|1452|0x00000001eb000000, 0x00000001eb400000, 0x00000001eb400000|100%| O|  |TAMS 0x00000001eb000000, 0x00000001eb000000| Untracked 
|1453|0x00000001eb400000, 0x00000001eb800000, 0x00000001eb800000|100%| O|  |TAMS 0x00000001eb400000, 0x00000001eb400000| Untracked 
|1454|0x00000001eb800000, 0x00000001ebc00000, 0x00000001ebc00000|100%| O|  |TAMS 0x00000001eb800000, 0x00000001eb800000| Untracked 
|1455|0x00000001ebc00000, 0x00000001ec000000, 0x00000001ec000000|100%| O|  |TAMS 0x00000001ebc00000, 0x00000001ebc00000| Untracked 
|1456|0x00000001ec000000, 0x00000001ec400000, 0x00000001ec400000|100%| O|  |TAMS 0x00000001ec000000, 0x00000001ec000000| Untracked 
|1457|0x00000001ec400000, 0x00000001ec800000, 0x00000001ec800000|100%| O|  |TAMS 0x00000001ec400000, 0x00000001ec400000| Untracked 
|1458|0x00000001ec800000, 0x00000001ecc00000, 0x00000001ecc00000|100%| O|  |TAMS 0x00000001ec800000, 0x00000001ec800000| Untracked 
|1459|0x00000001ecc00000, 0x00000001ed000000, 0x00000001ed000000|100%| O|  |TAMS 0x00000001ecc00000, 0x00000001ecc00000| Untracked 
|1460|0x00000001ed000000, 0x00000001ed400000, 0x00000001ed400000|100%| O|  |TAMS 0x00000001ed000000, 0x00000001ed000000| Untracked 
|1461|0x00000001ed400000, 0x00000001ed800000, 0x00000001ed800000|100%| O|  |TAMS 0x00000001ed400000, 0x00000001ed400000| Untracked 
|1462|0x00000001ed800000, 0x00000001edc00000, 0x00000001edc00000|100%| O|  |TAMS 0x00000001ed800000, 0x00000001ed800000| Untracked 
|1463|0x00000001edc00000, 0x00000001ee000000, 0x00000001ee000000|100%| O|  |TAMS 0x00000001edc00000, 0x00000001edc00000| Untracked 
|1464|0x00000001ee000000, 0x00000001ee400000, 0x00000001ee400000|100%| O|  |TAMS 0x00000001ee000000, 0x00000001ee000000| Untracked 
|1465|0x00000001ee400000, 0x00000001ee800000, 0x00000001ee800000|100%| O|  |TAMS 0x00000001ee400000, 0x00000001ee400000| Untracked 
|1466|0x00000001ee800000, 0x00000001eec00000, 0x00000001eec00000|100%| O|  |TAMS 0x00000001ee800000, 0x00000001ee800000| Untracked 
|1467|0x00000001eec00000, 0x00000001ef000000, 0x00000001ef000000|100%| O|  |TAMS 0x00000001eec00000, 0x00000001eec00000| Untracked 
|1468|0x00000001ef000000, 0x00000001ef400000, 0x00000001ef400000|100%| O|  |TAMS 0x00000001ef000000, 0x00000001ef000000| Untracked 
|1469|0x00000001ef400000, 0x00000001ef800000, 0x00000001ef800000|100%| O|  |TAMS 0x00000001ef400000, 0x00000001ef400000| Untracked 
|1470|0x00000001ef800000, 0x00000001efc00000, 0x00000001efc00000|100%| O|  |TAMS 0x00000001ef800000, 0x00000001ef800000| Untracked 
|1471|0x00000001efc00000, 0x00000001f0000000, 0x00000001f0000000|100%| O|  |TAMS 0x00000001efc00000, 0x00000001efc00000| Untracked 
|1472|0x00000001f0000000, 0x00000001f0400000, 0x00000001f0400000|100%| O|  |TAMS 0x00000001f0000000, 0x00000001f0000000| Untracked 
|1473|0x00000001f0400000, 0x00000001f0800000, 0x00000001f0800000|100%| O|  |TAMS 0x00000001f0400000, 0x00000001f0400000| Untracked 
|1474|0x00000001f0800000, 0x00000001f0c00000, 0x00000001f0c00000|100%| O|  |TAMS 0x00000001f0800000, 0x00000001f0800000| Untracked 
|1475|0x00000001f0c00000, 0x00000001f1000000, 0x00000001f1000000|100%| O|  |TAMS 0x00000001f0c00000, 0x00000001f0c00000| Untracked 
|1476|0x00000001f1000000, 0x00000001f1400000, 0x00000001f1400000|100%| O|  |TAMS 0x00000001f1000000, 0x00000001f1000000| Untracked 
|1477|0x00000001f1400000, 0x00000001f1800000, 0x00000001f1800000|100%| O|  |TAMS 0x00000001f1400000, 0x00000001f1400000| Untracked 
|1478|0x00000001f1800000, 0x00000001f1c00000, 0x00000001f1c00000|100%| O|  |TAMS 0x00000001f1800000, 0x00000001f1800000| Untracked 
|1479|0x00000001f1c00000, 0x00000001f2000000, 0x00000001f2000000|100%| O|  |TAMS 0x00000001f1c00000, 0x00000001f1c00000| Untracked 
|1480|0x00000001f2000000, 0x00000001f2400000, 0x00000001f2400000|100%| O|  |TAMS 0x00000001f2000000, 0x00000001f2000000| Untracked 
|1481|0x00000001f2400000, 0x00000001f2800000, 0x00000001f2800000|100%| O|  |TAMS 0x00000001f2400000, 0x00000001f2400000| Untracked 
|1482|0x00000001f2800000, 0x00000001f2c00000, 0x00000001f2c00000|100%|HS|  |TAMS 0x00000001f2800000, 0x00000001f2800000| Complete 
|1483|0x00000001f2c00000, 0x00000001f3000000, 0x00000001f3000000|100%|HC|  |TAMS 0x00000001f2c00000, 0x00000001f2c00000| Complete 
|1484|0x00000001f3000000, 0x00000001f3400000, 0x00000001f3400000|100%|HC|  |TAMS 0x00000001f3000000, 0x00000001f3000000| Complete 
|1485|0x00000001f3400000, 0x00000001f3800000, 0x00000001f3800000|100%|HC|  |TAMS 0x00000001f3400000, 0x00000001f3400000| Complete 
|1486|0x00000001f3800000, 0x00000001f3c00000, 0x00000001f3c00000|100%|HC|  |TAMS 0x00000001f3800000, 0x00000001f3800000| Complete 
|1487|0x00000001f3c00000, 0x00000001f4000000, 0x00000001f4000000|100%|HC|  |TAMS 0x00000001f3c00000, 0x00000001f3c00000| Complete 
|1488|0x00000001f4000000, 0x00000001f4400000, 0x00000001f4400000|100%|HC|  |TAMS 0x00000001f4000000, 0x00000001f4000000| Complete 
|1489|0x00000001f4400000, 0x00000001f4800000, 0x00000001f4800000|100%|HS|  |TAMS 0x00000001f4400000, 0x00000001f4400000| Complete 
|1490|0x00000001f4800000, 0x00000001f4c00000, 0x00000001f4c00000|100%|HC|  |TAMS 0x00000001f4800000, 0x00000001f4800000| Complete 
|1491|0x00000001f4c00000, 0x00000001f5000000, 0x00000001f5000000|100%|HC|  |TAMS 0x00000001f4c00000, 0x00000001f4c00000| Complete 
|1492|0x00000001f5000000, 0x00000001f5400000, 0x00000001f5400000|100%|HC|  |TAMS 0x00000001f5000000, 0x00000001f5000000| Complete 
|1493|0x00000001f5400000, 0x00000001f5800000, 0x00000001f5800000|100%|HC|  |TAMS 0x00000001f5400000, 0x00000001f5400000| Complete 
|1494|0x00000001f5800000, 0x00000001f5c00000, 0x00000001f5c00000|100%|HC|  |TAMS 0x00000001f5800000, 0x00000001f5800000| Complete 
|1495|0x00000001f5c00000, 0x00000001f6000000, 0x00000001f6000000|100%|HC|  |TAMS 0x00000001f5c00000, 0x00000001f5c00000| Complete 
|1496|0x00000001f6000000, 0x00000001f6400000, 0x00000001f6400000|100%|HS|  |TAMS 0x00000001f6000000, 0x00000001f6000000| Complete 
|1497|0x00000001f6400000, 0x00000001f6800000, 0x00000001f6800000|100%|HC|  |TAMS 0x00000001f6400000, 0x00000001f6400000| Complete 
|1498|0x00000001f6800000, 0x00000001f6c00000, 0x00000001f6c00000|100%|HC|  |TAMS 0x00000001f6800000, 0x00000001f6800000| Complete 
|1499|0x00000001f6c00000, 0x00000001f7000000, 0x00000001f7000000|100%|HC|  |TAMS 0x00000001f6c00000, 0x00000001f6c00000| Complete 
|1500|0x00000001f7000000, 0x00000001f7400000, 0x00000001f7400000|100%|HC|  |TAMS 0x00000001f7000000, 0x00000001f7000000| Complete 
|1501|0x00000001f7400000, 0x00000001f7800000, 0x00000001f7800000|100%|HC|  |TAMS 0x00000001f7400000, 0x00000001f7400000| Complete 
|1502|0x00000001f7800000, 0x00000001f7c00000, 0x00000001f7c00000|100%|HC|  |TAMS 0x00000001f7800000, 0x00000001f7800000| Complete 
|1503|0x00000001f7c00000, 0x00000001f8000000, 0x00000001f8000000|100%|HS|  |TAMS 0x00000001f7c00000, 0x00000001f7c00000| Complete 
|1504|0x00000001f8000000, 0x00000001f8400000, 0x00000001f8400000|100%|HC|  |TAMS 0x00000001f8000000, 0x00000001f8000000| Complete 
|1505|0x00000001f8400000, 0x00000001f8800000, 0x00000001f8800000|100%|HC|  |TAMS 0x00000001f8400000, 0x00000001f8400000| Complete 
|1506|0x00000001f8800000, 0x00000001f8c00000, 0x00000001f8c00000|100%|HC|  |TAMS 0x00000001f8800000, 0x00000001f8800000| Complete 
|1507|0x00000001f8c00000, 0x00000001f9000000, 0x00000001f9000000|100%|HC|  |TAMS 0x00000001f8c00000, 0x00000001f8c00000| Complete 
|1508|0x00000001f9000000, 0x00000001f9400000, 0x00000001f9400000|100%|HC|  |TAMS 0x00000001f9000000, 0x00000001f9000000| Complete 
|1509|0x00000001f9400000, 0x00000001f9800000, 0x00000001f9800000|100%|HC|  |TAMS 0x00000001f9400000, 0x00000001f9400000| Complete 
|1510|0x00000001f9800000, 0x00000001f9c00000, 0x00000001f9c00000|100%|HS|  |TAMS 0x00000001f9800000, 0x00000001f9800000| Complete 
|1511|0x00000001f9c00000, 0x00000001fa000000, 0x00000001fa000000|100%|HC|  |TAMS 0x00000001f9c00000, 0x00000001f9c00000| Complete 
|1512|0x00000001fa000000, 0x00000001fa400000, 0x00000001fa400000|100%|HC|  |TAMS 0x00000001fa000000, 0x00000001fa000000| Complete 
|1513|0x00000001fa400000, 0x00000001fa800000, 0x00000001fa800000|100%|HC|  |TAMS 0x00000001fa400000, 0x00000001fa400000| Complete 
|1514|0x00000001fa800000, 0x00000001fac00000, 0x00000001fac00000|100%|HC|  |TAMS 0x00000001fa800000, 0x00000001fa800000| Complete 
|1515|0x00000001fac00000, 0x00000001fb000000, 0x00000001fb000000|100%|HC|  |TAMS 0x00000001fac00000, 0x00000001fac00000| Complete 
|1516|0x00000001fb000000, 0x00000001fb400000, 0x00000001fb400000|100%|HC|  |TAMS 0x00000001fb000000, 0x00000001fb000000| Complete 
|1517|0x00000001fb400000, 0x00000001fb800000, 0x00000001fb800000|100%|HS|  |TAMS 0x00000001fb400000, 0x00000001fb400000| Complete 
|1518|0x00000001fb800000, 0x00000001fbc00000, 0x00000001fbc00000|100%|HC|  |TAMS 0x00000001fb800000, 0x00000001fb800000| Complete 
|1519|0x00000001fbc00000, 0x00000001fc000000, 0x00000001fc000000|100%|HC|  |TAMS 0x00000001fbc00000, 0x00000001fbc00000| Complete 
|1520|0x00000001fc000000, 0x00000001fc400000, 0x00000001fc400000|100%|HC|  |TAMS 0x00000001fc000000, 0x00000001fc000000| Complete 
|1521|0x00000001fc400000, 0x00000001fc800000, 0x00000001fc800000|100%|HC|  |TAMS 0x00000001fc400000, 0x00000001fc400000| Complete 
|1522|0x00000001fc800000, 0x00000001fcc00000, 0x00000001fcc00000|100%|HC|  |TAMS 0x00000001fc800000, 0x00000001fc800000| Complete 
|1523|0x00000001fcc00000, 0x00000001fd000000, 0x00000001fd000000|100%|HC|  |TAMS 0x00000001fcc00000, 0x00000001fcc00000| Complete 
|1524|0x00000001fd000000, 0x00000001fd400000, 0x00000001fd400000|100%|HS|  |TAMS 0x00000001fd000000, 0x00000001fd000000| Complete 
|1525|0x00000001fd400000, 0x00000001fd800000, 0x00000001fd800000|100%|HC|  |TAMS 0x00000001fd400000, 0x00000001fd400000| Complete 
|1526|0x00000001fd800000, 0x00000001fdc00000, 0x00000001fdc00000|100%|HC|  |TAMS 0x00000001fd800000, 0x00000001fd800000| Complete 
|1527|0x00000001fdc00000, 0x00000001fe000000, 0x00000001fe000000|100%|HC|  |TAMS 0x00000001fdc00000, 0x00000001fdc00000| Complete 
|1528|0x00000001fe000000, 0x00000001fe400000, 0x00000001fe400000|100%|HC|  |TAMS 0x00000001fe000000, 0x00000001fe000000| Complete 
|1529|0x00000001fe400000, 0x00000001fe800000, 0x00000001fe800000|100%|HC|  |TAMS 0x00000001fe400000, 0x00000001fe400000| Complete 
|1530|0x00000001fe800000, 0x00000001fec00000, 0x00000001fec00000|100%|HC|  |TAMS 0x00000001fe800000, 0x00000001fe800000| Complete 
|1531|0x00000001fec00000, 0x00000001ff000000, 0x00000001ff000000|100%|HS|  |TAMS 0x00000001fec00000, 0x00000001fec00000| Complete 
|1532|0x00000001ff000000, 0x00000001ff400000, 0x00000001ff400000|100%|HC|  |TAMS 0x00000001ff000000, 0x00000001ff000000| Complete 
|1533|0x00000001ff400000, 0x00000001ff800000, 0x00000001ff800000|100%|HC|  |TAMS 0x00000001ff400000, 0x00000001ff400000| Complete 
|1534|0x00000001ff800000, 0x00000001ffc00000, 0x00000001ffc00000|100%|HC|  |TAMS 0x00000001ff800000, 0x00000001ff800000| Complete 
|1535|0x00000001ffc00000, 0x0000000200000000, 0x0000000200000000|100%|HC|  |TAMS 0x00000001ffc00000, 0x00000001ffc00000| Complete 
|1536|0x0000000200000000, 0x0000000200400000, 0x0000000200400000|100%|HC|  |TAMS 0x0000000200000000, 0x0000000200000000| Complete 
|1537|0x0000000200400000, 0x0000000200800000, 0x0000000200800000|100%|HC|  |TAMS 0x0000000200400000, 0x0000000200400000| Complete 
|1538|0x0000000200800000, 0x0000000200c00000, 0x0000000200c00000|100%| O|  |TAMS 0x0000000200800000, 0x0000000200800000| Untracked 
|1539|0x0000000200c00000, 0x0000000201000000, 0x0000000201000000|100%| O|  |TAMS 0x0000000200c00000, 0x0000000200c00000| Untracked 
|1540|0x0000000201000000, 0x0000000201400000, 0x0000000201400000|100%| O|  |TAMS 0x0000000201000000, 0x0000000201000000| Untracked 
|1541|0x0000000201400000, 0x0000000201800000, 0x0000000201800000|100%| O|  |TAMS 0x0000000201400000, 0x0000000201400000| Untracked 
|1542|0x0000000201800000, 0x0000000201c00000, 0x0000000201c00000|100%| O|  |TAMS 0x0000000201800000, 0x0000000201800000| Untracked 
|1543|0x0000000201c00000, 0x0000000202000000, 0x0000000202000000|100%| O|  |TAMS 0x0000000201c00000, 0x0000000201c00000| Untracked 
|1544|0x0000000202000000, 0x0000000202400000, 0x0000000202400000|100%| O|  |TAMS 0x0000000202000000, 0x0000000202000000| Untracked 
|1545|0x0000000202400000, 0x0000000202800000, 0x0000000202800000|100%| O|  |TAMS 0x0000000202400000, 0x0000000202400000| Untracked 
|1546|0x0000000202800000, 0x0000000202c00000, 0x0000000202c00000|100%| O|  |TAMS 0x0000000202800000, 0x0000000202800000| Untracked 
|1547|0x0000000202c00000, 0x0000000203000000, 0x0000000203000000|100%| O|  |TAMS 0x0000000202c00000, 0x0000000202c00000| Untracked 
|1548|0x0000000203000000, 0x0000000203400000, 0x0000000203400000|100%| O|  |TAMS 0x0000000203000000, 0x0000000203000000| Untracked 
|1549|0x0000000203400000, 0x0000000203800000, 0x0000000203800000|100%| O|  |TAMS 0x0000000203400000, 0x0000000203400000| Untracked 
|1550|0x0000000203800000, 0x0000000203c00000, 0x0000000203c00000|100%| O|  |TAMS 0x0000000203800000, 0x0000000203800000| Untracked 
|1551|0x0000000203c00000, 0x0000000204000000, 0x0000000204000000|100%| O|  |TAMS 0x0000000203c00000, 0x0000000203c00000| Untracked 
|1552|0x0000000204000000, 0x0000000204400000, 0x0000000204400000|100%| O|  |TAMS 0x0000000204000000, 0x0000000204000000| Untracked 
|1553|0x0000000204400000, 0x0000000204800000, 0x0000000204800000|100%| O|  |TAMS 0x0000000204400000, 0x0000000204400000| Untracked 
|1554|0x0000000204800000, 0x0000000204c00000, 0x0000000204c00000|100%| O|  |TAMS 0x0000000204800000, 0x0000000204800000| Untracked 
|1555|0x0000000204c00000, 0x0000000205000000, 0x0000000205000000|100%| O|  |TAMS 0x0000000204c00000, 0x0000000204c00000| Untracked 
|1556|0x0000000205000000, 0x0000000205400000, 0x0000000205400000|100%| O|  |TAMS 0x0000000205000000, 0x0000000205000000| Untracked 
|1557|0x0000000205400000, 0x0000000205800000, 0x0000000205800000|100%| O|  |TAMS 0x0000000205400000, 0x0000000205400000| Untracked 
|1558|0x0000000205800000, 0x0000000205c00000, 0x0000000205c00000|100%| O|  |TAMS 0x0000000205800000, 0x0000000205800000| Untracked 
|1559|0x0000000205c00000, 0x0000000206000000, 0x0000000206000000|100%| O|  |TAMS 0x0000000205c00000, 0x0000000205c00000| Untracked 
|1560|0x0000000206000000, 0x0000000206400000, 0x0000000206400000|100%| O|  |TAMS 0x0000000206000000, 0x0000000206000000| Untracked 
|1561|0x0000000206400000, 0x0000000206800000, 0x0000000206800000|100%| O|  |TAMS 0x0000000206400000, 0x0000000206400000| Untracked 
|1562|0x0000000206800000, 0x0000000206c00000, 0x0000000206c00000|100%| O|  |TAMS 0x0000000206800000, 0x0000000206800000| Untracked 
|1563|0x0000000206c00000, 0x0000000207000000, 0x0000000207000000|100%| O|  |TAMS 0x0000000206c00000, 0x0000000206c00000| Untracked 
|1564|0x0000000207000000, 0x0000000207400000, 0x0000000207400000|100%| O|  |TAMS 0x0000000207000000, 0x0000000207000000| Untracked 
|1565|0x0000000207400000, 0x0000000207800000, 0x0000000207800000|100%| O|  |TAMS 0x0000000207400000, 0x0000000207400000| Untracked 
|1566|0x0000000207800000, 0x0000000207c00000, 0x0000000207c00000|100%| O|  |TAMS 0x0000000207800000, 0x0000000207800000| Untracked 
|1567|0x0000000207c00000, 0x0000000208000000, 0x0000000208000000|100%| O|  |TAMS 0x0000000207c00000, 0x0000000207c00000| Untracked 
|1568|0x0000000208000000, 0x0000000208400000, 0x0000000208400000|100%| O|  |TAMS 0x0000000208000000, 0x0000000208000000| Untracked 
|1569|0x0000000208400000, 0x0000000208800000, 0x0000000208800000|100%| O|  |TAMS 0x0000000208400000, 0x0000000208400000| Untracked 
|1570|0x0000000208800000, 0x0000000208c00000, 0x0000000208c00000|100%| O|  |TAMS 0x0000000208800000, 0x0000000208800000| Untracked 
|1571|0x0000000208c00000, 0x0000000209000000, 0x0000000209000000|100%| O|  |TAMS 0x0000000208c00000, 0x0000000208c00000| Untracked 
|1572|0x0000000209000000, 0x0000000209400000, 0x0000000209400000|100%| O|  |TAMS 0x0000000209000000, 0x0000000209000000| Untracked 
|1573|0x0000000209400000, 0x0000000209800000, 0x0000000209800000|100%| O|  |TAMS 0x0000000209400000, 0x0000000209400000| Untracked 
|1574|0x0000000209800000, 0x0000000209c00000, 0x0000000209c00000|100%| O|  |TAMS 0x0000000209800000, 0x0000000209800000| Untracked 
|1575|0x0000000209c00000, 0x000000020a000000, 0x000000020a000000|100%| O|  |TAMS 0x0000000209c00000, 0x0000000209c00000| Untracked 
|1576|0x000000020a000000, 0x000000020a400000, 0x000000020a400000|100%| O|  |TAMS 0x000000020a000000, 0x000000020a000000| Untracked 
|1577|0x000000020a400000, 0x000000020a800000, 0x000000020a800000|100%| O|  |TAMS 0x000000020a400000, 0x000000020a400000| Untracked 
|1578|0x000000020a800000, 0x000000020ac00000, 0x000000020ac00000|100%| O|  |TAMS 0x000000020a800000, 0x000000020a800000| Untracked 
|1579|0x000000020ac00000, 0x000000020b000000, 0x000000020b000000|100%| O|  |TAMS 0x000000020ac00000, 0x000000020ac00000| Untracked 
|1580|0x000000020b000000, 0x000000020b200000, 0x000000020b400000| 50%| O|  |TAMS 0x000000020b000000, 0x000000020b000000| Untracked 
|1581|0x000000020b400000, 0x000000020b800000, 0x000000020b800000|100%|HS|  |TAMS 0x000000020b400000, 0x000000020b400000| Complete 
|1582|0x000000020b800000, 0x000000020bc00000, 0x000000020bc00000|100%|HC|  |TAMS 0x000000020b800000, 0x000000020b800000| Complete 
|1583|0x000000020bc00000, 0x000000020c000000, 0x000000020c000000|100%|HC|  |TAMS 0x000000020bc00000, 0x000000020bc00000| Complete 
|1584|0x000000020c000000, 0x000000020c400000, 0x000000020c400000|100%|HC|  |TAMS 0x000000020c000000, 0x000000020c000000| Complete 
|1585|0x000000020c400000, 0x000000020c800000, 0x000000020c800000|100%|HC|  |TAMS 0x000000020c400000, 0x000000020c400000| Complete 
|1586|0x000000020c800000, 0x000000020cc00000, 0x000000020cc00000|100%|HC|  |TAMS 0x000000020c800000, 0x000000020c800000| Complete 
|1587|0x000000020cc00000, 0x000000020d000000, 0x000000020d000000|100%|HC|  |TAMS 0x000000020cc00000, 0x000000020cc00000| Complete 
|1588|0x000000020d000000, 0x000000020d400000, 0x000000020d400000|100%|HS|  |TAMS 0x000000020d000000, 0x000000020d000000| Complete 
|1589|0x000000020d400000, 0x000000020d800000, 0x000000020d800000|100%|HC|  |TAMS 0x000000020d400000, 0x000000020d400000| Complete 
|1590|0x000000020d800000, 0x000000020dc00000, 0x000000020dc00000|100%|HC|  |TAMS 0x000000020d800000, 0x000000020d800000| Complete 
|1591|0x000000020dc00000, 0x000000020e000000, 0x000000020e000000|100%|HC|  |TAMS 0x000000020dc00000, 0x000000020dc00000| Complete 
|1592|0x000000020e000000, 0x000000020e400000, 0x000000020e400000|100%|HC|  |TAMS 0x000000020e000000, 0x000000020e000000| Complete 
|1593|0x000000020e400000, 0x000000020e800000, 0x000000020e800000|100%|HC|  |TAMS 0x000000020e400000, 0x000000020e400000| Complete 
|1594|0x000000020e800000, 0x000000020ec00000, 0x000000020ec00000|100%|HC|  |TAMS 0x000000020e800000, 0x000000020e800000| Complete 
|1595|0x000000020ec00000, 0x000000020f000000, 0x000000020f000000|100%|HS|  |TAMS 0x000000020ec00000, 0x000000020ec00000| Complete 
|1596|0x000000020f000000, 0x000000020f400000, 0x000000020f400000|100%|HC|  |TAMS 0x000000020f000000, 0x000000020f000000| Complete 
|1597|0x000000020f400000, 0x000000020f800000, 0x000000020f800000|100%|HC|  |TAMS 0x000000020f400000, 0x000000020f400000| Complete 
|1598|0x000000020f800000, 0x000000020fc00000, 0x000000020fc00000|100%|HC|  |TAMS 0x000000020f800000, 0x000000020f800000| Complete 
|1599|0x000000020fc00000, 0x0000000210000000, 0x0000000210000000|100%|HC|  |TAMS 0x000000020fc00000, 0x000000020fc00000| Complete 
|1600|0x0000000210000000, 0x0000000210400000, 0x0000000210400000|100%|HC|  |TAMS 0x0000000210000000, 0x0000000210000000| Complete 
|1601|0x0000000210400000, 0x0000000210800000, 0x0000000210800000|100%|HC|  |TAMS 0x0000000210400000, 0x0000000210400000| Complete 
|1602|0x0000000210800000, 0x0000000210c00000, 0x0000000210c00000|100%|HS|  |TAMS 0x0000000210800000, 0x0000000210800000| Complete 
|1603|0x0000000210c00000, 0x0000000211000000, 0x0000000211000000|100%|HC|  |TAMS 0x0000000210c00000, 0x0000000210c00000| Complete 
|1604|0x0000000211000000, 0x0000000211400000, 0x0000000211400000|100%|HC|  |TAMS 0x0000000211000000, 0x0000000211000000| Complete 
|1605|0x0000000211400000, 0x0000000211800000, 0x0000000211800000|100%|HC|  |TAMS 0x0000000211400000, 0x0000000211400000| Complete 
|1606|0x0000000211800000, 0x0000000211c00000, 0x0000000211c00000|100%|HC|  |TAMS 0x0000000211800000, 0x0000000211800000| Complete 
|1607|0x0000000211c00000, 0x0000000212000000, 0x0000000212000000|100%|HC|  |TAMS 0x0000000211c00000, 0x0000000211c00000| Complete 
|1608|0x0000000212000000, 0x0000000212400000, 0x0000000212400000|100%|HC|  |TAMS 0x0000000212000000, 0x0000000212000000| Complete 
|1609|0x0000000212400000, 0x0000000212400000, 0x0000000212800000|  0%| F|  |TAMS 0x0000000212400000, 0x0000000212400000| Untracked 
|1610|0x0000000212800000, 0x0000000212800000, 0x0000000212c00000|  0%| F|  |TAMS 0x0000000212800000, 0x0000000212800000| Untracked 
|1611|0x0000000212c00000, 0x0000000212c00000, 0x0000000213000000|  0%| F|  |TAMS 0x0000000212c00000, 0x0000000212c00000| Untracked 
|1612|0x0000000213000000, 0x0000000213000000, 0x0000000213400000|  0%| F|  |TAMS 0x0000000213000000, 0x0000000213000000| Untracked 
|1613|0x0000000213400000, 0x0000000213400000, 0x0000000213800000|  0%| F|  |TAMS 0x0000000213400000, 0x0000000213400000| Untracked 
|1614|0x0000000213800000, 0x0000000213800000, 0x0000000213c00000|  0%| F|  |TAMS 0x0000000213800000, 0x0000000213800000| Untracked 
|1615|0x0000000213c00000, 0x0000000213c00000, 0x0000000214000000|  0%| F|  |TAMS 0x0000000213c00000, 0x0000000213c00000| Untracked 
|1616|0x0000000214000000, 0x0000000214000000, 0x0000000214400000|  0%| F|  |TAMS 0x0000000214000000, 0x0000000214000000| Untracked 
|1617|0x0000000214400000, 0x0000000214400000, 0x0000000214800000|  0%| F|  |TAMS 0x0000000214400000, 0x0000000214400000| Untracked 
|1618|0x0000000214800000, 0x0000000214800000, 0x0000000214c00000|  0%| F|  |TAMS 0x0000000214800000, 0x0000000214800000| Untracked 
|1619|0x0000000214c00000, 0x0000000214c00000, 0x0000000215000000|  0%| F|  |TAMS 0x0000000214c00000, 0x0000000214c00000| Untracked 
|1620|0x0000000215000000, 0x0000000215000000, 0x0000000215400000|  0%| F|  |TAMS 0x0000000215000000, 0x0000000215000000| Untracked 
|1621|0x0000000215400000, 0x0000000215400000, 0x0000000215800000|  0%| F|  |TAMS 0x0000000215400000, 0x0000000215400000| Untracked 
|1622|0x0000000215800000, 0x0000000215800000, 0x0000000215c00000|  0%| F|  |TAMS 0x0000000215800000, 0x0000000215800000| Untracked 
|1623|0x0000000215c00000, 0x0000000215c00000, 0x0000000216000000|  0%| F|  |TAMS 0x0000000215c00000, 0x0000000215c00000| Untracked 
|1624|0x0000000216000000, 0x0000000216000000, 0x0000000216400000|  0%| F|  |TAMS 0x0000000216000000, 0x0000000216000000| Untracked 
|1625|0x0000000216400000, 0x0000000216400000, 0x0000000216800000|  0%| F|  |TAMS 0x0000000216400000, 0x0000000216400000| Untracked 
|1626|0x0000000216800000, 0x0000000216800000, 0x0000000216c00000|  0%| F|  |TAMS 0x0000000216800000, 0x0000000216800000| Untracked 
|1627|0x0000000216c00000, 0x0000000216c00000, 0x0000000217000000|  0%| F|  |TAMS 0x0000000216c00000, 0x0000000216c00000| Untracked 
|1628|0x0000000217000000, 0x0000000217000000, 0x0000000217400000|  0%| F|  |TAMS 0x0000000217000000, 0x0000000217000000| Untracked 
|1629|0x0000000217400000, 0x0000000217400000, 0x0000000217800000|  0%| F|  |TAMS 0x0000000217400000, 0x0000000217400000| Untracked 
|1630|0x0000000217800000, 0x0000000217800000, 0x0000000217c00000|  0%| F|  |TAMS 0x0000000217800000, 0x0000000217800000| Untracked 
|1631|0x0000000217c00000, 0x0000000217c00000, 0x0000000218000000|  0%| F|  |TAMS 0x0000000217c00000, 0x0000000217c00000| Untracked 
|1632|0x0000000218000000, 0x0000000218000000, 0x0000000218400000|  0%| F|  |TAMS 0x0000000218000000, 0x0000000218000000| Untracked 
|1633|0x0000000218400000, 0x0000000218400000, 0x0000000218800000|  0%| F|  |TAMS 0x0000000218400000, 0x0000000218400000| Untracked 
|1634|0x0000000218800000, 0x0000000218800000, 0x0000000218c00000|  0%| F|  |TAMS 0x0000000218800000, 0x0000000218800000| Untracked 
|1635|0x0000000218c00000, 0x0000000218c00000, 0x0000000219000000|  0%| F|  |TAMS 0x0000000218c00000, 0x0000000218c00000| Untracked 
|1636|0x0000000219000000, 0x0000000219000000, 0x0000000219400000|  0%| F|  |TAMS 0x0000000219000000, 0x0000000219000000| Untracked 
|1637|0x0000000219400000, 0x0000000219400000, 0x0000000219800000|  0%| F|  |TAMS 0x0000000219400000, 0x0000000219400000| Untracked 
|1638|0x0000000219800000, 0x0000000219800000, 0x0000000219c00000|  0%| F|  |TAMS 0x0000000219800000, 0x0000000219800000| Untracked 
|1639|0x0000000219c00000, 0x0000000219c00000, 0x000000021a000000|  0%| F|  |TAMS 0x0000000219c00000, 0x0000000219c00000| Untracked 
|1640|0x000000021a000000, 0x000000021a000000, 0x000000021a400000|  0%| F|  |TAMS 0x000000021a000000, 0x000000021a000000| Untracked 
|1641|0x000000021a400000, 0x000000021a400000, 0x000000021a800000|  0%| F|  |TAMS 0x000000021a400000, 0x000000021a400000| Untracked 
|1642|0x000000021a800000, 0x000000021a800000, 0x000000021ac00000|  0%| F|  |TAMS 0x000000021a800000, 0x000000021a800000| Untracked 
|1643|0x000000021ac00000, 0x000000021ac00000, 0x000000021b000000|  0%| F|  |TAMS 0x000000021ac00000, 0x000000021ac00000| Untracked 
|1644|0x000000021b000000, 0x000000021b000000, 0x000000021b400000|  0%| F|  |TAMS 0x000000021b000000, 0x000000021b000000| Untracked 
|1645|0x000000021b400000, 0x000000021b400000, 0x000000021b800000|  0%| F|  |TAMS 0x000000021b400000, 0x000000021b400000| Untracked 
|1646|0x000000021b800000, 0x000000021b800000, 0x000000021bc00000|  0%| F|  |TAMS 0x000000021b800000, 0x000000021b800000| Untracked 
|1647|0x000000021bc00000, 0x000000021bc00000, 0x000000021c000000|  0%| F|  |TAMS 0x000000021bc00000, 0x000000021bc00000| Untracked 
|1648|0x000000021c000000, 0x000000021c000000, 0x000000021c400000|  0%| F|  |TAMS 0x000000021c000000, 0x000000021c000000| Untracked 
|1649|0x000000021c400000, 0x000000021c400000, 0x000000021c800000|  0%| F|  |TAMS 0x000000021c400000, 0x000000021c400000| Untracked 
|1650|0x000000021c800000, 0x000000021c800000, 0x000000021cc00000|  0%| F|  |TAMS 0x000000021c800000, 0x000000021c800000| Untracked 
|1651|0x000000021cc00000, 0x000000021cc00000, 0x000000021d000000|  0%| F|  |TAMS 0x000000021cc00000, 0x000000021cc00000| Untracked 
|1652|0x000000021d000000, 0x000000021d000000, 0x000000021d400000|  0%| F|  |TAMS 0x000000021d000000, 0x000000021d000000| Untracked 
|1653|0x000000021d400000, 0x000000021d400000, 0x000000021d800000|  0%| F|  |TAMS 0x000000021d400000, 0x000000021d400000| Untracked 
|1654|0x000000021d800000, 0x000000021d800000, 0x000000021dc00000|  0%| F|  |TAMS 0x000000021d800000, 0x000000021d800000| Untracked 
|1655|0x000000021dc00000, 0x000000021dc00000, 0x000000021e000000|  0%| F|  |TAMS 0x000000021dc00000, 0x000000021dc00000| Untracked 
|1656|0x000000021e000000, 0x000000021e000000, 0x000000021e400000|  0%| F|  |TAMS 0x000000021e000000, 0x000000021e000000| Untracked 
|1657|0x000000021e400000, 0x000000021e400000, 0x000000021e800000|  0%| F|  |TAMS 0x000000021e400000, 0x000000021e400000| Untracked 
|1658|0x000000021e800000, 0x000000021e800000, 0x000000021ec00000|  0%| F|  |TAMS 0x000000021e800000, 0x000000021e800000| Untracked 
|1659|0x000000021ec00000, 0x000000021ec00000, 0x000000021f000000|  0%| F|  |TAMS 0x000000021ec00000, 0x000000021ec00000| Untracked 
|1660|0x000000021f000000, 0x000000021f000000, 0x000000021f400000|  0%| F|  |TAMS 0x000000021f000000, 0x000000021f000000| Untracked 
|1661|0x000000021f400000, 0x000000021f400000, 0x000000021f800000|  0%| F|  |TAMS 0x000000021f400000, 0x000000021f400000| Untracked 
|1662|0x000000021f800000, 0x000000021f800000, 0x000000021fc00000|  0%| F|  |TAMS 0x000000021f800000, 0x000000021f800000| Untracked 
|1663|0x000000021fc00000, 0x000000021fc00000, 0x0000000220000000|  0%| F|  |TAMS 0x000000021fc00000, 0x000000021fc00000| Untracked 
|1664|0x0000000220000000, 0x0000000220000000, 0x0000000220400000|  0%| F|  |TAMS 0x0000000220000000, 0x0000000220000000| Untracked 
|1665|0x0000000220400000, 0x0000000220400000, 0x0000000220800000|  0%| F|  |TAMS 0x0000000220400000, 0x0000000220400000| Untracked 
|1666|0x0000000220800000, 0x0000000220800000, 0x0000000220c00000|  0%| F|  |TAMS 0x0000000220800000, 0x0000000220800000| Untracked 
|1667|0x0000000220c00000, 0x0000000220c00000, 0x0000000221000000|  0%| F|  |TAMS 0x0000000220c00000, 0x0000000220c00000| Untracked 
|1668|0x0000000221000000, 0x0000000221000000, 0x0000000221400000|  0%| F|  |TAMS 0x0000000221000000, 0x0000000221000000| Untracked 
|1669|0x0000000221400000, 0x0000000221400000, 0x0000000221800000|  0%| F|  |TAMS 0x0000000221400000, 0x0000000221400000| Untracked 
|1670|0x0000000221800000, 0x0000000221800000, 0x0000000221c00000|  0%| F|  |TAMS 0x0000000221800000, 0x0000000221800000| Untracked 
|1671|0x0000000221c00000, 0x0000000221c00000, 0x0000000222000000|  0%| F|  |TAMS 0x0000000221c00000, 0x0000000221c00000| Untracked 
|1672|0x0000000222000000, 0x0000000222000000, 0x0000000222400000|  0%| F|  |TAMS 0x0000000222000000, 0x0000000222000000| Untracked 
|1673|0x0000000222400000, 0x0000000222400000, 0x0000000222800000|  0%| F|  |TAMS 0x0000000222400000, 0x0000000222400000| Untracked 
|1674|0x0000000222800000, 0x0000000222800000, 0x0000000222c00000|  0%| F|  |TAMS 0x0000000222800000, 0x0000000222800000| Untracked 
|1675|0x0000000222c00000, 0x0000000222c00000, 0x0000000223000000|  0%| F|  |TAMS 0x0000000222c00000, 0x0000000222c00000| Untracked 
|1676|0x0000000223000000, 0x0000000223000000, 0x0000000223400000|  0%| F|  |TAMS 0x0000000223000000, 0x0000000223000000| Untracked 
|1677|0x0000000223400000, 0x0000000223400000, 0x0000000223800000|  0%| F|  |TAMS 0x0000000223400000, 0x0000000223400000| Untracked 
|1678|0x0000000223800000, 0x0000000223800000, 0x0000000223c00000|  0%| F|  |TAMS 0x0000000223800000, 0x0000000223800000| Untracked 
|1679|0x0000000223c00000, 0x0000000223c00000, 0x0000000224000000|  0%| F|  |TAMS 0x0000000223c00000, 0x0000000223c00000| Untracked 
|1680|0x0000000224000000, 0x0000000224000000, 0x0000000224400000|  0%| F|  |TAMS 0x0000000224000000, 0x0000000224000000| Untracked 
|1681|0x0000000224400000, 0x0000000224400000, 0x0000000224800000|  0%| F|  |TAMS 0x0000000224400000, 0x0000000224400000| Untracked 
|1682|0x0000000224800000, 0x0000000224800000, 0x0000000224c00000|  0%| F|  |TAMS 0x0000000224800000, 0x0000000224800000| Untracked 
|1683|0x0000000224c00000, 0x0000000224c00000, 0x0000000225000000|  0%| F|  |TAMS 0x0000000224c00000, 0x0000000224c00000| Untracked 
|1684|0x0000000225000000, 0x0000000225000000, 0x0000000225400000|  0%| F|  |TAMS 0x0000000225000000, 0x0000000225000000| Untracked 
|1685|0x0000000225400000, 0x0000000225400000, 0x0000000225800000|  0%| F|  |TAMS 0x0000000225400000, 0x0000000225400000| Untracked 
|1686|0x0000000225800000, 0x0000000225800000, 0x0000000225c00000|  0%| F|  |TAMS 0x0000000225800000, 0x0000000225800000| Untracked 
|1687|0x0000000225c00000, 0x0000000225c00000, 0x0000000226000000|  0%| F|  |TAMS 0x0000000225c00000, 0x0000000225c00000| Untracked 
|1688|0x0000000226000000, 0x0000000226000000, 0x0000000226400000|  0%| F|  |TAMS 0x0000000226000000, 0x0000000226000000| Untracked 
|1689|0x0000000226400000, 0x0000000226400000, 0x0000000226800000|  0%| F|  |TAMS 0x0000000226400000, 0x0000000226400000| Untracked 
|1690|0x0000000226800000, 0x0000000226800000, 0x0000000226c00000|  0%| F|  |TAMS 0x0000000226800000, 0x0000000226800000| Untracked 
|1691|0x0000000226c00000, 0x0000000226c00000, 0x0000000227000000|  0%| F|  |TAMS 0x0000000226c00000, 0x0000000226c00000| Untracked 
|1692|0x0000000227000000, 0x0000000227000000, 0x0000000227400000|  0%| F|  |TAMS 0x0000000227000000, 0x0000000227000000| Untracked 
|1693|0x0000000227400000, 0x0000000227400000, 0x0000000227800000|  0%| F|  |TAMS 0x0000000227400000, 0x0000000227400000| Untracked 
|1694|0x0000000227800000, 0x0000000227800000, 0x0000000227c00000|  0%| F|  |TAMS 0x0000000227800000, 0x0000000227800000| Untracked 
|1695|0x0000000227c00000, 0x0000000227c00000, 0x0000000228000000|  0%| F|  |TAMS 0x0000000227c00000, 0x0000000227c00000| Untracked 
|1696|0x0000000228000000, 0x0000000228000000, 0x0000000228400000|  0%| F|  |TAMS 0x0000000228000000, 0x0000000228000000| Untracked 
|1697|0x0000000228400000, 0x0000000228400000, 0x0000000228800000|  0%| F|  |TAMS 0x0000000228400000, 0x0000000228400000| Untracked 
|1698|0x0000000228800000, 0x0000000228800000, 0x0000000228c00000|  0%| F|  |TAMS 0x0000000228800000, 0x0000000228800000| Untracked 
|1699|0x0000000228c00000, 0x0000000228c00000, 0x0000000229000000|  0%| F|  |TAMS 0x0000000228c00000, 0x0000000228c00000| Untracked 
|1700|0x0000000229000000, 0x0000000229000000, 0x0000000229400000|  0%| F|  |TAMS 0x0000000229000000, 0x0000000229000000| Untracked 
|1701|0x0000000229400000, 0x0000000229400000, 0x0000000229800000|  0%| F|  |TAMS 0x0000000229400000, 0x0000000229400000| Untracked 
|1702|0x0000000229800000, 0x0000000229800000, 0x0000000229c00000|  0%| F|  |TAMS 0x0000000229800000, 0x0000000229800000| Untracked 
|1703|0x0000000229c00000, 0x0000000229c00000, 0x000000022a000000|  0%| F|  |TAMS 0x0000000229c00000, 0x0000000229c00000| Untracked 
|1704|0x000000022a000000, 0x000000022a000000, 0x000000022a400000|  0%| F|  |TAMS 0x000000022a000000, 0x000000022a000000| Untracked 
|1705|0x000000022a400000, 0x000000022a400000, 0x000000022a800000|  0%| F|  |TAMS 0x000000022a400000, 0x000000022a400000| Untracked 
|1706|0x000000022a800000, 0x000000022a800000, 0x000000022ac00000|  0%| F|  |TAMS 0x000000022a800000, 0x000000022a800000| Untracked 
|1707|0x000000022ac00000, 0x000000022ac00000, 0x000000022b000000|  0%| F|  |TAMS 0x000000022ac00000, 0x000000022ac00000| Untracked 
|1708|0x000000022b000000, 0x000000022b000000, 0x000000022b400000|  0%| F|  |TAMS 0x000000022b000000, 0x000000022b000000| Untracked 
|1709|0x000000022b400000, 0x000000022b400000, 0x000000022b800000|  0%| F|  |TAMS 0x000000022b400000, 0x000000022b400000| Untracked 
|1710|0x000000022b800000, 0x000000022b800000, 0x000000022bc00000|  0%| F|  |TAMS 0x000000022b800000, 0x000000022b800000| Untracked 
|1711|0x000000022bc00000, 0x000000022bc00000, 0x000000022c000000|  0%| F|  |TAMS 0x000000022bc00000, 0x000000022bc00000| Untracked 
|1712|0x000000022c000000, 0x000000022c000000, 0x000000022c400000|  0%| F|  |TAMS 0x000000022c000000, 0x000000022c000000| Untracked 
|1713|0x000000022c400000, 0x000000022c400000, 0x000000022c800000|  0%| F|  |TAMS 0x000000022c400000, 0x000000022c400000| Untracked 
|1714|0x000000022c800000, 0x000000022c800000, 0x000000022cc00000|  0%| F|  |TAMS 0x000000022c800000, 0x000000022c800000| Untracked 
|1715|0x000000022cc00000, 0x000000022cc00000, 0x000000022d000000|  0%| F|  |TAMS 0x000000022cc00000, 0x000000022cc00000| Untracked 
|1716|0x000000022d000000, 0x000000022d000000, 0x000000022d400000|  0%| F|  |TAMS 0x000000022d000000, 0x000000022d000000| Untracked 
|1717|0x000000022d400000, 0x000000022d400000, 0x000000022d800000|  0%| F|  |TAMS 0x000000022d400000, 0x000000022d400000| Untracked 
|1718|0x000000022d800000, 0x000000022d800000, 0x000000022dc00000|  0%| F|  |TAMS 0x000000022d800000, 0x000000022d800000| Untracked 
|1719|0x000000022dc00000, 0x000000022dc00000, 0x000000022e000000|  0%| F|  |TAMS 0x000000022dc00000, 0x000000022dc00000| Untracked 
|1720|0x000000022e000000, 0x000000022e000000, 0x000000022e400000|  0%| F|  |TAMS 0x000000022e000000, 0x000000022e000000| Untracked 
|1721|0x000000022e400000, 0x000000022e400000, 0x000000022e800000|  0%| F|  |TAMS 0x000000022e400000, 0x000000022e400000| Untracked 
|1722|0x000000022e800000, 0x000000022e800000, 0x000000022ec00000|  0%| F|  |TAMS 0x000000022e800000, 0x000000022e800000| Untracked 
|1723|0x000000022ec00000, 0x000000022ec00000, 0x000000022f000000|  0%| F|  |TAMS 0x000000022ec00000, 0x000000022ec00000| Untracked 
|1724|0x000000022f000000, 0x000000022f000000, 0x000000022f400000|  0%| F|  |TAMS 0x000000022f000000, 0x000000022f000000| Untracked 
|1725|0x000000022f400000, 0x000000022f400000, 0x000000022f800000|  0%| F|  |TAMS 0x000000022f400000, 0x000000022f400000| Untracked 
|1726|0x000000022f800000, 0x000000022f800000, 0x000000022fc00000|  0%| F|  |TAMS 0x000000022f800000, 0x000000022f800000| Untracked 
|1727|0x000000022fc00000, 0x000000022fc00000, 0x0000000230000000|  0%| F|  |TAMS 0x000000022fc00000, 0x000000022fc00000| Untracked 
|1728|0x0000000230000000, 0x0000000230000000, 0x0000000230400000|  0%| F|  |TAMS 0x0000000230000000, 0x0000000230000000| Untracked 
|1729|0x0000000230400000, 0x0000000230400000, 0x0000000230800000|  0%| F|  |TAMS 0x0000000230400000, 0x0000000230400000| Untracked 
|1730|0x0000000230800000, 0x0000000230800000, 0x0000000230c00000|  0%| F|  |TAMS 0x0000000230800000, 0x0000000230800000| Untracked 
|1731|0x0000000230c00000, 0x0000000230c00000, 0x0000000231000000|  0%| F|  |TAMS 0x0000000230c00000, 0x0000000230c00000| Untracked 
|1732|0x0000000231000000, 0x0000000231000000, 0x0000000231400000|  0%| F|  |TAMS 0x0000000231000000, 0x0000000231000000| Untracked 
|1733|0x0000000231400000, 0x0000000231400000, 0x0000000231800000|  0%| F|  |TAMS 0x0000000231400000, 0x0000000231400000| Untracked 
|1734|0x0000000231800000, 0x0000000231800000, 0x0000000231c00000|  0%| F|  |TAMS 0x0000000231800000, 0x0000000231800000| Untracked 
|1735|0x0000000231c00000, 0x0000000231c00000, 0x0000000232000000|  0%| F|  |TAMS 0x0000000231c00000, 0x0000000231c00000| Untracked 
|1736|0x0000000232000000, 0x0000000232000000, 0x0000000232400000|  0%| F|  |TAMS 0x0000000232000000, 0x0000000232000000| Untracked 
|1737|0x0000000232400000, 0x0000000232400000, 0x0000000232800000|  0%| F|  |TAMS 0x0000000232400000, 0x0000000232400000| Untracked 
|1738|0x0000000232800000, 0x0000000232800000, 0x0000000232c00000|  0%| F|  |TAMS 0x0000000232800000, 0x0000000232800000| Untracked 
|1739|0x0000000232c00000, 0x0000000232c00000, 0x0000000233000000|  0%| F|  |TAMS 0x0000000232c00000, 0x0000000232c00000| Untracked 
|1740|0x0000000233000000, 0x0000000233000000, 0x0000000233400000|  0%| F|  |TAMS 0x0000000233000000, 0x0000000233000000| Untracked 
|1741|0x0000000233400000, 0x0000000233400000, 0x0000000233800000|  0%| F|  |TAMS 0x0000000233400000, 0x0000000233400000| Untracked 
|1742|0x0000000233800000, 0x0000000233800000, 0x0000000233c00000|  0%| F|  |TAMS 0x0000000233800000, 0x0000000233800000| Untracked 
|1743|0x0000000233c00000, 0x0000000233c00000, 0x0000000234000000|  0%| F|  |TAMS 0x0000000233c00000, 0x0000000233c00000| Untracked 
|1744|0x0000000234000000, 0x0000000234000000, 0x0000000234400000|  0%| F|  |TAMS 0x0000000234000000, 0x0000000234000000| Untracked 
|1745|0x0000000234400000, 0x0000000234400000, 0x0000000234800000|  0%| F|  |TAMS 0x0000000234400000, 0x0000000234400000| Untracked 
|1746|0x0000000234800000, 0x0000000234800000, 0x0000000234c00000|  0%| F|  |TAMS 0x0000000234800000, 0x0000000234800000| Untracked 
|1747|0x0000000234c00000, 0x0000000234c00000, 0x0000000235000000|  0%| F|  |TAMS 0x0000000234c00000, 0x0000000234c00000| Untracked 
|1748|0x0000000235000000, 0x0000000235000000, 0x0000000235400000|  0%| F|  |TAMS 0x0000000235000000, 0x0000000235000000| Untracked 
|1749|0x0000000235400000, 0x0000000235400000, 0x0000000235800000|  0%| F|  |TAMS 0x0000000235400000, 0x0000000235400000| Untracked 
|1750|0x0000000235800000, 0x0000000235800000, 0x0000000235c00000|  0%| F|  |TAMS 0x0000000235800000, 0x0000000235800000| Untracked 
|1751|0x0000000235c00000, 0x0000000235c00000, 0x0000000236000000|  0%| F|  |TAMS 0x0000000235c00000, 0x0000000235c00000| Untracked 
|1752|0x0000000236000000, 0x0000000236000000, 0x0000000236400000|  0%| F|  |TAMS 0x0000000236000000, 0x0000000236000000| Untracked 
|1753|0x0000000236400000, 0x0000000236400000, 0x0000000236800000|  0%| F|  |TAMS 0x0000000236400000, 0x0000000236400000| Untracked 
|1754|0x0000000236800000, 0x0000000236800000, 0x0000000236c00000|  0%| F|  |TAMS 0x0000000236800000, 0x0000000236800000| Untracked 
|1755|0x0000000236c00000, 0x0000000236c00000, 0x0000000237000000|  0%| F|  |TAMS 0x0000000236c00000, 0x0000000236c00000| Untracked 
|1756|0x0000000237000000, 0x0000000237000000, 0x0000000237400000|  0%| F|  |TAMS 0x0000000237000000, 0x0000000237000000| Untracked 
|1757|0x0000000237400000, 0x0000000237400000, 0x0000000237800000|  0%| F|  |TAMS 0x0000000237400000, 0x0000000237400000| Untracked 
|1758|0x0000000237800000, 0x0000000237800000, 0x0000000237c00000|  0%| F|  |TAMS 0x0000000237800000, 0x0000000237800000| Untracked 
|1759|0x0000000237c00000, 0x0000000237c00000, 0x0000000238000000|  0%| F|  |TAMS 0x0000000237c00000, 0x0000000237c00000| Untracked 
|1760|0x0000000238000000, 0x0000000238000000, 0x0000000238400000|  0%| F|  |TAMS 0x0000000238000000, 0x0000000238000000| Untracked 
|1761|0x0000000238400000, 0x0000000238400000, 0x0000000238800000|  0%| F|  |TAMS 0x0000000238400000, 0x0000000238400000| Untracked 
|1762|0x0000000238800000, 0x0000000238800000, 0x0000000238c00000|  0%| F|  |TAMS 0x0000000238800000, 0x0000000238800000| Untracked 
|1763|0x0000000238c00000, 0x0000000238c00000, 0x0000000239000000|  0%| F|  |TAMS 0x0000000238c00000, 0x0000000238c00000| Untracked 
|1764|0x0000000239000000, 0x0000000239000000, 0x0000000239400000|  0%| F|  |TAMS 0x0000000239000000, 0x0000000239000000| Untracked 
|1765|0x0000000239400000, 0x0000000239400000, 0x0000000239800000|  0%| F|  |TAMS 0x0000000239400000, 0x0000000239400000| Untracked 
|1766|0x0000000239800000, 0x0000000239800000, 0x0000000239c00000|  0%| F|  |TAMS 0x0000000239800000, 0x0000000239800000| Untracked 
|1767|0x0000000239c00000, 0x0000000239c00000, 0x000000023a000000|  0%| F|  |TAMS 0x0000000239c00000, 0x0000000239c00000| Untracked 
|1768|0x000000023a000000, 0x000000023a000000, 0x000000023a400000|  0%| F|  |TAMS 0x000000023a000000, 0x000000023a000000| Untracked 
|1769|0x000000023a400000, 0x000000023a400000, 0x000000023a800000|  0%| F|  |TAMS 0x000000023a400000, 0x000000023a400000| Untracked 
|1770|0x000000023a800000, 0x000000023a800000, 0x000000023ac00000|  0%| F|  |TAMS 0x000000023a800000, 0x000000023a800000| Untracked 
|1771|0x000000023ac00000, 0x000000023ac00000, 0x000000023b000000|  0%| F|  |TAMS 0x000000023ac00000, 0x000000023ac00000| Untracked 
|1772|0x000000023b000000, 0x000000023b000000, 0x000000023b400000|  0%| F|  |TAMS 0x000000023b000000, 0x000000023b000000| Untracked 
|1773|0x000000023b400000, 0x000000023b400000, 0x000000023b800000|  0%| F|  |TAMS 0x000000023b400000, 0x000000023b400000| Untracked 
|1774|0x000000023b800000, 0x000000023b800000, 0x000000023bc00000|  0%| F|  |TAMS 0x000000023b800000, 0x000000023b800000| Untracked 
|1775|0x000000023bc00000, 0x000000023bc00000, 0x000000023c000000|  0%| F|  |TAMS 0x000000023bc00000, 0x000000023bc00000| Untracked 
|1776|0x000000023c000000, 0x000000023c000000, 0x000000023c400000|  0%| F|  |TAMS 0x000000023c000000, 0x000000023c000000| Untracked 
|1777|0x000000023c400000, 0x000000023c400000, 0x000000023c800000|  0%| F|  |TAMS 0x000000023c400000, 0x000000023c400000| Untracked 
|1778|0x000000023c800000, 0x000000023c800000, 0x000000023cc00000|  0%| F|  |TAMS 0x000000023c800000, 0x000000023c800000| Untracked 
|1779|0x000000023cc00000, 0x000000023cc00000, 0x000000023d000000|  0%| F|  |TAMS 0x000000023cc00000, 0x000000023cc00000| Untracked 
|1780|0x000000023d000000, 0x000000023d000000, 0x000000023d400000|  0%| F|  |TAMS 0x000000023d000000, 0x000000023d000000| Untracked 
|1781|0x000000023d400000, 0x000000023d400000, 0x000000023d800000|  0%| F|  |TAMS 0x000000023d400000, 0x000000023d400000| Untracked 
|1782|0x000000023d800000, 0x000000023d800000, 0x000000023dc00000|  0%| F|  |TAMS 0x000000023d800000, 0x000000023d800000| Untracked 
|1783|0x000000023dc00000, 0x000000023dc00000, 0x000000023e000000|  0%| F|  |TAMS 0x000000023dc00000, 0x000000023dc00000| Untracked 
|1784|0x000000023e000000, 0x000000023e000000, 0x000000023e400000|  0%| F|  |TAMS 0x000000023e000000, 0x000000023e000000| Untracked 
|1785|0x000000023e400000, 0x000000023e400000, 0x000000023e800000|  0%| F|  |TAMS 0x000000023e400000, 0x000000023e400000| Untracked 
|1786|0x000000023e800000, 0x000000023e800000, 0x000000023ec00000|  0%| F|  |TAMS 0x000000023e800000, 0x000000023e800000| Untracked 
|1787|0x000000023ec00000, 0x000000023ec00000, 0x000000023f000000|  0%| F|  |TAMS 0x000000023ec00000, 0x000000023ec00000| Untracked 
|1788|0x000000023f000000, 0x000000023f000000, 0x000000023f400000|  0%| F|  |TAMS 0x000000023f000000, 0x000000023f000000| Untracked 
|1789|0x000000023f400000, 0x000000023f400000, 0x000000023f800000|  0%| F|  |TAMS 0x000000023f400000, 0x000000023f400000| Untracked 
|1790|0x000000023f800000, 0x000000023f800000, 0x000000023fc00000|  0%| F|  |TAMS 0x000000023f800000, 0x000000023f800000| Untracked 
|1791|0x000000023fc00000, 0x000000023fc00000, 0x0000000240000000|  0%| F|  |TAMS 0x000000023fc00000, 0x000000023fc00000| Untracked 
|1792|0x0000000240000000, 0x0000000240000000, 0x0000000240400000|  0%| F|  |TAMS 0x0000000240000000, 0x0000000240000000| Untracked 
|1793|0x0000000240400000, 0x0000000240400000, 0x0000000240800000|  0%| F|  |TAMS 0x0000000240400000, 0x0000000240400000| Untracked 
|1794|0x0000000240800000, 0x0000000240800000, 0x0000000240c00000|  0%| F|  |TAMS 0x0000000240800000, 0x0000000240800000| Untracked 
|1795|0x0000000240c00000, 0x0000000240c00000, 0x0000000241000000|  0%| F|  |TAMS 0x0000000240c00000, 0x0000000240c00000| Untracked 
|1796|0x0000000241000000, 0x0000000241000000, 0x0000000241400000|  0%| F|  |TAMS 0x0000000241000000, 0x0000000241000000| Untracked 
|1797|0x0000000241400000, 0x0000000241400000, 0x0000000241800000|  0%| F|  |TAMS 0x0000000241400000, 0x0000000241400000| Untracked 
|1798|0x0000000241800000, 0x0000000241800000, 0x0000000241c00000|  0%| F|  |TAMS 0x0000000241800000, 0x0000000241800000| Untracked 
|1799|0x0000000241c00000, 0x0000000241c00000, 0x0000000242000000|  0%| F|  |TAMS 0x0000000241c00000, 0x0000000241c00000| Untracked 
|1800|0x0000000242000000, 0x0000000242000000, 0x0000000242400000|  0%| F|  |TAMS 0x0000000242000000, 0x0000000242000000| Untracked 
|1801|0x0000000242400000, 0x0000000242400000, 0x0000000242800000|  0%| F|  |TAMS 0x0000000242400000, 0x0000000242400000| Untracked 
|1802|0x0000000242800000, 0x0000000242800000, 0x0000000242c00000|  0%| F|  |TAMS 0x0000000242800000, 0x0000000242800000| Untracked 
|1803|0x0000000242c00000, 0x0000000242c00000, 0x0000000243000000|  0%| F|  |TAMS 0x0000000242c00000, 0x0000000242c00000| Untracked 
|1804|0x0000000243000000, 0x0000000243000000, 0x0000000243400000|  0%| F|  |TAMS 0x0000000243000000, 0x0000000243000000| Untracked 
|1805|0x0000000243400000, 0x0000000243400000, 0x0000000243800000|  0%| F|  |TAMS 0x0000000243400000, 0x0000000243400000| Untracked 
|1806|0x0000000243800000, 0x0000000243800000, 0x0000000243c00000|  0%| F|  |TAMS 0x0000000243800000, 0x0000000243800000| Untracked 
|1807|0x0000000243c00000, 0x0000000243c00000, 0x0000000244000000|  0%| F|  |TAMS 0x0000000243c00000, 0x0000000243c00000| Untracked 
|1808|0x0000000244000000, 0x0000000244000000, 0x0000000244400000|  0%| F|  |TAMS 0x0000000244000000, 0x0000000244000000| Untracked 
|1809|0x0000000244400000, 0x0000000244400000, 0x0000000244800000|  0%| F|  |TAMS 0x0000000244400000, 0x0000000244400000| Untracked 
|1810|0x0000000244800000, 0x0000000244800000, 0x0000000244c00000|  0%| F|  |TAMS 0x0000000244800000, 0x0000000244800000| Untracked 
|1811|0x0000000244c00000, 0x0000000244c00000, 0x0000000245000000|  0%| F|  |TAMS 0x0000000244c00000, 0x0000000244c00000| Untracked 
|1812|0x0000000245000000, 0x0000000245000000, 0x0000000245400000|  0%| F|  |TAMS 0x0000000245000000, 0x0000000245000000| Untracked 
|1813|0x0000000245400000, 0x0000000245400000, 0x0000000245800000|  0%| F|  |TAMS 0x0000000245400000, 0x0000000245400000| Untracked 
|1814|0x0000000245800000, 0x0000000245800000, 0x0000000245c00000|  0%| F|  |TAMS 0x0000000245800000, 0x0000000245800000| Untracked 
|1815|0x0000000245c00000, 0x0000000245c00000, 0x0000000246000000|  0%| F|  |TAMS 0x0000000245c00000, 0x0000000245c00000| Untracked 
|1816|0x0000000246000000, 0x0000000246000000, 0x0000000246400000|  0%| F|  |TAMS 0x0000000246000000, 0x0000000246000000| Untracked 
|1817|0x0000000246400000, 0x0000000246400000, 0x0000000246800000|  0%| F|  |TAMS 0x0000000246400000, 0x0000000246400000| Untracked 
|1818|0x0000000246800000, 0x0000000246800000, 0x0000000246c00000|  0%| F|  |TAMS 0x0000000246800000, 0x0000000246800000| Untracked 
|1819|0x0000000246c00000, 0x0000000246c00000, 0x0000000247000000|  0%| F|  |TAMS 0x0000000246c00000, 0x0000000246c00000| Untracked 
|1820|0x0000000247000000, 0x0000000247000000, 0x0000000247400000|  0%| F|  |TAMS 0x0000000247000000, 0x0000000247000000| Untracked 
|1821|0x0000000247400000, 0x0000000247400000, 0x0000000247800000|  0%| F|  |TAMS 0x0000000247400000, 0x0000000247400000| Untracked 
|1822|0x0000000247800000, 0x0000000247800000, 0x0000000247c00000|  0%| F|  |TAMS 0x0000000247800000, 0x0000000247800000| Untracked 
|1823|0x0000000247c00000, 0x0000000247c00000, 0x0000000248000000|  0%| F|  |TAMS 0x0000000247c00000, 0x0000000247c00000| Untracked 
|1824|0x0000000248000000, 0x0000000248000000, 0x0000000248400000|  0%| F|  |TAMS 0x0000000248000000, 0x0000000248000000| Untracked 
|1825|0x0000000248400000, 0x0000000248400000, 0x0000000248800000|  0%| F|  |TAMS 0x0000000248400000, 0x0000000248400000| Untracked 
|1826|0x0000000248800000, 0x0000000248800000, 0x0000000248c00000|  0%| F|  |TAMS 0x0000000248800000, 0x0000000248800000| Untracked 
|1827|0x0000000248c00000, 0x0000000248c00000, 0x0000000249000000|  0%| F|  |TAMS 0x0000000248c00000, 0x0000000248c00000| Untracked 
|1828|0x0000000249000000, 0x0000000249000000, 0x0000000249400000|  0%| F|  |TAMS 0x0000000249000000, 0x0000000249000000| Untracked 
|1829|0x0000000249400000, 0x0000000249400000, 0x0000000249800000|  0%| F|  |TAMS 0x0000000249400000, 0x0000000249400000| Untracked 
|1830|0x0000000249800000, 0x0000000249800000, 0x0000000249c00000|  0%| F|  |TAMS 0x0000000249800000, 0x0000000249800000| Untracked 
|1831|0x0000000249c00000, 0x0000000249c00000, 0x000000024a000000|  0%| F|  |TAMS 0x0000000249c00000, 0x0000000249c00000| Untracked 
|1832|0x000000024a000000, 0x000000024a000000, 0x000000024a400000|  0%| F|  |TAMS 0x000000024a000000, 0x000000024a000000| Untracked 
|1833|0x000000024a400000, 0x000000024a400000, 0x000000024a800000|  0%| F|  |TAMS 0x000000024a400000, 0x000000024a400000| Untracked 
|1834|0x000000024a800000, 0x000000024a800000, 0x000000024ac00000|  0%| F|  |TAMS 0x000000024a800000, 0x000000024a800000| Untracked 
|1835|0x000000024ac00000, 0x000000024ac00000, 0x000000024b000000|  0%| F|  |TAMS 0x000000024ac00000, 0x000000024ac00000| Untracked 
|1836|0x000000024b000000, 0x000000024b000000, 0x000000024b400000|  0%| F|  |TAMS 0x000000024b000000, 0x000000024b000000| Untracked 
|1837|0x000000024b400000, 0x000000024b400000, 0x000000024b800000|  0%| F|  |TAMS 0x000000024b400000, 0x000000024b400000| Untracked 
|1838|0x000000024b800000, 0x000000024b800000, 0x000000024bc00000|  0%| F|  |TAMS 0x000000024b800000, 0x000000024b800000| Untracked 
|1839|0x000000024bc00000, 0x000000024bc00000, 0x000000024c000000|  0%| F|  |TAMS 0x000000024bc00000, 0x000000024bc00000| Untracked 
|1840|0x000000024c000000, 0x000000024c000000, 0x000000024c400000|  0%| F|  |TAMS 0x000000024c000000, 0x000000024c000000| Untracked 
|1841|0x000000024c400000, 0x000000024c400000, 0x000000024c800000|  0%| F|  |TAMS 0x000000024c400000, 0x000000024c400000| Untracked 
|1842|0x000000024c800000, 0x000000024c800000, 0x000000024cc00000|  0%| F|  |TAMS 0x000000024c800000, 0x000000024c800000| Untracked 
|1843|0x000000024cc00000, 0x000000024cc00000, 0x000000024d000000|  0%| F|  |TAMS 0x000000024cc00000, 0x000000024cc00000| Untracked 
|1844|0x000000024d000000, 0x000000024d000000, 0x000000024d400000|  0%| F|  |TAMS 0x000000024d000000, 0x000000024d000000| Untracked 
|1845|0x000000024d400000, 0x000000024d400000, 0x000000024d800000|  0%| F|  |TAMS 0x000000024d400000, 0x000000024d400000| Untracked 
|1846|0x000000024d800000, 0x000000024d800000, 0x000000024dc00000|  0%| F|  |TAMS 0x000000024d800000, 0x000000024d800000| Untracked 
|1847|0x000000024dc00000, 0x000000024dc00000, 0x000000024e000000|  0%| F|  |TAMS 0x000000024dc00000, 0x000000024dc00000| Untracked 
|1848|0x000000024e000000, 0x000000024e000000, 0x000000024e400000|  0%| F|  |TAMS 0x000000024e000000, 0x000000024e000000| Untracked 
|1849|0x000000024e400000, 0x000000024e400000, 0x000000024e800000|  0%| F|  |TAMS 0x000000024e400000, 0x000000024e400000| Untracked 
|1850|0x000000024e800000, 0x000000024e800000, 0x000000024ec00000|  0%| F|  |TAMS 0x000000024e800000, 0x000000024e800000| Untracked 
|1851|0x000000024ec00000, 0x000000024ec00000, 0x000000024f000000|  0%| F|  |TAMS 0x000000024ec00000, 0x000000024ec00000| Untracked 
|1852|0x000000024f000000, 0x000000024f000000, 0x000000024f400000|  0%| F|  |TAMS 0x000000024f000000, 0x000000024f000000| Untracked 
|1853|0x000000024f400000, 0x000000024f400000, 0x000000024f800000|  0%| F|  |TAMS 0x000000024f400000, 0x000000024f400000| Untracked 
|1854|0x000000024f800000, 0x000000024f800000, 0x000000024fc00000|  0%| F|  |TAMS 0x000000024f800000, 0x000000024f800000| Untracked 
|1855|0x000000024fc00000, 0x000000024fc00000, 0x0000000250000000|  0%| F|  |TAMS 0x000000024fc00000, 0x000000024fc00000| Untracked 
|1856|0x0000000250000000, 0x0000000250000000, 0x0000000250400000|  0%| F|  |TAMS 0x0000000250000000, 0x0000000250000000| Untracked 
|1857|0x0000000250400000, 0x0000000250400000, 0x0000000250800000|  0%| F|  |TAMS 0x0000000250400000, 0x0000000250400000| Untracked 
|1858|0x0000000250800000, 0x0000000250800000, 0x0000000250c00000|  0%| F|  |TAMS 0x0000000250800000, 0x0000000250800000| Untracked 
|1859|0x0000000250c00000, 0x0000000250c00000, 0x0000000251000000|  0%| F|  |TAMS 0x0000000250c00000, 0x0000000250c00000| Untracked 
|1860|0x0000000251000000, 0x0000000251000000, 0x0000000251400000|  0%| F|  |TAMS 0x0000000251000000, 0x0000000251000000| Untracked 
|1861|0x0000000251400000, 0x0000000251400000, 0x0000000251800000|  0%| F|  |TAMS 0x0000000251400000, 0x0000000251400000| Untracked 
|1862|0x0000000251800000, 0x0000000251800000, 0x0000000251c00000|  0%| F|  |TAMS 0x0000000251800000, 0x0000000251800000| Untracked 
|1863|0x0000000251c00000, 0x0000000251c00000, 0x0000000252000000|  0%| F|  |TAMS 0x0000000251c00000, 0x0000000251c00000| Untracked 
|1864|0x0000000252000000, 0x0000000252000000, 0x0000000252400000|  0%| F|  |TAMS 0x0000000252000000, 0x0000000252000000| Untracked 
|1865|0x0000000252400000, 0x0000000252400000, 0x0000000252800000|  0%| F|  |TAMS 0x0000000252400000, 0x0000000252400000| Untracked 
|1866|0x0000000252800000, 0x0000000252800000, 0x0000000252c00000|  0%| F|  |TAMS 0x0000000252800000, 0x0000000252800000| Untracked 
|1867|0x0000000252c00000, 0x0000000252c00000, 0x0000000253000000|  0%| F|  |TAMS 0x0000000252c00000, 0x0000000252c00000| Untracked 
|1868|0x0000000253000000, 0x0000000253000000, 0x0000000253400000|  0%| F|  |TAMS 0x0000000253000000, 0x0000000253000000| Untracked 
|1869|0x0000000253400000, 0x0000000253400000, 0x0000000253800000|  0%| F|  |TAMS 0x0000000253400000, 0x0000000253400000| Untracked 
|1870|0x0000000253800000, 0x0000000253800000, 0x0000000253c00000|  0%| F|  |TAMS 0x0000000253800000, 0x0000000253800000| Untracked 
|1871|0x0000000253c00000, 0x0000000253c00000, 0x0000000254000000|  0%| F|  |TAMS 0x0000000253c00000, 0x0000000253c00000| Untracked 
|1872|0x0000000254000000, 0x0000000254000000, 0x0000000254400000|  0%| F|  |TAMS 0x0000000254000000, 0x0000000254000000| Untracked 
|1873|0x0000000254400000, 0x0000000254400000, 0x0000000254800000|  0%| F|  |TAMS 0x0000000254400000, 0x0000000254400000| Untracked 
|1874|0x0000000254800000, 0x0000000254800000, 0x0000000254c00000|  0%| F|  |TAMS 0x0000000254800000, 0x0000000254800000| Untracked 
|1875|0x0000000254c00000, 0x0000000254c00000, 0x0000000255000000|  0%| F|  |TAMS 0x0000000254c00000, 0x0000000254c00000| Untracked 
|1876|0x0000000255000000, 0x0000000255000000, 0x0000000255400000|  0%| F|  |TAMS 0x0000000255000000, 0x0000000255000000| Untracked 
|1877|0x0000000255400000, 0x0000000255400000, 0x0000000255800000|  0%| F|  |TAMS 0x0000000255400000, 0x0000000255400000| Untracked 
|1878|0x0000000255800000, 0x0000000255800000, 0x0000000255c00000|  0%| F|  |TAMS 0x0000000255800000, 0x0000000255800000| Untracked 
|1879|0x0000000255c00000, 0x0000000255c00000, 0x0000000256000000|  0%| F|  |TAMS 0x0000000255c00000, 0x0000000255c00000| Untracked 
|1880|0x0000000256000000, 0x0000000256000000, 0x0000000256400000|  0%| F|  |TAMS 0x0000000256000000, 0x0000000256000000| Untracked 
|1881|0x0000000256400000, 0x0000000256400000, 0x0000000256800000|  0%| F|  |TAMS 0x0000000256400000, 0x0000000256400000| Untracked 
|1882|0x0000000256800000, 0x0000000256800000, 0x0000000256c00000|  0%| F|  |TAMS 0x0000000256800000, 0x0000000256800000| Untracked 
|1883|0x0000000256c00000, 0x0000000256c00000, 0x0000000257000000|  0%| F|  |TAMS 0x0000000256c00000, 0x0000000256c00000| Untracked 
|1884|0x0000000257000000, 0x0000000257000000, 0x0000000257400000|  0%| F|  |TAMS 0x0000000257000000, 0x0000000257000000| Untracked 
|1885|0x0000000257400000, 0x0000000257400000, 0x0000000257800000|  0%| F|  |TAMS 0x0000000257400000, 0x0000000257400000| Untracked 
|1886|0x0000000257800000, 0x0000000257800000, 0x0000000257c00000|  0%| F|  |TAMS 0x0000000257800000, 0x0000000257800000| Untracked 
|1887|0x0000000257c00000, 0x0000000257c00000, 0x0000000258000000|  0%| F|  |TAMS 0x0000000257c00000, 0x0000000257c00000| Untracked 
|1888|0x0000000258000000, 0x0000000258000000, 0x0000000258400000|  0%| F|  |TAMS 0x0000000258000000, 0x0000000258000000| Untracked 
|1889|0x0000000258400000, 0x0000000258400000, 0x0000000258800000|  0%| F|  |TAMS 0x0000000258400000, 0x0000000258400000| Untracked 
|1890|0x0000000258800000, 0x0000000258800000, 0x0000000258c00000|  0%| F|  |TAMS 0x0000000258800000, 0x0000000258800000| Untracked 
|1891|0x0000000258c00000, 0x0000000258c00000, 0x0000000259000000|  0%| F|  |TAMS 0x0000000258c00000, 0x0000000258c00000| Untracked 
|1892|0x0000000259000000, 0x0000000259000000, 0x0000000259400000|  0%| F|  |TAMS 0x0000000259000000, 0x0000000259000000| Untracked 
|1893|0x0000000259400000, 0x0000000259400000, 0x0000000259800000|  0%| F|  |TAMS 0x0000000259400000, 0x0000000259400000| Untracked 
|1894|0x0000000259800000, 0x0000000259800000, 0x0000000259c00000|  0%| F|  |TAMS 0x0000000259800000, 0x0000000259800000| Untracked 
|1895|0x0000000259c00000, 0x0000000259c00000, 0x000000025a000000|  0%| F|  |TAMS 0x0000000259c00000, 0x0000000259c00000| Untracked 
|1896|0x000000025a000000, 0x000000025a000000, 0x000000025a400000|  0%| F|  |TAMS 0x000000025a000000, 0x000000025a000000| Untracked 
|1897|0x000000025a400000, 0x000000025a400000, 0x000000025a800000|  0%| F|  |TAMS 0x000000025a400000, 0x000000025a400000| Untracked 
|1898|0x000000025a800000, 0x000000025a800000, 0x000000025ac00000|  0%| F|  |TAMS 0x000000025a800000, 0x000000025a800000| Untracked 
|1899|0x000000025ac00000, 0x000000025ac00000, 0x000000025b000000|  0%| F|  |TAMS 0x000000025ac00000, 0x000000025ac00000| Untracked 
|1900|0x000000025b000000, 0x000000025b000000, 0x000000025b400000|  0%| F|  |TAMS 0x000000025b000000, 0x000000025b000000| Untracked 
|1901|0x000000025b400000, 0x000000025b400000, 0x000000025b800000|  0%| F|  |TAMS 0x000000025b400000, 0x000000025b400000| Untracked 
|1902|0x000000025b800000, 0x000000025b800000, 0x000000025bc00000|  0%| F|  |TAMS 0x000000025b800000, 0x000000025b800000| Untracked 
|1903|0x000000025bc00000, 0x000000025bc00000, 0x000000025c000000|  0%| F|  |TAMS 0x000000025bc00000, 0x000000025bc00000| Untracked 
|1904|0x000000025c000000, 0x000000025c000000, 0x000000025c400000|  0%| F|  |TAMS 0x000000025c000000, 0x000000025c000000| Untracked 
|1905|0x000000025c400000, 0x000000025c400000, 0x000000025c800000|  0%| F|  |TAMS 0x000000025c400000, 0x000000025c400000| Untracked 
|1906|0x000000025c800000, 0x000000025c800000, 0x000000025cc00000|  0%| F|  |TAMS 0x000000025c800000, 0x000000025c800000| Untracked 
|1907|0x000000025cc00000, 0x000000025cc00000, 0x000000025d000000|  0%| F|  |TAMS 0x000000025cc00000, 0x000000025cc00000| Untracked 
|1908|0x000000025d000000, 0x000000025d000000, 0x000000025d400000|  0%| F|  |TAMS 0x000000025d000000, 0x000000025d000000| Untracked 
|1909|0x000000025d400000, 0x000000025d400000, 0x000000025d800000|  0%| F|  |TAMS 0x000000025d400000, 0x000000025d400000| Untracked 
|1910|0x000000025d800000, 0x000000025d800000, 0x000000025dc00000|  0%| F|  |TAMS 0x000000025d800000, 0x000000025d800000| Untracked 
|1911|0x000000025dc00000, 0x000000025dc00000, 0x000000025e000000|  0%| F|  |TAMS 0x000000025dc00000, 0x000000025dc00000| Untracked 
|1912|0x000000025e000000, 0x000000025e000000, 0x000000025e400000|  0%| F|  |TAMS 0x000000025e000000, 0x000000025e000000| Untracked 
|1913|0x000000025e400000, 0x000000025e400000, 0x000000025e800000|  0%| F|  |TAMS 0x000000025e400000, 0x000000025e400000| Untracked 
|1914|0x000000025e800000, 0x000000025e800000, 0x000000025ec00000|  0%| F|  |TAMS 0x000000025e800000, 0x000000025e800000| Untracked 
|1915|0x000000025ec00000, 0x000000025ec00000, 0x000000025f000000|  0%| F|  |TAMS 0x000000025ec00000, 0x000000025ec00000| Untracked 
|1916|0x000000025f000000, 0x000000025f000000, 0x000000025f400000|  0%| F|  |TAMS 0x000000025f000000, 0x000000025f000000| Untracked 
|1917|0x000000025f400000, 0x000000025f400000, 0x000000025f800000|  0%| F|  |TAMS 0x000000025f400000, 0x000000025f400000| Untracked 
|1918|0x000000025f800000, 0x000000025f800000, 0x000000025fc00000|  0%| F|  |TAMS 0x000000025f800000, 0x000000025f800000| Untracked 
|1919|0x000000025fc00000, 0x000000025fc00000, 0x0000000260000000|  0%| F|  |TAMS 0x000000025fc00000, 0x000000025fc00000| Untracked 
|1920|0x0000000260000000, 0x0000000260000000, 0x0000000260400000|  0%| F|  |TAMS 0x0000000260000000, 0x0000000260000000| Untracked 
|1921|0x0000000260400000, 0x0000000260400000, 0x0000000260800000|  0%| F|  |TAMS 0x0000000260400000, 0x0000000260400000| Untracked 
|1922|0x0000000260800000, 0x0000000260800000, 0x0000000260c00000|  0%| F|  |TAMS 0x0000000260800000, 0x0000000260800000| Untracked 
|1923|0x0000000260c00000, 0x0000000260c00000, 0x0000000261000000|  0%| F|  |TAMS 0x0000000260c00000, 0x0000000260c00000| Untracked 
|1924|0x0000000261000000, 0x0000000261000000, 0x0000000261400000|  0%| F|  |TAMS 0x0000000261000000, 0x0000000261000000| Untracked 
|1925|0x0000000261400000, 0x0000000261400000, 0x0000000261800000|  0%| F|  |TAMS 0x0000000261400000, 0x0000000261400000| Untracked 
|1926|0x0000000261800000, 0x0000000261800000, 0x0000000261c00000|  0%| F|  |TAMS 0x0000000261800000, 0x0000000261800000| Untracked 
|1927|0x0000000261c00000, 0x0000000261c00000, 0x0000000262000000|  0%| F|  |TAMS 0x0000000261c00000, 0x0000000261c00000| Untracked 
|1928|0x0000000262000000, 0x0000000262000000, 0x0000000262400000|  0%| F|  |TAMS 0x0000000262000000, 0x0000000262000000| Untracked 
|1929|0x0000000262400000, 0x0000000262400000, 0x0000000262800000|  0%| F|  |TAMS 0x0000000262400000, 0x0000000262400000| Untracked 
|1930|0x0000000262800000, 0x0000000262800000, 0x0000000262c00000|  0%| F|  |TAMS 0x0000000262800000, 0x0000000262800000| Untracked 
|1931|0x0000000262c00000, 0x0000000262c00000, 0x0000000263000000|  0%| F|  |TAMS 0x0000000262c00000, 0x0000000262c00000| Untracked 
|1932|0x0000000263000000, 0x0000000263000000, 0x0000000263400000|  0%| F|  |TAMS 0x0000000263000000, 0x0000000263000000| Untracked 
|1933|0x0000000263400000, 0x0000000263400000, 0x0000000263800000|  0%| F|  |TAMS 0x0000000263400000, 0x0000000263400000| Untracked 
|1934|0x0000000263800000, 0x0000000263800000, 0x0000000263c00000|  0%| F|  |TAMS 0x0000000263800000, 0x0000000263800000| Untracked 
|1935|0x0000000263c00000, 0x0000000263c00000, 0x0000000264000000|  0%| F|  |TAMS 0x0000000263c00000, 0x0000000263c00000| Untracked 
|1936|0x0000000264000000, 0x0000000264000000, 0x0000000264400000|  0%| F|  |TAMS 0x0000000264000000, 0x0000000264000000| Untracked 
|1937|0x0000000264400000, 0x0000000264400000, 0x0000000264800000|  0%| F|  |TAMS 0x0000000264400000, 0x0000000264400000| Untracked 
|1938|0x0000000264800000, 0x0000000264800000, 0x0000000264c00000|  0%| F|  |TAMS 0x0000000264800000, 0x0000000264800000| Untracked 
|1939|0x0000000264c00000, 0x0000000264c00000, 0x0000000265000000|  0%| F|  |TAMS 0x0000000264c00000, 0x0000000264c00000| Untracked 
|1940|0x0000000265000000, 0x0000000265000000, 0x0000000265400000|  0%| F|  |TAMS 0x0000000265000000, 0x0000000265000000| Untracked 
|1941|0x0000000265400000, 0x0000000265400000, 0x0000000265800000|  0%| F|  |TAMS 0x0000000265400000, 0x0000000265400000| Untracked 
|1942|0x0000000265800000, 0x0000000265800000, 0x0000000265c00000|  0%| F|  |TAMS 0x0000000265800000, 0x0000000265800000| Untracked 
|1943|0x0000000265c00000, 0x0000000265c00000, 0x0000000266000000|  0%| F|  |TAMS 0x0000000265c00000, 0x0000000265c00000| Untracked 
|1944|0x0000000266000000, 0x0000000266000000, 0x0000000266400000|  0%| F|  |TAMS 0x0000000266000000, 0x0000000266000000| Untracked 
|1945|0x0000000266400000, 0x0000000266400000, 0x0000000266800000|  0%| F|  |TAMS 0x0000000266400000, 0x0000000266400000| Untracked 
|1946|0x0000000266800000, 0x0000000266800000, 0x0000000266c00000|  0%| F|  |TAMS 0x0000000266800000, 0x0000000266800000| Untracked 
|1947|0x0000000266c00000, 0x0000000266c00000, 0x0000000267000000|  0%| F|  |TAMS 0x0000000266c00000, 0x0000000266c00000| Untracked 
|1948|0x0000000267000000, 0x0000000267000000, 0x0000000267400000|  0%| F|  |TAMS 0x0000000267000000, 0x0000000267000000| Untracked 
|1949|0x0000000267400000, 0x0000000267400000, 0x0000000267800000|  0%| F|  |TAMS 0x0000000267400000, 0x0000000267400000| Untracked 
|1950|0x0000000267800000, 0x0000000267800000, 0x0000000267c00000|  0%| F|  |TAMS 0x0000000267800000, 0x0000000267800000| Untracked 
|1951|0x0000000267c00000, 0x0000000267c00000, 0x0000000268000000|  0%| F|  |TAMS 0x0000000267c00000, 0x0000000267c00000| Untracked 
|1952|0x0000000268000000, 0x0000000268000000, 0x0000000268400000|  0%| F|  |TAMS 0x0000000268000000, 0x0000000268000000| Untracked 
|1953|0x0000000268400000, 0x0000000268400000, 0x0000000268800000|  0%| F|  |TAMS 0x0000000268400000, 0x0000000268400000| Untracked 
|1954|0x0000000268800000, 0x0000000268800000, 0x0000000268c00000|  0%| F|  |TAMS 0x0000000268800000, 0x0000000268800000| Untracked 
|1955|0x0000000268c00000, 0x0000000268c00000, 0x0000000269000000|  0%| F|  |TAMS 0x0000000268c00000, 0x0000000268c00000| Untracked 
|1956|0x0000000269000000, 0x0000000269000000, 0x0000000269400000|  0%| F|  |TAMS 0x0000000269000000, 0x0000000269000000| Untracked 
|1957|0x0000000269400000, 0x0000000269400000, 0x0000000269800000|  0%| F|  |TAMS 0x0000000269400000, 0x0000000269400000| Untracked 
|1958|0x0000000269800000, 0x0000000269800000, 0x0000000269c00000|  0%| F|  |TAMS 0x0000000269800000, 0x0000000269800000| Untracked 
|1959|0x0000000269c00000, 0x0000000269c00000, 0x000000026a000000|  0%| F|  |TAMS 0x0000000269c00000, 0x0000000269c00000| Untracked 
|1960|0x000000026a000000, 0x000000026a000000, 0x000000026a400000|  0%| F|  |TAMS 0x000000026a000000, 0x000000026a000000| Untracked 
|1961|0x000000026a400000, 0x000000026a400000, 0x000000026a800000|  0%| F|  |TAMS 0x000000026a400000, 0x000000026a400000| Untracked 
|1962|0x000000026a800000, 0x000000026a800000, 0x000000026ac00000|  0%| F|  |TAMS 0x000000026a800000, 0x000000026a800000| Untracked 
|1963|0x000000026ac00000, 0x000000026ac00000, 0x000000026b000000|  0%| F|  |TAMS 0x000000026ac00000, 0x000000026ac00000| Untracked 
|1964|0x000000026b000000, 0x000000026b000000, 0x000000026b400000|  0%| F|  |TAMS 0x000000026b000000, 0x000000026b000000| Untracked 
|1965|0x000000026b400000, 0x000000026b400000, 0x000000026b800000|  0%| F|  |TAMS 0x000000026b400000, 0x000000026b400000| Untracked 
|1966|0x000000026b800000, 0x000000026b800000, 0x000000026bc00000|  0%| F|  |TAMS 0x000000026b800000, 0x000000026b800000| Untracked 
|1967|0x000000026bc00000, 0x000000026bc00000, 0x000000026c000000|  0%| F|  |TAMS 0x000000026bc00000, 0x000000026bc00000| Untracked 
|1968|0x000000026c000000, 0x000000026c000000, 0x000000026c400000|  0%| F|  |TAMS 0x000000026c000000, 0x000000026c000000| Untracked 
|1969|0x000000026c400000, 0x000000026c400000, 0x000000026c800000|  0%| F|  |TAMS 0x000000026c400000, 0x000000026c400000| Untracked 
|1970|0x000000026c800000, 0x000000026c800000, 0x000000026cc00000|  0%| F|  |TAMS 0x000000026c800000, 0x000000026c800000| Untracked 
|1971|0x000000026cc00000, 0x000000026cc00000, 0x000000026d000000|  0%| F|  |TAMS 0x000000026cc00000, 0x000000026cc00000| Untracked 
|1972|0x000000026d000000, 0x000000026d000000, 0x000000026d400000|  0%| F|  |TAMS 0x000000026d000000, 0x000000026d000000| Untracked 
|1973|0x000000026d400000, 0x000000026d400000, 0x000000026d800000|  0%| F|  |TAMS 0x000000026d400000, 0x000000026d400000| Untracked 
|1974|0x000000026d800000, 0x000000026d800000, 0x000000026dc00000|  0%| F|  |TAMS 0x000000026d800000, 0x000000026d800000| Untracked 
|1975|0x000000026dc00000, 0x000000026dc00000, 0x000000026e000000|  0%| F|  |TAMS 0x000000026dc00000, 0x000000026dc00000| Untracked 
|1976|0x000000026e000000, 0x000000026e000000, 0x000000026e400000|  0%| F|  |TAMS 0x000000026e000000, 0x000000026e000000| Untracked 
|1977|0x000000026e400000, 0x000000026e400000, 0x000000026e800000|  0%| F|  |TAMS 0x000000026e400000, 0x000000026e400000| Untracked 
|1978|0x000000026e800000, 0x000000026e800000, 0x000000026ec00000|  0%| F|  |TAMS 0x000000026e800000, 0x000000026e800000| Untracked 
|1979|0x000000026ec00000, 0x000000026ec00000, 0x000000026f000000|  0%| F|  |TAMS 0x000000026ec00000, 0x000000026ec00000| Untracked 
|1980|0x000000026f000000, 0x000000026f000000, 0x000000026f400000|  0%| F|  |TAMS 0x000000026f000000, 0x000000026f000000| Untracked 
|1981|0x000000026f400000, 0x000000026f400000, 0x000000026f800000|  0%| F|  |TAMS 0x000000026f400000, 0x000000026f400000| Untracked 
|1982|0x000000026f800000, 0x000000026f800000, 0x000000026fc00000|  0%| F|  |TAMS 0x000000026f800000, 0x000000026f800000| Untracked 
|1983|0x000000026fc00000, 0x000000026fc00000, 0x0000000270000000|  0%| F|  |TAMS 0x000000026fc00000, 0x000000026fc00000| Untracked 
|1984|0x0000000270000000, 0x0000000270000000, 0x0000000270400000|  0%| F|  |TAMS 0x0000000270000000, 0x0000000270000000| Untracked 
|1985|0x0000000270400000, 0x0000000270400000, 0x0000000270800000|  0%| F|  |TAMS 0x0000000270400000, 0x0000000270400000| Untracked 
|1986|0x0000000270800000, 0x0000000270800000, 0x0000000270c00000|  0%| F|  |TAMS 0x0000000270800000, 0x0000000270800000| Untracked 
|1987|0x0000000270c00000, 0x0000000270c00000, 0x0000000271000000|  0%| F|  |TAMS 0x0000000270c00000, 0x0000000270c00000| Untracked 
|1988|0x0000000271000000, 0x0000000271000000, 0x0000000271400000|  0%| F|  |TAMS 0x0000000271000000, 0x0000000271000000| Untracked 
|1989|0x0000000271400000, 0x0000000271400000, 0x0000000271800000|  0%| F|  |TAMS 0x0000000271400000, 0x0000000271400000| Untracked 
|1990|0x0000000271800000, 0x0000000271800000, 0x0000000271c00000|  0%| F|  |TAMS 0x0000000271800000, 0x0000000271800000| Untracked 
|1991|0x0000000271c00000, 0x0000000271c00000, 0x0000000272000000|  0%| F|  |TAMS 0x0000000271c00000, 0x0000000271c00000| Untracked 
|1992|0x0000000272000000, 0x0000000272000000, 0x0000000272400000|  0%| F|  |TAMS 0x0000000272000000, 0x0000000272000000| Untracked 
|1993|0x0000000272400000, 0x0000000272400000, 0x0000000272800000|  0%| F|  |TAMS 0x0000000272400000, 0x0000000272400000| Untracked 
|1994|0x0000000272800000, 0x0000000272800000, 0x0000000272c00000|  0%| F|  |TAMS 0x0000000272800000, 0x0000000272800000| Untracked 
|1995|0x0000000272c00000, 0x0000000272c00000, 0x0000000273000000|  0%| F|  |TAMS 0x0000000272c00000, 0x0000000272c00000| Untracked 
|1996|0x0000000273000000, 0x0000000273000000, 0x0000000273400000|  0%| F|  |TAMS 0x0000000273000000, 0x0000000273000000| Untracked 
|1997|0x0000000273400000, 0x0000000273400000, 0x0000000273800000|  0%| F|  |TAMS 0x0000000273400000, 0x0000000273400000| Untracked 
|1998|0x0000000273800000, 0x0000000273800000, 0x0000000273c00000|  0%| F|  |TAMS 0x0000000273800000, 0x0000000273800000| Untracked 
|1999|0x0000000273c00000, 0x0000000273c00000, 0x0000000274000000|  0%| F|  |TAMS 0x0000000273c00000, 0x0000000273c00000| Untracked 
|2000|0x0000000274000000, 0x0000000274000000, 0x0000000274400000|  0%| F|  |TAMS 0x0000000274000000, 0x0000000274000000| Untracked 
|2001|0x0000000274400000, 0x0000000274400000, 0x0000000274800000|  0%| F|  |TAMS 0x0000000274400000, 0x0000000274400000| Untracked 
|2002|0x0000000274800000, 0x0000000274800000, 0x0000000274c00000|  0%| F|  |TAMS 0x0000000274800000, 0x0000000274800000| Untracked 
|2003|0x0000000274c00000, 0x0000000274c00000, 0x0000000275000000|  0%| F|  |TAMS 0x0000000274c00000, 0x0000000274c00000| Untracked 
|2004|0x0000000275000000, 0x0000000275000000, 0x0000000275400000|  0%| F|  |TAMS 0x0000000275000000, 0x0000000275000000| Untracked 
|2005|0x0000000275400000, 0x0000000275400000, 0x0000000275800000|  0%| F|  |TAMS 0x0000000275400000, 0x0000000275400000| Untracked 
|2006|0x0000000275800000, 0x0000000275800000, 0x0000000275c00000|  0%| F|  |TAMS 0x0000000275800000, 0x0000000275800000| Untracked 
|2007|0x0000000275c00000, 0x0000000275c00000, 0x0000000276000000|  0%| F|  |TAMS 0x0000000275c00000, 0x0000000275c00000| Untracked 
|2008|0x0000000276000000, 0x0000000276000000, 0x0000000276400000|  0%| F|  |TAMS 0x0000000276000000, 0x0000000276000000| Untracked 
|2009|0x0000000276400000, 0x0000000276400000, 0x0000000276800000|  0%| F|  |TAMS 0x0000000276400000, 0x0000000276400000| Untracked 
|2010|0x0000000276800000, 0x0000000276800000, 0x0000000276c00000|  0%| F|  |TAMS 0x0000000276800000, 0x0000000276800000| Untracked 
|2011|0x0000000276c00000, 0x0000000276c00000, 0x0000000277000000|  0%| F|  |TAMS 0x0000000276c00000, 0x0000000276c00000| Untracked 
|2012|0x0000000277000000, 0x0000000277000000, 0x0000000277400000|  0%| F|  |TAMS 0x0000000277000000, 0x0000000277000000| Untracked 
|2013|0x0000000277400000, 0x0000000277400000, 0x0000000277800000|  0%| F|  |TAMS 0x0000000277400000, 0x0000000277400000| Untracked 
|2014|0x0000000277800000, 0x0000000277800000, 0x0000000277c00000|  0%| F|  |TAMS 0x0000000277800000, 0x0000000277800000| Untracked 
|2015|0x0000000277c00000, 0x0000000277c00000, 0x0000000278000000|  0%| F|  |TAMS 0x0000000277c00000, 0x0000000277c00000| Untracked 
|2016|0x0000000278000000, 0x0000000278000000, 0x0000000278400000|  0%| F|  |TAMS 0x0000000278000000, 0x0000000278000000| Untracked 
|2017|0x0000000278400000, 0x0000000278400000, 0x0000000278800000|  0%| F|  |TAMS 0x0000000278400000, 0x0000000278400000| Untracked 
|2018|0x0000000278800000, 0x0000000278800000, 0x0000000278c00000|  0%| F|  |TAMS 0x0000000278800000, 0x0000000278800000| Untracked 
|2019|0x0000000278c00000, 0x0000000278c00000, 0x0000000279000000|  0%| F|  |TAMS 0x0000000278c00000, 0x0000000278c00000| Untracked 
|2020|0x0000000279000000, 0x0000000279000000, 0x0000000279400000|  0%| F|  |TAMS 0x0000000279000000, 0x0000000279000000| Untracked 
|2021|0x0000000279400000, 0x0000000279400000, 0x0000000279800000|  0%| F|  |TAMS 0x0000000279400000, 0x0000000279400000| Untracked 
|2022|0x0000000279800000, 0x0000000279800000, 0x0000000279c00000|  0%| F|  |TAMS 0x0000000279800000, 0x0000000279800000| Untracked 
|2023|0x0000000279c00000, 0x0000000279c00000, 0x000000027a000000|  0%| F|  |TAMS 0x0000000279c00000, 0x0000000279c00000| Untracked 
|2024|0x000000027a000000, 0x000000027a000000, 0x000000027a400000|  0%| F|  |TAMS 0x000000027a000000, 0x000000027a000000| Untracked 
|2025|0x000000027a400000, 0x000000027a400000, 0x000000027a800000|  0%| F|  |TAMS 0x000000027a400000, 0x000000027a400000| Untracked 
|2026|0x000000027a800000, 0x000000027a800000, 0x000000027ac00000|  0%| F|  |TAMS 0x000000027a800000, 0x000000027a800000| Untracked 
|2027|0x000000027ac00000, 0x000000027ac00000, 0x000000027b000000|  0%| F|  |TAMS 0x000000027ac00000, 0x000000027ac00000| Untracked 
|2028|0x000000027b000000, 0x000000027b000000, 0x000000027b400000|  0%| F|  |TAMS 0x000000027b000000, 0x000000027b000000| Untracked 
|2029|0x000000027b400000, 0x000000027b400000, 0x000000027b800000|  0%| F|  |TAMS 0x000000027b400000, 0x000000027b400000| Untracked 
|2030|0x000000027b800000, 0x000000027b800000, 0x000000027bc00000|  0%| F|  |TAMS 0x000000027b800000, 0x000000027b800000| Untracked 
|2031|0x000000027bc00000, 0x000000027bc00000, 0x000000027c000000|  0%| F|  |TAMS 0x000000027bc00000, 0x000000027bc00000| Untracked 
|2032|0x000000027c000000, 0x000000027c000000, 0x000000027c400000|  0%| F|  |TAMS 0x000000027c000000, 0x000000027c000000| Untracked 
|2033|0x000000027c400000, 0x000000027c400000, 0x000000027c800000|  0%| F|  |TAMS 0x000000027c400000, 0x000000027c400000| Untracked 
|2034|0x000000027c800000, 0x000000027c800000, 0x000000027cc00000|  0%| F|  |TAMS 0x000000027c800000, 0x000000027c800000| Untracked 
|2035|0x000000027cc00000, 0x000000027cc00000, 0x000000027d000000|  0%| F|  |TAMS 0x000000027cc00000, 0x000000027cc00000| Untracked 
|2036|0x000000027d000000, 0x000000027d000000, 0x000000027d400000|  0%| F|  |TAMS 0x000000027d000000, 0x000000027d000000| Untracked 
|2037|0x000000027d400000, 0x000000027d400000, 0x000000027d800000|  0%| F|  |TAMS 0x000000027d400000, 0x000000027d400000| Untracked 
|2038|0x000000027d800000, 0x000000027d800000, 0x000000027dc00000|  0%| F|  |TAMS 0x000000027d800000, 0x000000027d800000| Untracked 
|2039|0x000000027dc00000, 0x000000027dc00000, 0x000000027e000000|  0%| F|  |TAMS 0x000000027dc00000, 0x000000027dc00000| Untracked 
|2040|0x000000027e000000, 0x000000027e000000, 0x000000027e400000|  0%| F|  |TAMS 0x000000027e000000, 0x000000027e000000| Untracked 
|2041|0x000000027e400000, 0x000000027e400000, 0x000000027e800000|  0%| F|  |TAMS 0x000000027e400000, 0x000000027e400000| Untracked 
|2042|0x000000027e800000, 0x000000027e800000, 0x000000027ec00000|  0%| F|  |TAMS 0x000000027e800000, 0x000000027e800000| Untracked 
|2043|0x000000027ec00000, 0x000000027ec00000, 0x000000027f000000|  0%| F|  |TAMS 0x000000027ec00000, 0x000000027ec00000| Untracked 
|2044|0x000000027f000000, 0x000000027f000000, 0x000000027f400000|  0%| F|  |TAMS 0x000000027f000000, 0x000000027f000000| Untracked 
|2045|0x000000027f400000, 0x000000027f400000, 0x000000027f800000|  0%| F|  |TAMS 0x000000027f400000, 0x000000027f400000| Untracked 
|2046|0x000000027f800000, 0x000000027f800000, 0x000000027fc00000|  0%| F|  |TAMS 0x000000027f800000, 0x000000027f800000| Untracked 
|2047|0x000000027fc00000, 0x000000027fc00000, 0x0000000280000000|  0%| F|  |TAMS 0x000000027fc00000, 0x000000027fc00000| Untracked 
|2048|0x0000000280000000, 0x0000000280000000, 0x0000000280400000|  0%| F|  |TAMS 0x0000000280000000, 0x0000000280000000| Untracked 
|2049|0x0000000280400000, 0x0000000280400000, 0x0000000280800000|  0%| F|  |TAMS 0x0000000280400000, 0x0000000280400000| Untracked 
|2050|0x0000000280800000, 0x0000000280800000, 0x0000000280c00000|  0%| F|  |TAMS 0x0000000280800000, 0x0000000280800000| Untracked 
|2051|0x0000000280c00000, 0x0000000280c00000, 0x0000000281000000|  0%| F|  |TAMS 0x0000000280c00000, 0x0000000280c00000| Untracked 
|2052|0x0000000281000000, 0x0000000281000000, 0x0000000281400000|  0%| F|  |TAMS 0x0000000281000000, 0x0000000281000000| Untracked 
|2053|0x0000000281400000, 0x0000000281400000, 0x0000000281800000|  0%| F|  |TAMS 0x0000000281400000, 0x0000000281400000| Untracked 
|2054|0x0000000281800000, 0x0000000281800000, 0x0000000281c00000|  0%| F|  |TAMS 0x0000000281800000, 0x0000000281800000| Untracked 
|2055|0x0000000281c00000, 0x0000000281c00000, 0x0000000282000000|  0%| F|  |TAMS 0x0000000281c00000, 0x0000000281c00000| Untracked 
|2056|0x0000000282000000, 0x0000000282000000, 0x0000000282400000|  0%| F|  |TAMS 0x0000000282000000, 0x0000000282000000| Untracked 
|2057|0x0000000282400000, 0x0000000282400000, 0x0000000282800000|  0%| F|  |TAMS 0x0000000282400000, 0x0000000282400000| Untracked 
|2058|0x0000000282800000, 0x0000000282800000, 0x0000000282c00000|  0%| F|  |TAMS 0x0000000282800000, 0x0000000282800000| Untracked 
|2059|0x0000000282c00000, 0x0000000282c00000, 0x0000000283000000|  0%| F|  |TAMS 0x0000000282c00000, 0x0000000282c00000| Untracked 
|2060|0x0000000283000000, 0x0000000283000000, 0x0000000283400000|  0%| F|  |TAMS 0x0000000283000000, 0x0000000283000000| Untracked 
|2061|0x0000000283400000, 0x0000000283400000, 0x0000000283800000|  0%| F|  |TAMS 0x0000000283400000, 0x0000000283400000| Untracked 
|2062|0x0000000283800000, 0x0000000283800000, 0x0000000283c00000|  0%| F|  |TAMS 0x0000000283800000, 0x0000000283800000| Untracked 
|2063|0x0000000283c00000, 0x0000000283c00000, 0x0000000284000000|  0%| F|  |TAMS 0x0000000283c00000, 0x0000000283c00000| Untracked 
|2064|0x0000000284000000, 0x0000000284000000, 0x0000000284400000|  0%| F|  |TAMS 0x0000000284000000, 0x0000000284000000| Untracked 
|2065|0x0000000284400000, 0x0000000284400000, 0x0000000284800000|  0%| F|  |TAMS 0x0000000284400000, 0x0000000284400000| Untracked 
|2066|0x0000000284800000, 0x0000000284800000, 0x0000000284c00000|  0%| F|  |TAMS 0x0000000284800000, 0x0000000284800000| Untracked 
|2067|0x0000000284c00000, 0x0000000284c00000, 0x0000000285000000|  0%| F|  |TAMS 0x0000000284c00000, 0x0000000284c00000| Untracked 
|2068|0x0000000285000000, 0x0000000285000000, 0x0000000285400000|  0%| F|  |TAMS 0x0000000285000000, 0x0000000285000000| Untracked 
|2069|0x0000000285400000, 0x0000000285400000, 0x0000000285800000|  0%| F|  |TAMS 0x0000000285400000, 0x0000000285400000| Untracked 
|2070|0x0000000285800000, 0x0000000285800000, 0x0000000285c00000|  0%| F|  |TAMS 0x0000000285800000, 0x0000000285800000| Untracked 
|2071|0x0000000285c00000, 0x0000000285c00000, 0x0000000286000000|  0%| F|  |TAMS 0x0000000285c00000, 0x0000000285c00000| Untracked 
|2072|0x0000000286000000, 0x0000000286000000, 0x0000000286400000|  0%| F|  |TAMS 0x0000000286000000, 0x0000000286000000| Untracked 
|2073|0x0000000286400000, 0x0000000286400000, 0x0000000286800000|  0%| F|  |TAMS 0x0000000286400000, 0x0000000286400000| Untracked 
|2074|0x0000000286800000, 0x0000000286800000, 0x0000000286c00000|  0%| F|  |TAMS 0x0000000286800000, 0x0000000286800000| Untracked 
|2075|0x0000000286c00000, 0x0000000286c00000, 0x0000000287000000|  0%| F|  |TAMS 0x0000000286c00000, 0x0000000286c00000| Untracked 
|2076|0x0000000287000000, 0x0000000287000000, 0x0000000287400000|  0%| F|  |TAMS 0x0000000287000000, 0x0000000287000000| Untracked 
|2077|0x0000000287400000, 0x0000000287400000, 0x0000000287800000|  0%| F|  |TAMS 0x0000000287400000, 0x0000000287400000| Untracked 
|2078|0x0000000287800000, 0x0000000287800000, 0x0000000287c00000|  0%| F|  |TAMS 0x0000000287800000, 0x0000000287800000| Untracked 
|2079|0x0000000287c00000, 0x0000000287c00000, 0x0000000288000000|  0%| F|  |TAMS 0x0000000287c00000, 0x0000000287c00000| Untracked 
|2080|0x0000000288000000, 0x0000000288000000, 0x0000000288400000|  0%| F|  |TAMS 0x0000000288000000, 0x0000000288000000| Untracked 
|2081|0x0000000288400000, 0x0000000288400000, 0x0000000288800000|  0%| F|  |TAMS 0x0000000288400000, 0x0000000288400000| Untracked 
|2082|0x0000000288800000, 0x0000000288800000, 0x0000000288c00000|  0%| F|  |TAMS 0x0000000288800000, 0x0000000288800000| Untracked 
|2083|0x0000000288c00000, 0x0000000288c00000, 0x0000000289000000|  0%| F|  |TAMS 0x0000000288c00000, 0x0000000288c00000| Untracked 
|2084|0x0000000289000000, 0x0000000289000000, 0x0000000289400000|  0%| F|  |TAMS 0x0000000289000000, 0x0000000289000000| Untracked 
|2085|0x0000000289400000, 0x0000000289400000, 0x0000000289800000|  0%| F|  |TAMS 0x0000000289400000, 0x0000000289400000| Untracked 
|2086|0x0000000289800000, 0x0000000289800000, 0x0000000289c00000|  0%| F|  |TAMS 0x0000000289800000, 0x0000000289800000| Untracked 
|2087|0x0000000289c00000, 0x0000000289c00000, 0x000000028a000000|  0%| F|  |TAMS 0x0000000289c00000, 0x0000000289c00000| Untracked 
|2088|0x000000028a000000, 0x000000028a000000, 0x000000028a400000|  0%| F|  |TAMS 0x000000028a000000, 0x000000028a000000| Untracked 
|2089|0x000000028a400000, 0x000000028a400000, 0x000000028a800000|  0%| F|  |TAMS 0x000000028a400000, 0x000000028a400000| Untracked 
|2090|0x000000028a800000, 0x000000028a800000, 0x000000028ac00000|  0%| F|  |TAMS 0x000000028a800000, 0x000000028a800000| Untracked 
|2091|0x000000028ac00000, 0x000000028ac00000, 0x000000028b000000|  0%| F|  |TAMS 0x000000028ac00000, 0x000000028ac00000| Untracked 
|2092|0x000000028b000000, 0x000000028b000000, 0x000000028b400000|  0%| F|  |TAMS 0x000000028b000000, 0x000000028b000000| Untracked 
|2093|0x000000028b400000, 0x000000028b400000, 0x000000028b800000|  0%| F|  |TAMS 0x000000028b400000, 0x000000028b400000| Untracked 
|2094|0x000000028b800000, 0x000000028b800000, 0x000000028bc00000|  0%| F|  |TAMS 0x000000028b800000, 0x000000028b800000| Untracked 
|2095|0x000000028bc00000, 0x000000028bc00000, 0x000000028c000000|  0%| F|  |TAMS 0x000000028bc00000, 0x000000028bc00000| Untracked 
|2096|0x000000028c000000, 0x000000028c000000, 0x000000028c400000|  0%| F|  |TAMS 0x000000028c000000, 0x000000028c000000| Untracked 
|2097|0x000000028c400000, 0x000000028c400000, 0x000000028c800000|  0%| F|  |TAMS 0x000000028c400000, 0x000000028c400000| Untracked 
|2098|0x000000028c800000, 0x000000028c800000, 0x000000028cc00000|  0%| F|  |TAMS 0x000000028c800000, 0x000000028c800000| Untracked 
|2099|0x000000028cc00000, 0x000000028cc00000, 0x000000028d000000|  0%| F|  |TAMS 0x000000028cc00000, 0x000000028cc00000| Untracked 
|2100|0x000000028d000000, 0x000000028d000000, 0x000000028d400000|  0%| F|  |TAMS 0x000000028d000000, 0x000000028d000000| Untracked 
|2101|0x000000028d400000, 0x000000028d400000, 0x000000028d800000|  0%| F|  |TAMS 0x000000028d400000, 0x000000028d400000| Untracked 
|2102|0x000000028d800000, 0x000000028d800000, 0x000000028dc00000|  0%| F|  |TAMS 0x000000028d800000, 0x000000028d800000| Untracked 
|2103|0x000000028dc00000, 0x000000028dc00000, 0x000000028e000000|  0%| F|  |TAMS 0x000000028dc00000, 0x000000028dc00000| Untracked 
|2104|0x000000028e000000, 0x000000028e000000, 0x000000028e400000|  0%| F|  |TAMS 0x000000028e000000, 0x000000028e000000| Untracked 
|2105|0x000000028e400000, 0x000000028e400000, 0x000000028e800000|  0%| F|  |TAMS 0x000000028e400000, 0x000000028e400000| Untracked 
|2106|0x000000028e800000, 0x000000028e800000, 0x000000028ec00000|  0%| F|  |TAMS 0x000000028e800000, 0x000000028e800000| Untracked 
|2107|0x000000028ec00000, 0x000000028ec00000, 0x000000028f000000|  0%| F|  |TAMS 0x000000028ec00000, 0x000000028ec00000| Untracked 
|2108|0x000000028f000000, 0x000000028f000000, 0x000000028f400000|  0%| F|  |TAMS 0x000000028f000000, 0x000000028f000000| Untracked 
|2109|0x000000028f400000, 0x000000028f400000, 0x000000028f800000|  0%| F|  |TAMS 0x000000028f400000, 0x000000028f400000| Untracked 
|2110|0x000000028f800000, 0x000000028f800000, 0x000000028fc00000|  0%| F|  |TAMS 0x000000028f800000, 0x000000028f800000| Untracked 
|2111|0x000000028fc00000, 0x000000028fc00000, 0x0000000290000000|  0%| F|  |TAMS 0x000000028fc00000, 0x000000028fc00000| Untracked 
|2112|0x0000000290000000, 0x0000000290000000, 0x0000000290400000|  0%| F|  |TAMS 0x0000000290000000, 0x0000000290000000| Untracked 
|2113|0x0000000290400000, 0x0000000290400000, 0x0000000290800000|  0%| F|  |TAMS 0x0000000290400000, 0x0000000290400000| Untracked 
|2114|0x0000000290800000, 0x0000000290800000, 0x0000000290c00000|  0%| F|  |TAMS 0x0000000290800000, 0x0000000290800000| Untracked 
|2115|0x0000000290c00000, 0x0000000290c00000, 0x0000000291000000|  0%| F|  |TAMS 0x0000000290c00000, 0x0000000290c00000| Untracked 
|2116|0x0000000291000000, 0x0000000291000000, 0x0000000291400000|  0%| F|  |TAMS 0x0000000291000000, 0x0000000291000000| Untracked 
|2117|0x0000000291400000, 0x0000000291400000, 0x0000000291800000|  0%| F|  |TAMS 0x0000000291400000, 0x0000000291400000| Untracked 
|2118|0x0000000291800000, 0x0000000291800000, 0x0000000291c00000|  0%| F|  |TAMS 0x0000000291800000, 0x0000000291800000| Untracked 
|2119|0x0000000291c00000, 0x0000000291c00000, 0x0000000292000000|  0%| F|  |TAMS 0x0000000291c00000, 0x0000000291c00000| Untracked 
|2120|0x0000000292000000, 0x0000000292000000, 0x0000000292400000|  0%| F|  |TAMS 0x0000000292000000, 0x0000000292000000| Untracked 
|2121|0x0000000292400000, 0x0000000292400000, 0x0000000292800000|  0%| F|  |TAMS 0x0000000292400000, 0x0000000292400000| Untracked 
|2122|0x0000000292800000, 0x0000000292800000, 0x0000000292c00000|  0%| F|  |TAMS 0x0000000292800000, 0x0000000292800000| Untracked 
|2123|0x0000000292c00000, 0x0000000292c00000, 0x0000000293000000|  0%| F|  |TAMS 0x0000000292c00000, 0x0000000292c00000| Untracked 
|2124|0x0000000293000000, 0x0000000293000000, 0x0000000293400000|  0%| F|  |TAMS 0x0000000293000000, 0x0000000293000000| Untracked 
|2125|0x0000000293400000, 0x0000000293400000, 0x0000000293800000|  0%| F|  |TAMS 0x0000000293400000, 0x0000000293400000| Untracked 
|2126|0x0000000293800000, 0x0000000293800000, 0x0000000293c00000|  0%| F|  |TAMS 0x0000000293800000, 0x0000000293800000| Untracked 
|2127|0x0000000293c00000, 0x0000000293c00000, 0x0000000294000000|  0%| F|  |TAMS 0x0000000293c00000, 0x0000000293c00000| Untracked 
|2128|0x0000000294000000, 0x0000000294000000, 0x0000000294400000|  0%| F|  |TAMS 0x0000000294000000, 0x0000000294000000| Untracked 
|2129|0x0000000294400000, 0x0000000294400000, 0x0000000294800000|  0%| F|  |TAMS 0x0000000294400000, 0x0000000294400000| Untracked 
|2130|0x0000000294800000, 0x0000000294800000, 0x0000000294c00000|  0%| F|  |TAMS 0x0000000294800000, 0x0000000294800000| Untracked 
|2131|0x0000000294c00000, 0x0000000294c00000, 0x0000000295000000|  0%| F|  |TAMS 0x0000000294c00000, 0x0000000294c00000| Untracked 
|2132|0x0000000295000000, 0x0000000295000000, 0x0000000295400000|  0%| F|  |TAMS 0x0000000295000000, 0x0000000295000000| Untracked 
|2133|0x0000000295400000, 0x0000000295400000, 0x0000000295800000|  0%| F|  |TAMS 0x0000000295400000, 0x0000000295400000| Untracked 
|2134|0x0000000295800000, 0x0000000295800000, 0x0000000295c00000|  0%| F|  |TAMS 0x0000000295800000, 0x0000000295800000| Untracked 
|2135|0x0000000295c00000, 0x0000000295c00000, 0x0000000296000000|  0%| F|  |TAMS 0x0000000295c00000, 0x0000000295c00000| Untracked 
|2136|0x0000000296000000, 0x0000000296000000, 0x0000000296400000|  0%| F|  |TAMS 0x0000000296000000, 0x0000000296000000| Untracked 
|2137|0x0000000296400000, 0x0000000296400000, 0x0000000296800000|  0%| F|  |TAMS 0x0000000296400000, 0x0000000296400000| Untracked 
|2138|0x0000000296800000, 0x0000000296800000, 0x0000000296c00000|  0%| F|  |TAMS 0x0000000296800000, 0x0000000296800000| Untracked 
|2139|0x0000000296c00000, 0x0000000296c00000, 0x0000000297000000|  0%| F|  |TAMS 0x0000000296c00000, 0x0000000296c00000| Untracked 
|2140|0x0000000297000000, 0x0000000297000000, 0x0000000297400000|  0%| F|  |TAMS 0x0000000297000000, 0x0000000297000000| Untracked 
|2141|0x0000000297400000, 0x0000000297400000, 0x0000000297800000|  0%| F|  |TAMS 0x0000000297400000, 0x0000000297400000| Untracked 
|2142|0x0000000297800000, 0x0000000297800000, 0x0000000297c00000|  0%| F|  |TAMS 0x0000000297800000, 0x0000000297800000| Untracked 
|2143|0x0000000297c00000, 0x0000000297c00000, 0x0000000298000000|  0%| F|  |TAMS 0x0000000297c00000, 0x0000000297c00000| Untracked 
|2144|0x0000000298000000, 0x0000000298000000, 0x0000000298400000|  0%| F|  |TAMS 0x0000000298000000, 0x0000000298000000| Untracked 
|2145|0x0000000298400000, 0x0000000298400000, 0x0000000298800000|  0%| F|  |TAMS 0x0000000298400000, 0x0000000298400000| Untracked 
|2146|0x0000000298800000, 0x0000000298800000, 0x0000000298c00000|  0%| F|  |TAMS 0x0000000298800000, 0x0000000298800000| Untracked 
|2147|0x0000000298c00000, 0x0000000298c00000, 0x0000000299000000|  0%| F|  |TAMS 0x0000000298c00000, 0x0000000298c00000| Untracked 
|2148|0x0000000299000000, 0x0000000299000000, 0x0000000299400000|  0%| F|  |TAMS 0x0000000299000000, 0x0000000299000000| Untracked 
|2149|0x0000000299400000, 0x0000000299400000, 0x0000000299800000|  0%| F|  |TAMS 0x0000000299400000, 0x0000000299400000| Untracked 
|2150|0x0000000299800000, 0x0000000299800000, 0x0000000299c00000|  0%| F|  |TAMS 0x0000000299800000, 0x0000000299800000| Untracked 
|2151|0x0000000299c00000, 0x0000000299c00000, 0x000000029a000000|  0%| F|  |TAMS 0x0000000299c00000, 0x0000000299c00000| Untracked 
|2152|0x000000029a000000, 0x000000029a000000, 0x000000029a400000|  0%| F|  |TAMS 0x000000029a000000, 0x000000029a000000| Untracked 
|2153|0x000000029a400000, 0x000000029a400000, 0x000000029a800000|  0%| F|  |TAMS 0x000000029a400000, 0x000000029a400000| Untracked 
|2154|0x000000029a800000, 0x000000029a800000, 0x000000029ac00000|  0%| F|  |TAMS 0x000000029a800000, 0x000000029a800000| Untracked 
|2155|0x000000029ac00000, 0x000000029ac00000, 0x000000029b000000|  0%| F|  |TAMS 0x000000029ac00000, 0x000000029ac00000| Untracked 
|2156|0x000000029b000000, 0x000000029b000000, 0x000000029b400000|  0%| F|  |TAMS 0x000000029b000000, 0x000000029b000000| Untracked 
|2157|0x000000029b400000, 0x000000029b400000, 0x000000029b800000|  0%| F|  |TAMS 0x000000029b400000, 0x000000029b400000| Untracked 
|2158|0x000000029b800000, 0x000000029b800000, 0x000000029bc00000|  0%| F|  |TAMS 0x000000029b800000, 0x000000029b800000| Untracked 
|2159|0x000000029bc00000, 0x000000029bc00000, 0x000000029c000000|  0%| F|  |TAMS 0x000000029bc00000, 0x000000029bc00000| Untracked 
|2160|0x000000029c000000, 0x000000029c000000, 0x000000029c400000|  0%| F|  |TAMS 0x000000029c000000, 0x000000029c000000| Untracked 
|2161|0x000000029c400000, 0x000000029c400000, 0x000000029c800000|  0%| F|  |TAMS 0x000000029c400000, 0x000000029c400000| Untracked 
|2162|0x000000029c800000, 0x000000029c800000, 0x000000029cc00000|  0%| F|  |TAMS 0x000000029c800000, 0x000000029c800000| Untracked 
|2163|0x000000029cc00000, 0x000000029cc00000, 0x000000029d000000|  0%| F|  |TAMS 0x000000029cc00000, 0x000000029cc00000| Untracked 
|2164|0x000000029d000000, 0x000000029d000000, 0x000000029d400000|  0%| F|  |TAMS 0x000000029d000000, 0x000000029d000000| Untracked 
|2165|0x000000029d400000, 0x000000029d400000, 0x000000029d800000|  0%| F|  |TAMS 0x000000029d400000, 0x000000029d400000| Untracked 
|2166|0x000000029d800000, 0x000000029d800000, 0x000000029dc00000|  0%| F|  |TAMS 0x000000029d800000, 0x000000029d800000| Untracked 
|2167|0x000000029dc00000, 0x000000029dc00000, 0x000000029e000000|  0%| F|  |TAMS 0x000000029dc00000, 0x000000029dc00000| Untracked 
|2168|0x000000029e000000, 0x000000029e000000, 0x000000029e400000|  0%| F|  |TAMS 0x000000029e000000, 0x000000029e000000| Untracked 
|2169|0x000000029e400000, 0x000000029e400000, 0x000000029e800000|  0%| F|  |TAMS 0x000000029e400000, 0x000000029e400000| Untracked 
|2170|0x000000029e800000, 0x000000029e800000, 0x000000029ec00000|  0%| F|  |TAMS 0x000000029e800000, 0x000000029e800000| Untracked 
|2171|0x000000029ec00000, 0x000000029ec00000, 0x000000029f000000|  0%| F|  |TAMS 0x000000029ec00000, 0x000000029ec00000| Untracked 
|2172|0x000000029f000000, 0x000000029f000000, 0x000000029f400000|  0%| F|  |TAMS 0x000000029f000000, 0x000000029f000000| Untracked 
|2173|0x000000029f400000, 0x000000029f400000, 0x000000029f800000|  0%| F|  |TAMS 0x000000029f400000, 0x000000029f400000| Untracked 
|2174|0x000000029f800000, 0x000000029f800000, 0x000000029fc00000|  0%| F|  |TAMS 0x000000029f800000, 0x000000029f800000| Untracked 
|2175|0x000000029fc00000, 0x000000029fc00000, 0x00000002a0000000|  0%| F|  |TAMS 0x000000029fc00000, 0x000000029fc00000| Untracked 
|2176|0x00000002a0000000, 0x00000002a0000000, 0x00000002a0400000|  0%| F|  |TAMS 0x00000002a0000000, 0x00000002a0000000| Untracked 
|2177|0x00000002a0400000, 0x00000002a0400000, 0x00000002a0800000|  0%| F|  |TAMS 0x00000002a0400000, 0x00000002a0400000| Untracked 
|2178|0x00000002a0800000, 0x00000002a0800000, 0x00000002a0c00000|  0%| F|  |TAMS 0x00000002a0800000, 0x00000002a0800000| Untracked 
|2179|0x00000002a0c00000, 0x00000002a0c00000, 0x00000002a1000000|  0%| F|  |TAMS 0x00000002a0c00000, 0x00000002a0c00000| Untracked 
|2180|0x00000002a1000000, 0x00000002a1000000, 0x00000002a1400000|  0%| F|  |TAMS 0x00000002a1000000, 0x00000002a1000000| Untracked 
|2181|0x00000002a1400000, 0x00000002a1400000, 0x00000002a1800000|  0%| F|  |TAMS 0x00000002a1400000, 0x00000002a1400000| Untracked 
|2182|0x00000002a1800000, 0x00000002a1800000, 0x00000002a1c00000|  0%| F|  |TAMS 0x00000002a1800000, 0x00000002a1800000| Untracked 
|2183|0x00000002a1c00000, 0x00000002a1c00000, 0x00000002a2000000|  0%| F|  |TAMS 0x00000002a1c00000, 0x00000002a1c00000| Untracked 
|2184|0x00000002a2000000, 0x00000002a2000000, 0x00000002a2400000|  0%| F|  |TAMS 0x00000002a2000000, 0x00000002a2000000| Untracked 
|2185|0x00000002a2400000, 0x00000002a2400000, 0x00000002a2800000|  0%| F|  |TAMS 0x00000002a2400000, 0x00000002a2400000| Untracked 
|2186|0x00000002a2800000, 0x00000002a2800000, 0x00000002a2c00000|  0%| F|  |TAMS 0x00000002a2800000, 0x00000002a2800000| Untracked 
|2187|0x00000002a2c00000, 0x00000002a2c00000, 0x00000002a3000000|  0%| F|  |TAMS 0x00000002a2c00000, 0x00000002a2c00000| Untracked 
|2188|0x00000002a3000000, 0x00000002a3000000, 0x00000002a3400000|  0%| F|  |TAMS 0x00000002a3000000, 0x00000002a3000000| Untracked 
|2189|0x00000002a3400000, 0x00000002a3400000, 0x00000002a3800000|  0%| F|  |TAMS 0x00000002a3400000, 0x00000002a3400000| Untracked 
|2190|0x00000002a3800000, 0x00000002a3800000, 0x00000002a3c00000|  0%| F|  |TAMS 0x00000002a3800000, 0x00000002a3800000| Untracked 
|2191|0x00000002a3c00000, 0x00000002a3c00000, 0x00000002a4000000|  0%| F|  |TAMS 0x00000002a3c00000, 0x00000002a3c00000| Untracked 
|2192|0x00000002a4000000, 0x00000002a4000000, 0x00000002a4400000|  0%| F|  |TAMS 0x00000002a4000000, 0x00000002a4000000| Untracked 
|2193|0x00000002a4400000, 0x00000002a4400000, 0x00000002a4800000|  0%| F|  |TAMS 0x00000002a4400000, 0x00000002a4400000| Untracked 
|2194|0x00000002a4800000, 0x00000002a4800000, 0x00000002a4c00000|  0%| F|  |TAMS 0x00000002a4800000, 0x00000002a4800000| Untracked 
|2195|0x00000002a4c00000, 0x00000002a4c00000, 0x00000002a5000000|  0%| F|  |TAMS 0x00000002a4c00000, 0x00000002a4c00000| Untracked 
|2196|0x00000002a5000000, 0x00000002a5000000, 0x00000002a5400000|  0%| F|  |TAMS 0x00000002a5000000, 0x00000002a5000000| Untracked 
|2197|0x00000002a5400000, 0x00000002a5400000, 0x00000002a5800000|  0%| F|  |TAMS 0x00000002a5400000, 0x00000002a5400000| Untracked 
|2198|0x00000002a5800000, 0x00000002a5800000, 0x00000002a5c00000|  0%| F|  |TAMS 0x00000002a5800000, 0x00000002a5800000| Untracked 
|2199|0x00000002a5c00000, 0x00000002a5c00000, 0x00000002a6000000|  0%| F|  |TAMS 0x00000002a5c00000, 0x00000002a5c00000| Untracked 
|2200|0x00000002a6000000, 0x00000002a6000000, 0x00000002a6400000|  0%| F|  |TAMS 0x00000002a6000000, 0x00000002a6000000| Untracked 
|2201|0x00000002a6400000, 0x00000002a6400000, 0x00000002a6800000|  0%| F|  |TAMS 0x00000002a6400000, 0x00000002a6400000| Untracked 
|2202|0x00000002a6800000, 0x00000002a6800000, 0x00000002a6c00000|  0%| F|  |TAMS 0x00000002a6800000, 0x00000002a6800000| Untracked 
|2203|0x00000002a6c00000, 0x00000002a6c00000, 0x00000002a7000000|  0%| F|  |TAMS 0x00000002a6c00000, 0x00000002a6c00000| Untracked 
|2204|0x00000002a7000000, 0x00000002a7000000, 0x00000002a7400000|  0%| F|  |TAMS 0x00000002a7000000, 0x00000002a7000000| Untracked 
|2205|0x00000002a7400000, 0x00000002a7400000, 0x00000002a7800000|  0%| F|  |TAMS 0x00000002a7400000, 0x00000002a7400000| Untracked 
|2206|0x00000002a7800000, 0x00000002a7800000, 0x00000002a7c00000|  0%| F|  |TAMS 0x00000002a7800000, 0x00000002a7800000| Untracked 
|2207|0x00000002a7c00000, 0x00000002a7c00000, 0x00000002a8000000|  0%| F|  |TAMS 0x00000002a7c00000, 0x00000002a7c00000| Untracked 
|2208|0x00000002a8000000, 0x00000002a8000000, 0x00000002a8400000|  0%| F|  |TAMS 0x00000002a8000000, 0x00000002a8000000| Untracked 
|2209|0x00000002a8400000, 0x00000002a8400000, 0x00000002a8800000|  0%| F|  |TAMS 0x00000002a8400000, 0x00000002a8400000| Untracked 
|2210|0x00000002a8800000, 0x00000002a8800000, 0x00000002a8c00000|  0%| F|  |TAMS 0x00000002a8800000, 0x00000002a8800000| Untracked 
|2211|0x00000002a8c00000, 0x00000002a8c00000, 0x00000002a9000000|  0%| F|  |TAMS 0x00000002a8c00000, 0x00000002a8c00000| Untracked 
|2212|0x00000002a9000000, 0x00000002a9000000, 0x00000002a9400000|  0%| F|  |TAMS 0x00000002a9000000, 0x00000002a9000000| Untracked 
|2213|0x00000002a9400000, 0x00000002a9400000, 0x00000002a9800000|  0%| F|  |TAMS 0x00000002a9400000, 0x00000002a9400000| Untracked 
|2214|0x00000002a9800000, 0x00000002a9800000, 0x00000002a9c00000|  0%| F|  |TAMS 0x00000002a9800000, 0x00000002a9800000| Untracked 
|2215|0x00000002a9c00000, 0x00000002a9c00000, 0x00000002aa000000|  0%| F|  |TAMS 0x00000002a9c00000, 0x00000002a9c00000| Untracked 
|2216|0x00000002aa000000, 0x00000002aa000000, 0x00000002aa400000|  0%| F|  |TAMS 0x00000002aa000000, 0x00000002aa000000| Untracked 
|2217|0x00000002aa400000, 0x00000002aa400000, 0x00000002aa800000|  0%| F|  |TAMS 0x00000002aa400000, 0x00000002aa400000| Untracked 
|2218|0x00000002aa800000, 0x00000002aa800000, 0x00000002aac00000|  0%| F|  |TAMS 0x00000002aa800000, 0x00000002aa800000| Untracked 
|2219|0x00000002aac00000, 0x00000002aac00000, 0x00000002ab000000|  0%| F|  |TAMS 0x00000002aac00000, 0x00000002aac00000| Untracked 
|2220|0x00000002ab000000, 0x00000002ab000000, 0x00000002ab400000|  0%| F|  |TAMS 0x00000002ab000000, 0x00000002ab000000| Untracked 
|2221|0x00000002ab400000, 0x00000002ab400000, 0x00000002ab800000|  0%| F|  |TAMS 0x00000002ab400000, 0x00000002ab400000| Untracked 
|2222|0x00000002ab800000, 0x00000002ab800000, 0x00000002abc00000|  0%| F|  |TAMS 0x00000002ab800000, 0x00000002ab800000| Untracked 
|2223|0x00000002abc00000, 0x00000002abc00000, 0x00000002ac000000|  0%| F|  |TAMS 0x00000002abc00000, 0x00000002abc00000| Untracked 
|2224|0x00000002ac000000, 0x00000002ac000000, 0x00000002ac400000|  0%| F|  |TAMS 0x00000002ac000000, 0x00000002ac000000| Untracked 
|2225|0x00000002ac400000, 0x00000002ac400000, 0x00000002ac800000|  0%| F|  |TAMS 0x00000002ac400000, 0x00000002ac400000| Untracked 
|2226|0x00000002ac800000, 0x00000002ac800000, 0x00000002acc00000|  0%| F|  |TAMS 0x00000002ac800000, 0x00000002ac800000| Untracked 
|2227|0x00000002acc00000, 0x00000002acc00000, 0x00000002ad000000|  0%| F|  |TAMS 0x00000002acc00000, 0x00000002acc00000| Untracked 
|2228|0x00000002ad000000, 0x00000002ad000000, 0x00000002ad400000|  0%| F|  |TAMS 0x00000002ad000000, 0x00000002ad000000| Untracked 
|2229|0x00000002ad400000, 0x00000002ad400000, 0x00000002ad800000|  0%| F|  |TAMS 0x00000002ad400000, 0x00000002ad400000| Untracked 
|2230|0x00000002ad800000, 0x00000002ad800000, 0x00000002adc00000|  0%| F|  |TAMS 0x00000002ad800000, 0x00000002ad800000| Untracked 
|2231|0x00000002adc00000, 0x00000002adc00000, 0x00000002ae000000|  0%| F|  |TAMS 0x00000002adc00000, 0x00000002adc00000| Untracked 
|2232|0x00000002ae000000, 0x00000002ae000000, 0x00000002ae400000|  0%| F|  |TAMS 0x00000002ae000000, 0x00000002ae000000| Untracked 
|2233|0x00000002ae400000, 0x00000002ae400000, 0x00000002ae800000|  0%| F|  |TAMS 0x00000002ae400000, 0x00000002ae400000| Untracked 
|2234|0x00000002ae800000, 0x00000002ae800000, 0x00000002aec00000|  0%| F|  |TAMS 0x00000002ae800000, 0x00000002ae800000| Untracked 
|2235|0x00000002aec00000, 0x00000002aec00000, 0x00000002af000000|  0%| F|  |TAMS 0x00000002aec00000, 0x00000002aec00000| Untracked 
|2236|0x00000002af000000, 0x00000002af000000, 0x00000002af400000|  0%| F|  |TAMS 0x00000002af000000, 0x00000002af000000| Untracked 
|2237|0x00000002af400000, 0x00000002af400000, 0x00000002af800000|  0%| F|  |TAMS 0x00000002af400000, 0x00000002af400000| Untracked 
|2238|0x00000002af800000, 0x00000002af800000, 0x00000002afc00000|  0%| F|  |TAMS 0x00000002af800000, 0x00000002af800000| Untracked 
|2239|0x00000002afc00000, 0x00000002afc00000, 0x00000002b0000000|  0%| F|  |TAMS 0x00000002afc00000, 0x00000002afc00000| Untracked 
|2240|0x00000002b0000000, 0x00000002b0000000, 0x00000002b0400000|  0%| F|  |TAMS 0x00000002b0000000, 0x00000002b0000000| Untracked 
|2241|0x00000002b0400000, 0x00000002b0400000, 0x00000002b0800000|  0%| F|  |TAMS 0x00000002b0400000, 0x00000002b0400000| Untracked 
|2242|0x00000002b0800000, 0x00000002b0800000, 0x00000002b0c00000|  0%| F|  |TAMS 0x00000002b0800000, 0x00000002b0800000| Untracked 
|2243|0x00000002b0c00000, 0x00000002b0c00000, 0x00000002b1000000|  0%| F|  |TAMS 0x00000002b0c00000, 0x00000002b0c00000| Untracked 
|2244|0x00000002b1000000, 0x00000002b1000000, 0x00000002b1400000|  0%| F|  |TAMS 0x00000002b1000000, 0x00000002b1000000| Untracked 
|2245|0x00000002b1400000, 0x00000002b1400000, 0x00000002b1800000|  0%| F|  |TAMS 0x00000002b1400000, 0x00000002b1400000| Untracked 
|2246|0x00000002b1800000, 0x00000002b1800000, 0x00000002b1c00000|  0%| F|  |TAMS 0x00000002b1800000, 0x00000002b1800000| Untracked 
|2247|0x00000002b1c00000, 0x00000002b1c00000, 0x00000002b2000000|  0%| F|  |TAMS 0x00000002b1c00000, 0x00000002b1c00000| Untracked 
|2248|0x00000002b2000000, 0x00000002b2000000, 0x00000002b2400000|  0%| F|  |TAMS 0x00000002b2000000, 0x00000002b2000000| Untracked 
|2249|0x00000002b2400000, 0x00000002b2400000, 0x00000002b2800000|  0%| F|  |TAMS 0x00000002b2400000, 0x00000002b2400000| Untracked 
|2250|0x00000002b2800000, 0x00000002b2800000, 0x00000002b2c00000|  0%| F|  |TAMS 0x00000002b2800000, 0x00000002b2800000| Untracked 
|2251|0x00000002b2c00000, 0x00000002b2c00000, 0x00000002b3000000|  0%| F|  |TAMS 0x00000002b2c00000, 0x00000002b2c00000| Untracked 
|2252|0x00000002b3000000, 0x00000002b3000000, 0x00000002b3400000|  0%| F|  |TAMS 0x00000002b3000000, 0x00000002b3000000| Untracked 
|2253|0x00000002b3400000, 0x00000002b3400000, 0x00000002b3800000|  0%| F|  |TAMS 0x00000002b3400000, 0x00000002b3400000| Untracked 
|2254|0x00000002b3800000, 0x00000002b3800000, 0x00000002b3c00000|  0%| F|  |TAMS 0x00000002b3800000, 0x00000002b3800000| Untracked 
|2255|0x00000002b3c00000, 0x00000002b3c00000, 0x00000002b4000000|  0%| F|  |TAMS 0x00000002b3c00000, 0x00000002b3c00000| Untracked 
|2256|0x00000002b4000000, 0x00000002b4000000, 0x00000002b4400000|  0%| F|  |TAMS 0x00000002b4000000, 0x00000002b4000000| Untracked 
|2257|0x00000002b4400000, 0x00000002b4400000, 0x00000002b4800000|  0%| F|  |TAMS 0x00000002b4400000, 0x00000002b4400000| Untracked 
|2258|0x00000002b4800000, 0x00000002b4800000, 0x00000002b4c00000|  0%| F|  |TAMS 0x00000002b4800000, 0x00000002b4800000| Untracked 
|2259|0x00000002b4c00000, 0x00000002b4c00000, 0x00000002b5000000|  0%| F|  |TAMS 0x00000002b4c00000, 0x00000002b4c00000| Untracked 
|2260|0x00000002b5000000, 0x00000002b5000000, 0x00000002b5400000|  0%| F|  |TAMS 0x00000002b5000000, 0x00000002b5000000| Untracked 
|2261|0x00000002b5400000, 0x00000002b5400000, 0x00000002b5800000|  0%| F|  |TAMS 0x00000002b5400000, 0x00000002b5400000| Untracked 
|2262|0x00000002b5800000, 0x00000002b5800000, 0x00000002b5c00000|  0%| F|  |TAMS 0x00000002b5800000, 0x00000002b5800000| Untracked 
|2263|0x00000002b5c00000, 0x00000002b5c00000, 0x00000002b6000000|  0%| F|  |TAMS 0x00000002b5c00000, 0x00000002b5c00000| Untracked 
|2264|0x00000002b6000000, 0x00000002b6000000, 0x00000002b6400000|  0%| F|  |TAMS 0x00000002b6000000, 0x00000002b6000000| Untracked 
|2265|0x00000002b6400000, 0x00000002b6400000, 0x00000002b6800000|  0%| F|  |TAMS 0x00000002b6400000, 0x00000002b6400000| Untracked 
|2266|0x00000002b6800000, 0x00000002b6800000, 0x00000002b6c00000|  0%| F|  |TAMS 0x00000002b6800000, 0x00000002b6800000| Untracked 
|2267|0x00000002b6c00000, 0x00000002b6c00000, 0x00000002b7000000|  0%| F|  |TAMS 0x00000002b6c00000, 0x00000002b6c00000| Untracked 
|2268|0x00000002b7000000, 0x00000002b7000000, 0x00000002b7400000|  0%| F|  |TAMS 0x00000002b7000000, 0x00000002b7000000| Untracked 
|2269|0x00000002b7400000, 0x00000002b7400000, 0x00000002b7800000|  0%| F|  |TAMS 0x00000002b7400000, 0x00000002b7400000| Untracked 
|2270|0x00000002b7800000, 0x00000002b7800000, 0x00000002b7c00000|  0%| F|  |TAMS 0x00000002b7800000, 0x00000002b7800000| Untracked 
|2271|0x00000002b7c00000, 0x00000002b7c00000, 0x00000002b8000000|  0%| F|  |TAMS 0x00000002b7c00000, 0x00000002b7c00000| Untracked 
|2272|0x00000002b8000000, 0x00000002b8000000, 0x00000002b8400000|  0%| F|  |TAMS 0x00000002b8000000, 0x00000002b8000000| Untracked 
|2273|0x00000002b8400000, 0x00000002b8400000, 0x00000002b8800000|  0%| F|  |TAMS 0x00000002b8400000, 0x00000002b8400000| Untracked 
|2274|0x00000002b8800000, 0x00000002b8800000, 0x00000002b8c00000|  0%| F|  |TAMS 0x00000002b8800000, 0x00000002b8800000| Untracked 
|2275|0x00000002b8c00000, 0x00000002b8c00000, 0x00000002b9000000|  0%| F|  |TAMS 0x00000002b8c00000, 0x00000002b8c00000| Untracked 
|2276|0x00000002b9000000, 0x00000002b9000000, 0x00000002b9400000|  0%| F|  |TAMS 0x00000002b9000000, 0x00000002b9000000| Untracked 
|2277|0x00000002b9400000, 0x00000002b9400000, 0x00000002b9800000|  0%| F|  |TAMS 0x00000002b9400000, 0x00000002b9400000| Untracked 
|2278|0x00000002b9800000, 0x00000002b9800000, 0x00000002b9c00000|  0%| F|  |TAMS 0x00000002b9800000, 0x00000002b9800000| Untracked 
|2279|0x00000002b9c00000, 0x00000002b9c00000, 0x00000002ba000000|  0%| F|  |TAMS 0x00000002b9c00000, 0x00000002b9c00000| Untracked 
|2280|0x00000002ba000000, 0x00000002ba000000, 0x00000002ba400000|  0%| F|  |TAMS 0x00000002ba000000, 0x00000002ba000000| Untracked 
|2281|0x00000002ba400000, 0x00000002ba400000, 0x00000002ba800000|  0%| F|  |TAMS 0x00000002ba400000, 0x00000002ba400000| Untracked 
|2282|0x00000002ba800000, 0x00000002ba800000, 0x00000002bac00000|  0%| F|  |TAMS 0x00000002ba800000, 0x00000002ba800000| Untracked 
|2283|0x00000002bac00000, 0x00000002bac00000, 0x00000002bb000000|  0%| F|  |TAMS 0x00000002bac00000, 0x00000002bac00000| Untracked 
|2284|0x00000002bb000000, 0x00000002bb000000, 0x00000002bb400000|  0%| F|  |TAMS 0x00000002bb000000, 0x00000002bb000000| Untracked 
|2285|0x00000002bb400000, 0x00000002bb400000, 0x00000002bb800000|  0%| F|  |TAMS 0x00000002bb400000, 0x00000002bb400000| Untracked 
|2286|0x00000002bb800000, 0x00000002bb800000, 0x00000002bbc00000|  0%| F|  |TAMS 0x00000002bb800000, 0x00000002bb800000| Untracked 
|2287|0x00000002bbc00000, 0x00000002bbc00000, 0x00000002bc000000|  0%| F|  |TAMS 0x00000002bbc00000, 0x00000002bbc00000| Untracked 
|2288|0x00000002bc000000, 0x00000002bc000000, 0x00000002bc400000|  0%| F|  |TAMS 0x00000002bc000000, 0x00000002bc000000| Untracked 
|2289|0x00000002bc400000, 0x00000002bc400000, 0x00000002bc800000|  0%| F|  |TAMS 0x00000002bc400000, 0x00000002bc400000| Untracked 
|2290|0x00000002bc800000, 0x00000002bc800000, 0x00000002bcc00000|  0%| F|  |TAMS 0x00000002bc800000, 0x00000002bc800000| Untracked 
|2291|0x00000002bcc00000, 0x00000002bcc00000, 0x00000002bd000000|  0%| F|  |TAMS 0x00000002bcc00000, 0x00000002bcc00000| Untracked 
|2292|0x00000002bd000000, 0x00000002bd000000, 0x00000002bd400000|  0%| F|  |TAMS 0x00000002bd000000, 0x00000002bd000000| Untracked 
|2293|0x00000002bd400000, 0x00000002bd400000, 0x00000002bd800000|  0%| F|  |TAMS 0x00000002bd400000, 0x00000002bd400000| Untracked 
|2294|0x00000002bd800000, 0x00000002bd800000, 0x00000002bdc00000|  0%| F|  |TAMS 0x00000002bd800000, 0x00000002bd800000| Untracked 
|2295|0x00000002bdc00000, 0x00000002bdc00000, 0x00000002be000000|  0%| F|  |TAMS 0x00000002bdc00000, 0x00000002bdc00000| Untracked 
|2296|0x00000002be000000, 0x00000002be000000, 0x00000002be400000|  0%| F|  |TAMS 0x00000002be000000, 0x00000002be000000| Untracked 
|2297|0x00000002be400000, 0x00000002be400000, 0x00000002be800000|  0%| F|  |TAMS 0x00000002be400000, 0x00000002be400000| Untracked 
|2298|0x00000002be800000, 0x00000002be800000, 0x00000002bec00000|  0%| F|  |TAMS 0x00000002be800000, 0x00000002be800000| Untracked 
|2299|0x00000002bec00000, 0x00000002bec00000, 0x00000002bf000000|  0%| F|  |TAMS 0x00000002bec00000, 0x00000002bec00000| Untracked 
|2300|0x00000002bf000000, 0x00000002bf000000, 0x00000002bf400000|  0%| F|  |TAMS 0x00000002bf000000, 0x00000002bf000000| Untracked 
|2301|0x00000002bf400000, 0x00000002bf400000, 0x00000002bf800000|  0%| F|  |TAMS 0x00000002bf400000, 0x00000002bf400000| Untracked 
|2302|0x00000002bf800000, 0x00000002bf800000, 0x00000002bfc00000|  0%| F|  |TAMS 0x00000002bf800000, 0x00000002bf800000| Untracked 
|2303|0x00000002bfc00000, 0x00000002bfc00000, 0x00000002c0000000|  0%| F|  |TAMS 0x00000002bfc00000, 0x00000002bfc00000| Untracked 
|2304|0x00000002c0000000, 0x00000002c0000000, 0x00000002c0400000|  0%| F|  |TAMS 0x00000002c0000000, 0x00000002c0000000| Untracked 
|2305|0x00000002c0400000, 0x00000002c0400000, 0x00000002c0800000|  0%| F|  |TAMS 0x00000002c0400000, 0x00000002c0400000| Untracked 
|2306|0x00000002c0800000, 0x00000002c0800000, 0x00000002c0c00000|  0%| F|  |TAMS 0x00000002c0800000, 0x00000002c0800000| Untracked 
|2307|0x00000002c0c00000, 0x00000002c0c00000, 0x00000002c1000000|  0%| F|  |TAMS 0x00000002c0c00000, 0x00000002c0c00000| Untracked 
|2308|0x00000002c1000000, 0x00000002c1000000, 0x00000002c1400000|  0%| F|  |TAMS 0x00000002c1000000, 0x00000002c1000000| Untracked 
|2309|0x00000002c1400000, 0x00000002c1400000, 0x00000002c1800000|  0%| F|  |TAMS 0x00000002c1400000, 0x00000002c1400000| Untracked 
|2310|0x00000002c1800000, 0x00000002c1800000, 0x00000002c1c00000|  0%| F|  |TAMS 0x00000002c1800000, 0x00000002c1800000| Untracked 
|2311|0x00000002c1c00000, 0x00000002c1c00000, 0x00000002c2000000|  0%| F|  |TAMS 0x00000002c1c00000, 0x00000002c1c00000| Untracked 
|2312|0x00000002c2000000, 0x00000002c2000000, 0x00000002c2400000|  0%| F|  |TAMS 0x00000002c2000000, 0x00000002c2000000| Untracked 
|2313|0x00000002c2400000, 0x00000002c2400000, 0x00000002c2800000|  0%| F|  |TAMS 0x00000002c2400000, 0x00000002c2400000| Untracked 
|2314|0x00000002c2800000, 0x00000002c2800000, 0x00000002c2c00000|  0%| F|  |TAMS 0x00000002c2800000, 0x00000002c2800000| Untracked 
|2315|0x00000002c2c00000, 0x00000002c2c00000, 0x00000002c3000000|  0%| F|  |TAMS 0x00000002c2c00000, 0x00000002c2c00000| Untracked 
|2316|0x00000002c3000000, 0x00000002c3000000, 0x00000002c3400000|  0%| F|  |TAMS 0x00000002c3000000, 0x00000002c3000000| Untracked 
|2317|0x00000002c3400000, 0x00000002c3400000, 0x00000002c3800000|  0%| F|  |TAMS 0x00000002c3400000, 0x00000002c3400000| Untracked 
|2318|0x00000002c3800000, 0x00000002c3800000, 0x00000002c3c00000|  0%| F|  |TAMS 0x00000002c3800000, 0x00000002c3800000| Untracked 
|2319|0x00000002c3c00000, 0x00000002c3c00000, 0x00000002c4000000|  0%| F|  |TAMS 0x00000002c3c00000, 0x00000002c3c00000| Untracked 
|2320|0x00000002c4000000, 0x00000002c4000000, 0x00000002c4400000|  0%| F|  |TAMS 0x00000002c4000000, 0x00000002c4000000| Untracked 
|2321|0x00000002c4400000, 0x00000002c4400000, 0x00000002c4800000|  0%| F|  |TAMS 0x00000002c4400000, 0x00000002c4400000| Untracked 
|2322|0x00000002c4800000, 0x00000002c4800000, 0x00000002c4c00000|  0%| F|  |TAMS 0x00000002c4800000, 0x00000002c4800000| Untracked 
|2323|0x00000002c4c00000, 0x00000002c4c00000, 0x00000002c5000000|  0%| F|  |TAMS 0x00000002c4c00000, 0x00000002c4c00000| Untracked 
|2324|0x00000002c5000000, 0x00000002c5000000, 0x00000002c5400000|  0%| F|  |TAMS 0x00000002c5000000, 0x00000002c5000000| Untracked 
|2325|0x00000002c5400000, 0x00000002c5400000, 0x00000002c5800000|  0%| F|  |TAMS 0x00000002c5400000, 0x00000002c5400000| Untracked 
|2326|0x00000002c5800000, 0x00000002c5800000, 0x00000002c5c00000|  0%| F|  |TAMS 0x00000002c5800000, 0x00000002c5800000| Untracked 
|2327|0x00000002c5c00000, 0x00000002c5c00000, 0x00000002c6000000|  0%| F|  |TAMS 0x00000002c5c00000, 0x00000002c5c00000| Untracked 
|2328|0x00000002c6000000, 0x00000002c6000000, 0x00000002c6400000|  0%| F|  |TAMS 0x00000002c6000000, 0x00000002c6000000| Untracked 
|2329|0x00000002c6400000, 0x00000002c6400000, 0x00000002c6800000|  0%| F|  |TAMS 0x00000002c6400000, 0x00000002c6400000| Untracked 
|2330|0x00000002c6800000, 0x00000002c6800000, 0x00000002c6c00000|  0%| F|  |TAMS 0x00000002c6800000, 0x00000002c6800000| Untracked 
|2331|0x00000002c6c00000, 0x00000002c6c00000, 0x00000002c7000000|  0%| F|  |TAMS 0x00000002c6c00000, 0x00000002c6c00000| Untracked 
|2332|0x00000002c7000000, 0x00000002c7000000, 0x00000002c7400000|  0%| F|  |TAMS 0x00000002c7000000, 0x00000002c7000000| Untracked 
|2333|0x00000002c7400000, 0x00000002c7400000, 0x00000002c7800000|  0%| F|  |TAMS 0x00000002c7400000, 0x00000002c7400000| Untracked 
|2334|0x00000002c7800000, 0x00000002c7800000, 0x00000002c7c00000|  0%| F|  |TAMS 0x00000002c7800000, 0x00000002c7800000| Untracked 
|2335|0x00000002c7c00000, 0x00000002c7c00000, 0x00000002c8000000|  0%| F|  |TAMS 0x00000002c7c00000, 0x00000002c7c00000| Untracked 
|2336|0x00000002c8000000, 0x00000002c8000000, 0x00000002c8400000|  0%| F|  |TAMS 0x00000002c8000000, 0x00000002c8000000| Untracked 
|2337|0x00000002c8400000, 0x00000002c8400000, 0x00000002c8800000|  0%| F|  |TAMS 0x00000002c8400000, 0x00000002c8400000| Untracked 
|2338|0x00000002c8800000, 0x00000002c8800000, 0x00000002c8c00000|  0%| F|  |TAMS 0x00000002c8800000, 0x00000002c8800000| Untracked 
|2339|0x00000002c8c00000, 0x00000002c8c00000, 0x00000002c9000000|  0%| F|  |TAMS 0x00000002c8c00000, 0x00000002c8c00000| Untracked 
|2340|0x00000002c9000000, 0x00000002c9000000, 0x00000002c9400000|  0%| F|  |TAMS 0x00000002c9000000, 0x00000002c9000000| Untracked 
|2341|0x00000002c9400000, 0x00000002c9400000, 0x00000002c9800000|  0%| F|  |TAMS 0x00000002c9400000, 0x00000002c9400000| Untracked 
|2342|0x00000002c9800000, 0x00000002c9800000, 0x00000002c9c00000|  0%| F|  |TAMS 0x00000002c9800000, 0x00000002c9800000| Untracked 
|2343|0x00000002c9c00000, 0x00000002c9c00000, 0x00000002ca000000|  0%| F|  |TAMS 0x00000002c9c00000, 0x00000002c9c00000| Untracked 
|2344|0x00000002ca000000, 0x00000002ca000000, 0x00000002ca400000|  0%| F|  |TAMS 0x00000002ca000000, 0x00000002ca000000| Untracked 
|2345|0x00000002ca400000, 0x00000002ca400000, 0x00000002ca800000|  0%| F|  |TAMS 0x00000002ca400000, 0x00000002ca400000| Untracked 
|2346|0x00000002ca800000, 0x00000002ca800000, 0x00000002cac00000|  0%| F|  |TAMS 0x00000002ca800000, 0x00000002ca800000| Untracked 
|2347|0x00000002cac00000, 0x00000002cac00000, 0x00000002cb000000|  0%| F|  |TAMS 0x00000002cac00000, 0x00000002cac00000| Untracked 
|2348|0x00000002cb000000, 0x00000002cb000000, 0x00000002cb400000|  0%| F|  |TAMS 0x00000002cb000000, 0x00000002cb000000| Untracked 
|2349|0x00000002cb400000, 0x00000002cb400000, 0x00000002cb800000|  0%| F|  |TAMS 0x00000002cb400000, 0x00000002cb400000| Untracked 
|2350|0x00000002cb800000, 0x00000002cb800000, 0x00000002cbc00000|  0%| F|  |TAMS 0x00000002cb800000, 0x00000002cb800000| Untracked 
|2351|0x00000002cbc00000, 0x00000002cbc00000, 0x00000002cc000000|  0%| F|  |TAMS 0x00000002cbc00000, 0x00000002cbc00000| Untracked 
|2352|0x00000002cc000000, 0x00000002cc000000, 0x00000002cc400000|  0%| F|  |TAMS 0x00000002cc000000, 0x00000002cc000000| Untracked 
|2353|0x00000002cc400000, 0x00000002cc400000, 0x00000002cc800000|  0%| F|  |TAMS 0x00000002cc400000, 0x00000002cc400000| Untracked 
|2354|0x00000002cc800000, 0x00000002cc800000, 0x00000002ccc00000|  0%| F|  |TAMS 0x00000002cc800000, 0x00000002cc800000| Untracked 
|2355|0x00000002ccc00000, 0x00000002ccc00000, 0x00000002cd000000|  0%| F|  |TAMS 0x00000002ccc00000, 0x00000002ccc00000| Untracked 
|2356|0x00000002cd000000, 0x00000002cd000000, 0x00000002cd400000|  0%| F|  |TAMS 0x00000002cd000000, 0x00000002cd000000| Untracked 
|2357|0x00000002cd400000, 0x00000002cd400000, 0x00000002cd800000|  0%| F|  |TAMS 0x00000002cd400000, 0x00000002cd400000| Untracked 
|2358|0x00000002cd800000, 0x00000002cd800000, 0x00000002cdc00000|  0%| F|  |TAMS 0x00000002cd800000, 0x00000002cd800000| Untracked 
|2359|0x00000002cdc00000, 0x00000002cdc00000, 0x00000002ce000000|  0%| F|  |TAMS 0x00000002cdc00000, 0x00000002cdc00000| Untracked 
|2360|0x00000002ce000000, 0x00000002ce000000, 0x00000002ce400000|  0%| F|  |TAMS 0x00000002ce000000, 0x00000002ce000000| Untracked 
|2361|0x00000002ce400000, 0x00000002ce400000, 0x00000002ce800000|  0%| F|  |TAMS 0x00000002ce400000, 0x00000002ce400000| Untracked 
|2362|0x00000002ce800000, 0x00000002ce800000, 0x00000002cec00000|  0%| F|  |TAMS 0x00000002ce800000, 0x00000002ce800000| Untracked 
|2363|0x00000002cec00000, 0x00000002cec00000, 0x00000002cf000000|  0%| F|  |TAMS 0x00000002cec00000, 0x00000002cec00000| Untracked 
|2364|0x00000002cf000000, 0x00000002cf000000, 0x00000002cf400000|  0%| F|  |TAMS 0x00000002cf000000, 0x00000002cf000000| Untracked 
|2365|0x00000002cf400000, 0x00000002cf400000, 0x00000002cf800000|  0%| F|  |TAMS 0x00000002cf400000, 0x00000002cf400000| Untracked 
|2366|0x00000002cf800000, 0x00000002cf800000, 0x00000002cfc00000|  0%| F|  |TAMS 0x00000002cf800000, 0x00000002cf800000| Untracked 
|2367|0x00000002cfc00000, 0x00000002cfc00000, 0x00000002d0000000|  0%| F|  |TAMS 0x00000002cfc00000, 0x00000002cfc00000| Untracked 
|2368|0x00000002d0000000, 0x00000002d0000000, 0x00000002d0400000|  0%| F|  |TAMS 0x00000002d0000000, 0x00000002d0000000| Untracked 
|2369|0x00000002d0400000, 0x00000002d0400000, 0x00000002d0800000|  0%| F|  |TAMS 0x00000002d0400000, 0x00000002d0400000| Untracked 
|2370|0x00000002d0800000, 0x00000002d0800000, 0x00000002d0c00000|  0%| F|  |TAMS 0x00000002d0800000, 0x00000002d0800000| Untracked 
|2371|0x00000002d0c00000, 0x00000002d0c00000, 0x00000002d1000000|  0%| F|  |TAMS 0x00000002d0c00000, 0x00000002d0c00000| Untracked 
|2372|0x00000002d1000000, 0x00000002d1000000, 0x00000002d1400000|  0%| F|  |TAMS 0x00000002d1000000, 0x00000002d1000000| Untracked 
|2373|0x00000002d1400000, 0x00000002d1400000, 0x00000002d1800000|  0%| F|  |TAMS 0x00000002d1400000, 0x00000002d1400000| Untracked 
|2374|0x00000002d1800000, 0x00000002d1800000, 0x00000002d1c00000|  0%| F|  |TAMS 0x00000002d1800000, 0x00000002d1800000| Untracked 
|2375|0x00000002d1c00000, 0x00000002d1c00000, 0x00000002d2000000|  0%| F|  |TAMS 0x00000002d1c00000, 0x00000002d1c00000| Untracked 
|2376|0x00000002d2000000, 0x00000002d2000000, 0x00000002d2400000|  0%| F|  |TAMS 0x00000002d2000000, 0x00000002d2000000| Untracked 
|2377|0x00000002d2400000, 0x00000002d2400000, 0x00000002d2800000|  0%| F|  |TAMS 0x00000002d2400000, 0x00000002d2400000| Untracked 
|2378|0x00000002d2800000, 0x00000002d2800000, 0x00000002d2c00000|  0%| F|  |TAMS 0x00000002d2800000, 0x00000002d2800000| Untracked 
|2379|0x00000002d2c00000, 0x00000002d2c00000, 0x00000002d3000000|  0%| F|  |TAMS 0x00000002d2c00000, 0x00000002d2c00000| Untracked 
|2380|0x00000002d3000000, 0x00000002d3000000, 0x00000002d3400000|  0%| F|  |TAMS 0x00000002d3000000, 0x00000002d3000000| Untracked 
|2381|0x00000002d3400000, 0x00000002d3400000, 0x00000002d3800000|  0%| F|  |TAMS 0x00000002d3400000, 0x00000002d3400000| Untracked 
|2382|0x00000002d3800000, 0x00000002d3800000, 0x00000002d3c00000|  0%| F|  |TAMS 0x00000002d3800000, 0x00000002d3800000| Untracked 
|2383|0x00000002d3c00000, 0x00000002d3c00000, 0x00000002d4000000|  0%| F|  |TAMS 0x00000002d3c00000, 0x00000002d3c00000| Untracked 
|2384|0x00000002d4000000, 0x00000002d4000000, 0x00000002d4400000|  0%| F|  |TAMS 0x00000002d4000000, 0x00000002d4000000| Untracked 
|2385|0x00000002d4400000, 0x00000002d4400000, 0x00000002d4800000|  0%| F|  |TAMS 0x00000002d4400000, 0x00000002d4400000| Untracked 
|2386|0x00000002d4800000, 0x00000002d4800000, 0x00000002d4c00000|  0%| F|  |TAMS 0x00000002d4800000, 0x00000002d4800000| Untracked 
|2387|0x00000002d4c00000, 0x00000002d4c00000, 0x00000002d5000000|  0%| F|  |TAMS 0x00000002d4c00000, 0x00000002d4c00000| Untracked 
|2388|0x00000002d5000000, 0x00000002d5000000, 0x00000002d5400000|  0%| F|  |TAMS 0x00000002d5000000, 0x00000002d5000000| Untracked 
|2389|0x00000002d5400000, 0x00000002d5400000, 0x00000002d5800000|  0%| F|  |TAMS 0x00000002d5400000, 0x00000002d5400000| Untracked 
|2390|0x00000002d5800000, 0x00000002d5800000, 0x00000002d5c00000|  0%| F|  |TAMS 0x00000002d5800000, 0x00000002d5800000| Untracked 
|2391|0x00000002d5c00000, 0x00000002d5c00000, 0x00000002d6000000|  0%| F|  |TAMS 0x00000002d5c00000, 0x00000002d5c00000| Untracked 
|2392|0x00000002d6000000, 0x00000002d6000000, 0x00000002d6400000|  0%| F|  |TAMS 0x00000002d6000000, 0x00000002d6000000| Untracked 
|2393|0x00000002d6400000, 0x00000002d6400000, 0x00000002d6800000|  0%| F|  |TAMS 0x00000002d6400000, 0x00000002d6400000| Untracked 
|2394|0x00000002d6800000, 0x00000002d6800000, 0x00000002d6c00000|  0%| F|  |TAMS 0x00000002d6800000, 0x00000002d6800000| Untracked 
|2395|0x00000002d6c00000, 0x00000002d6c00000, 0x00000002d7000000|  0%| F|  |TAMS 0x00000002d6c00000, 0x00000002d6c00000| Untracked 
|2396|0x00000002d7000000, 0x00000002d7000000, 0x00000002d7400000|  0%| F|  |TAMS 0x00000002d7000000, 0x00000002d7000000| Untracked 
|2397|0x00000002d7400000, 0x00000002d7400000, 0x00000002d7800000|  0%| F|  |TAMS 0x00000002d7400000, 0x00000002d7400000| Untracked 
|2398|0x00000002d7800000, 0x00000002d7800000, 0x00000002d7c00000|  0%| F|  |TAMS 0x00000002d7800000, 0x00000002d7800000| Untracked 
|2399|0x00000002d7c00000, 0x00000002d7c00000, 0x00000002d8000000|  0%| F|  |TAMS 0x00000002d7c00000, 0x00000002d7c00000| Untracked 
|2400|0x00000002d8000000, 0x00000002d8000000, 0x00000002d8400000|  0%| F|  |TAMS 0x00000002d8000000, 0x00000002d8000000| Untracked 
|2401|0x00000002d8400000, 0x00000002d8400000, 0x00000002d8800000|  0%| F|  |TAMS 0x00000002d8400000, 0x00000002d8400000| Untracked 
|2402|0x00000002d8800000, 0x00000002d8800000, 0x00000002d8c00000|  0%| F|  |TAMS 0x00000002d8800000, 0x00000002d8800000| Untracked 
|2403|0x00000002d8c00000, 0x00000002d8c00000, 0x00000002d9000000|  0%| F|  |TAMS 0x00000002d8c00000, 0x00000002d8c00000| Untracked 
|2404|0x00000002d9000000, 0x00000002d9000000, 0x00000002d9400000|  0%| F|  |TAMS 0x00000002d9000000, 0x00000002d9000000| Untracked 
|2405|0x00000002d9400000, 0x00000002d9400000, 0x00000002d9800000|  0%| F|  |TAMS 0x00000002d9400000, 0x00000002d9400000| Untracked 
|2406|0x00000002d9800000, 0x00000002d9800000, 0x00000002d9c00000|  0%| F|  |TAMS 0x00000002d9800000, 0x00000002d9800000| Untracked 
|2407|0x00000002d9c00000, 0x00000002d9c00000, 0x00000002da000000|  0%| F|  |TAMS 0x00000002d9c00000, 0x00000002d9c00000| Untracked 
|2408|0x00000002da000000, 0x00000002da000000, 0x00000002da400000|  0%| F|  |TAMS 0x00000002da000000, 0x00000002da000000| Untracked 
|2409|0x00000002da400000, 0x00000002da400000, 0x00000002da800000|  0%| F|  |TAMS 0x00000002da400000, 0x00000002da400000| Untracked 
|2410|0x00000002da800000, 0x00000002da800000, 0x00000002dac00000|  0%| F|  |TAMS 0x00000002da800000, 0x00000002da800000| Untracked 
|2411|0x00000002dac00000, 0x00000002dac00000, 0x00000002db000000|  0%| F|  |TAMS 0x00000002dac00000, 0x00000002dac00000| Untracked 
|2412|0x00000002db000000, 0x00000002db000000, 0x00000002db400000|  0%| F|  |TAMS 0x00000002db000000, 0x00000002db000000| Untracked 
|2413|0x00000002db400000, 0x00000002db400000, 0x00000002db800000|  0%| F|  |TAMS 0x00000002db400000, 0x00000002db400000| Untracked 
|2414|0x00000002db800000, 0x00000002db800000, 0x00000002dbc00000|  0%| F|  |TAMS 0x00000002db800000, 0x00000002db800000| Untracked 
|2415|0x00000002dbc00000, 0x00000002dbc00000, 0x00000002dc000000|  0%| F|  |TAMS 0x00000002dbc00000, 0x00000002dbc00000| Untracked 
|2416|0x00000002dc000000, 0x00000002dc000000, 0x00000002dc400000|  0%| F|  |TAMS 0x00000002dc000000, 0x00000002dc000000| Untracked 
|2417|0x00000002dc400000, 0x00000002dc400000, 0x00000002dc800000|  0%| F|  |TAMS 0x00000002dc400000, 0x00000002dc400000| Untracked 
|2418|0x00000002dc800000, 0x00000002dc800000, 0x00000002dcc00000|  0%| F|  |TAMS 0x00000002dc800000, 0x00000002dc800000| Untracked 
|2419|0x00000002dcc00000, 0x00000002dcc00000, 0x00000002dd000000|  0%| F|  |TAMS 0x00000002dcc00000, 0x00000002dcc00000| Untracked 
|2420|0x00000002dd000000, 0x00000002dd000000, 0x00000002dd400000|  0%| F|  |TAMS 0x00000002dd000000, 0x00000002dd000000| Untracked 
|2421|0x00000002dd400000, 0x00000002dd400000, 0x00000002dd800000|  0%| F|  |TAMS 0x00000002dd400000, 0x00000002dd400000| Untracked 
|2422|0x00000002dd800000, 0x00000002dd800000, 0x00000002ddc00000|  0%| F|  |TAMS 0x00000002dd800000, 0x00000002dd800000| Untracked 
|2423|0x00000002ddc00000, 0x00000002ddc00000, 0x00000002de000000|  0%| F|  |TAMS 0x00000002ddc00000, 0x00000002ddc00000| Untracked 
|2424|0x00000002de000000, 0x00000002de000000, 0x00000002de400000|  0%| F|  |TAMS 0x00000002de000000, 0x00000002de000000| Untracked 
|2425|0x00000002de400000, 0x00000002de400000, 0x00000002de800000|  0%| F|  |TAMS 0x00000002de400000, 0x00000002de400000| Untracked 
|2426|0x00000002de800000, 0x00000002de800000, 0x00000002dec00000|  0%| F|  |TAMS 0x00000002de800000, 0x00000002de800000| Untracked 
|2427|0x00000002dec00000, 0x00000002dec00000, 0x00000002df000000|  0%| F|  |TAMS 0x00000002dec00000, 0x00000002dec00000| Untracked 
|2428|0x00000002df000000, 0x00000002df000000, 0x00000002df400000|  0%| F|  |TAMS 0x00000002df000000, 0x00000002df000000| Untracked 
|2429|0x00000002df400000, 0x00000002df400000, 0x00000002df800000|  0%| F|  |TAMS 0x00000002df400000, 0x00000002df400000| Untracked 
|2430|0x00000002df800000, 0x00000002df800000, 0x00000002dfc00000|  0%| F|  |TAMS 0x00000002df800000, 0x00000002df800000| Untracked 
|2431|0x00000002dfc00000, 0x00000002dfc00000, 0x00000002e0000000|  0%| F|  |TAMS 0x00000002dfc00000, 0x00000002dfc00000| Untracked 
|2432|0x00000002e0000000, 0x00000002e0000000, 0x00000002e0400000|  0%| F|  |TAMS 0x00000002e0000000, 0x00000002e0000000| Untracked 
|2433|0x00000002e0400000, 0x00000002e0400000, 0x00000002e0800000|  0%| F|  |TAMS 0x00000002e0400000, 0x00000002e0400000| Untracked 
|2434|0x00000002e0800000, 0x00000002e0800000, 0x00000002e0c00000|  0%| F|  |TAMS 0x00000002e0800000, 0x00000002e0800000| Untracked 
|2435|0x00000002e0c00000, 0x00000002e0c00000, 0x00000002e1000000|  0%| F|  |TAMS 0x00000002e0c00000, 0x00000002e0c00000| Untracked 
|2436|0x00000002e1000000, 0x00000002e1000000, 0x00000002e1400000|  0%| F|  |TAMS 0x00000002e1000000, 0x00000002e1000000| Untracked 
|2437|0x00000002e1400000, 0x00000002e1400000, 0x00000002e1800000|  0%| F|  |TAMS 0x00000002e1400000, 0x00000002e1400000| Untracked 
|2438|0x00000002e1800000, 0x00000002e1800000, 0x00000002e1c00000|  0%| F|  |TAMS 0x00000002e1800000, 0x00000002e1800000| Untracked 
|2439|0x00000002e1c00000, 0x00000002e1c00000, 0x00000002e2000000|  0%| F|  |TAMS 0x00000002e1c00000, 0x00000002e1c00000| Untracked 
|2440|0x00000002e2000000, 0x00000002e2000000, 0x00000002e2400000|  0%| F|  |TAMS 0x00000002e2000000, 0x00000002e2000000| Untracked 
|2441|0x00000002e2400000, 0x00000002e2400000, 0x00000002e2800000|  0%| F|  |TAMS 0x00000002e2400000, 0x00000002e2400000| Untracked 
|2442|0x00000002e2800000, 0x00000002e2800000, 0x00000002e2c00000|  0%| F|  |TAMS 0x00000002e2800000, 0x00000002e2800000| Untracked 
|2443|0x00000002e2c00000, 0x00000002e2c00000, 0x00000002e3000000|  0%| F|  |TAMS 0x00000002e2c00000, 0x00000002e2c00000| Untracked 
|2444|0x00000002e3000000, 0x00000002e3000000, 0x00000002e3400000|  0%| F|  |TAMS 0x00000002e3000000, 0x00000002e3000000| Untracked 
|2445|0x00000002e3400000, 0x00000002e3400000, 0x00000002e3800000|  0%| F|  |TAMS 0x00000002e3400000, 0x00000002e3400000| Untracked 
|2446|0x00000002e3800000, 0x00000002e3800000, 0x00000002e3c00000|  0%| F|  |TAMS 0x00000002e3800000, 0x00000002e3800000| Untracked 
|2447|0x00000002e3c00000, 0x00000002e3c00000, 0x00000002e4000000|  0%| F|  |TAMS 0x00000002e3c00000, 0x00000002e3c00000| Untracked 
|2448|0x00000002e4000000, 0x00000002e4000000, 0x00000002e4400000|  0%| F|  |TAMS 0x00000002e4000000, 0x00000002e4000000| Untracked 
|2449|0x00000002e4400000, 0x00000002e4400000, 0x00000002e4800000|  0%| F|  |TAMS 0x00000002e4400000, 0x00000002e4400000| Untracked 
|2450|0x00000002e4800000, 0x00000002e4800000, 0x00000002e4c00000|  0%| F|  |TAMS 0x00000002e4800000, 0x00000002e4800000| Untracked 
|2451|0x00000002e4c00000, 0x00000002e4c00000, 0x00000002e5000000|  0%| F|  |TAMS 0x00000002e4c00000, 0x00000002e4c00000| Untracked 
|2452|0x00000002e5000000, 0x00000002e5000000, 0x00000002e5400000|  0%| F|  |TAMS 0x00000002e5000000, 0x00000002e5000000| Untracked 
|2453|0x00000002e5400000, 0x00000002e5400000, 0x00000002e5800000|  0%| F|  |TAMS 0x00000002e5400000, 0x00000002e5400000| Untracked 
|2454|0x00000002e5800000, 0x00000002e5800000, 0x00000002e5c00000|  0%| F|  |TAMS 0x00000002e5800000, 0x00000002e5800000| Untracked 
|2455|0x00000002e5c00000, 0x00000002e5c00000, 0x00000002e6000000|  0%| F|  |TAMS 0x00000002e5c00000, 0x00000002e5c00000| Untracked 
|2456|0x00000002e6000000, 0x00000002e6000000, 0x00000002e6400000|  0%| F|  |TAMS 0x00000002e6000000, 0x00000002e6000000| Untracked 
|2457|0x00000002e6400000, 0x00000002e6400000, 0x00000002e6800000|  0%| F|  |TAMS 0x00000002e6400000, 0x00000002e6400000| Untracked 
|2458|0x00000002e6800000, 0x00000002e6800000, 0x00000002e6c00000|  0%| F|  |TAMS 0x00000002e6800000, 0x00000002e6800000| Untracked 
|2459|0x00000002e6c00000, 0x00000002e6c00000, 0x00000002e7000000|  0%| F|  |TAMS 0x00000002e6c00000, 0x00000002e6c00000| Untracked 
|2460|0x00000002e7000000, 0x00000002e7000000, 0x00000002e7400000|  0%| F|  |TAMS 0x00000002e7000000, 0x00000002e7000000| Untracked 
|2461|0x00000002e7400000, 0x00000002e7400000, 0x00000002e7800000|  0%| F|  |TAMS 0x00000002e7400000, 0x00000002e7400000| Untracked 
|2462|0x00000002e7800000, 0x00000002e7800000, 0x00000002e7c00000|  0%| F|  |TAMS 0x00000002e7800000, 0x00000002e7800000| Untracked 
|2463|0x00000002e7c00000, 0x00000002e7c00000, 0x00000002e8000000|  0%| F|  |TAMS 0x00000002e7c00000, 0x00000002e7c00000| Untracked 
|2464|0x00000002e8000000, 0x00000002e8000000, 0x00000002e8400000|  0%| F|  |TAMS 0x00000002e8000000, 0x00000002e8000000| Untracked 
|2465|0x00000002e8400000, 0x00000002e8400000, 0x00000002e8800000|  0%| F|  |TAMS 0x00000002e8400000, 0x00000002e8400000| Untracked 
|2466|0x00000002e8800000, 0x00000002e8800000, 0x00000002e8c00000|  0%| F|  |TAMS 0x00000002e8800000, 0x00000002e8800000| Untracked 
|2467|0x00000002e8c00000, 0x00000002e8c00000, 0x00000002e9000000|  0%| F|  |TAMS 0x00000002e8c00000, 0x00000002e8c00000| Untracked 
|2468|0x00000002e9000000, 0x00000002e9000000, 0x00000002e9400000|  0%| F|  |TAMS 0x00000002e9000000, 0x00000002e9000000| Untracked 
|2469|0x00000002e9400000, 0x00000002e9400000, 0x00000002e9800000|  0%| F|  |TAMS 0x00000002e9400000, 0x00000002e9400000| Untracked 
|2470|0x00000002e9800000, 0x00000002e9800000, 0x00000002e9c00000|  0%| F|  |TAMS 0x00000002e9800000, 0x00000002e9800000| Untracked 
|2471|0x00000002e9c00000, 0x00000002e9c00000, 0x00000002ea000000|  0%| F|  |TAMS 0x00000002e9c00000, 0x00000002e9c00000| Untracked 
|2472|0x00000002ea000000, 0x00000002ea000000, 0x00000002ea400000|  0%| F|  |TAMS 0x00000002ea000000, 0x00000002ea000000| Untracked 
|2473|0x00000002ea400000, 0x00000002ea400000, 0x00000002ea800000|  0%| F|  |TAMS 0x00000002ea400000, 0x00000002ea400000| Untracked 
|2474|0x00000002ea800000, 0x00000002ea800000, 0x00000002eac00000|  0%| F|  |TAMS 0x00000002ea800000, 0x00000002ea800000| Untracked 
|2475|0x00000002eac00000, 0x00000002eac00000, 0x00000002eb000000|  0%| F|  |TAMS 0x00000002eac00000, 0x00000002eac00000| Untracked 
|2476|0x00000002eb000000, 0x00000002eb000000, 0x00000002eb400000|  0%| F|  |TAMS 0x00000002eb000000, 0x00000002eb000000| Untracked 
|2477|0x00000002eb400000, 0x00000002eb400000, 0x00000002eb800000|  0%| F|  |TAMS 0x00000002eb400000, 0x00000002eb400000| Untracked 
|2478|0x00000002eb800000, 0x00000002eb800000, 0x00000002ebc00000|  0%| F|  |TAMS 0x00000002eb800000, 0x00000002eb800000| Untracked 
|2479|0x00000002ebc00000, 0x00000002ebc00000, 0x00000002ec000000|  0%| F|  |TAMS 0x00000002ebc00000, 0x00000002ebc00000| Untracked 
|2480|0x00000002ec000000, 0x00000002ec000000, 0x00000002ec400000|  0%| F|  |TAMS 0x00000002ec000000, 0x00000002ec000000| Untracked 
|2481|0x00000002ec400000, 0x00000002ec400000, 0x00000002ec800000|  0%| F|  |TAMS 0x00000002ec400000, 0x00000002ec400000| Untracked 
|2482|0x00000002ec800000, 0x00000002ec800000, 0x00000002ecc00000|  0%| F|  |TAMS 0x00000002ec800000, 0x00000002ec800000| Untracked 
|2483|0x00000002ecc00000, 0x00000002ecc00000, 0x00000002ed000000|  0%| F|  |TAMS 0x00000002ecc00000, 0x00000002ecc00000| Untracked 
|2484|0x00000002ed000000, 0x00000002ed000000, 0x00000002ed400000|  0%| F|  |TAMS 0x00000002ed000000, 0x00000002ed000000| Untracked 
|2485|0x00000002ed400000, 0x00000002ed400000, 0x00000002ed800000|  0%| F|  |TAMS 0x00000002ed400000, 0x00000002ed400000| Untracked 
|2486|0x00000002ed800000, 0x00000002ed800000, 0x00000002edc00000|  0%| F|  |TAMS 0x00000002ed800000, 0x00000002ed800000| Untracked 
|2487|0x00000002edc00000, 0x00000002edc00000, 0x00000002ee000000|  0%| F|  |TAMS 0x00000002edc00000, 0x00000002edc00000| Untracked 
|2488|0x00000002ee000000, 0x00000002ee000000, 0x00000002ee400000|  0%| F|  |TAMS 0x00000002ee000000, 0x00000002ee000000| Untracked 
|2489|0x00000002ee400000, 0x00000002ee400000, 0x00000002ee800000|  0%| F|  |TAMS 0x00000002ee400000, 0x00000002ee400000| Untracked 
|2490|0x00000002ee800000, 0x00000002ee800000, 0x00000002eec00000|  0%| F|  |TAMS 0x00000002ee800000, 0x00000002ee800000| Untracked 
|2491|0x00000002eec00000, 0x00000002eec00000, 0x00000002ef000000|  0%| F|  |TAMS 0x00000002eec00000, 0x00000002eec00000| Untracked 
|2492|0x00000002ef000000, 0x00000002ef000000, 0x00000002ef400000|  0%| F|  |TAMS 0x00000002ef000000, 0x00000002ef000000| Untracked 
|2493|0x00000002ef400000, 0x00000002ef400000, 0x00000002ef800000|  0%| F|  |TAMS 0x00000002ef400000, 0x00000002ef400000| Untracked 
|2494|0x00000002ef800000, 0x00000002ef800000, 0x00000002efc00000|  0%| F|  |TAMS 0x00000002ef800000, 0x00000002ef800000| Untracked 
|2495|0x00000002efc00000, 0x00000002efc00000, 0x00000002f0000000|  0%| F|  |TAMS 0x00000002efc00000, 0x00000002efc00000| Untracked 
|2496|0x00000002f0000000, 0x00000002f0000000, 0x00000002f0400000|  0%| F|  |TAMS 0x00000002f0000000, 0x00000002f0000000| Untracked 
|2497|0x00000002f0400000, 0x00000002f0400000, 0x00000002f0800000|  0%| F|  |TAMS 0x00000002f0400000, 0x00000002f0400000| Untracked 
|2498|0x00000002f0800000, 0x00000002f0800000, 0x00000002f0c00000|  0%| F|  |TAMS 0x00000002f0800000, 0x00000002f0800000| Untracked 
|2499|0x00000002f0c00000, 0x00000002f0c00000, 0x00000002f1000000|  0%| F|  |TAMS 0x00000002f0c00000, 0x00000002f0c00000| Untracked 
|2500|0x00000002f1000000, 0x00000002f1000000, 0x00000002f1400000|  0%| F|  |TAMS 0x00000002f1000000, 0x00000002f1000000| Untracked 
|2501|0x00000002f1400000, 0x00000002f1400000, 0x00000002f1800000|  0%| F|  |TAMS 0x00000002f1400000, 0x00000002f1400000| Untracked 
|2502|0x00000002f1800000, 0x00000002f1800000, 0x00000002f1c00000|  0%| F|  |TAMS 0x00000002f1800000, 0x00000002f1800000| Untracked 
|2503|0x00000002f1c00000, 0x00000002f1c00000, 0x00000002f2000000|  0%| F|  |TAMS 0x00000002f1c00000, 0x00000002f1c00000| Untracked 
|2504|0x00000002f2000000, 0x00000002f2000000, 0x00000002f2400000|  0%| F|  |TAMS 0x00000002f2000000, 0x00000002f2000000| Untracked 
|2505|0x00000002f2400000, 0x00000002f2400000, 0x00000002f2800000|  0%| F|  |TAMS 0x00000002f2400000, 0x00000002f2400000| Untracked 
|2506|0x00000002f2800000, 0x00000002f2800000, 0x00000002f2c00000|  0%| F|  |TAMS 0x00000002f2800000, 0x00000002f2800000| Untracked 
|2507|0x00000002f2c00000, 0x00000002f2c00000, 0x00000002f3000000|  0%| F|  |TAMS 0x00000002f2c00000, 0x00000002f2c00000| Untracked 
|2508|0x00000002f3000000, 0x00000002f3000000, 0x00000002f3400000|  0%| F|  |TAMS 0x00000002f3000000, 0x00000002f3000000| Untracked 
|2509|0x00000002f3400000, 0x00000002f3400000, 0x00000002f3800000|  0%| F|  |TAMS 0x00000002f3400000, 0x00000002f3400000| Untracked 
|2510|0x00000002f3800000, 0x00000002f3800000, 0x00000002f3c00000|  0%| F|  |TAMS 0x00000002f3800000, 0x00000002f3800000| Untracked 
|2511|0x00000002f3c00000, 0x00000002f3c00000, 0x00000002f4000000|  0%| F|  |TAMS 0x00000002f3c00000, 0x00000002f3c00000| Untracked 
|2512|0x00000002f4000000, 0x00000002f4000000, 0x00000002f4400000|  0%| F|  |TAMS 0x00000002f4000000, 0x00000002f4000000| Untracked 
|2513|0x00000002f4400000, 0x00000002f4400000, 0x00000002f4800000|  0%| F|  |TAMS 0x00000002f4400000, 0x00000002f4400000| Untracked 
|2514|0x00000002f4800000, 0x00000002f4800000, 0x00000002f4c00000|  0%| F|  |TAMS 0x00000002f4800000, 0x00000002f4800000| Untracked 
|2515|0x00000002f4c00000, 0x00000002f4c00000, 0x00000002f5000000|  0%| F|  |TAMS 0x00000002f4c00000, 0x00000002f4c00000| Untracked 
|2516|0x00000002f5000000, 0x00000002f5000000, 0x00000002f5400000|  0%| F|  |TAMS 0x00000002f5000000, 0x00000002f5000000| Untracked 
|2517|0x00000002f5400000, 0x00000002f5400000, 0x00000002f5800000|  0%| F|  |TAMS 0x00000002f5400000, 0x00000002f5400000| Untracked 
|2518|0x00000002f5800000, 0x00000002f5800000, 0x00000002f5c00000|  0%| F|  |TAMS 0x00000002f5800000, 0x00000002f5800000| Untracked 
|2519|0x00000002f5c00000, 0x00000002f5c00000, 0x00000002f6000000|  0%| F|  |TAMS 0x00000002f5c00000, 0x00000002f5c00000| Untracked 
|2520|0x00000002f6000000, 0x00000002f6000000, 0x00000002f6400000|  0%| F|  |TAMS 0x00000002f6000000, 0x00000002f6000000| Untracked 
|2521|0x00000002f6400000, 0x00000002f6400000, 0x00000002f6800000|  0%| F|  |TAMS 0x00000002f6400000, 0x00000002f6400000| Untracked 
|2522|0x00000002f6800000, 0x00000002f6800000, 0x00000002f6c00000|  0%| F|  |TAMS 0x00000002f6800000, 0x00000002f6800000| Untracked 
|2523|0x00000002f6c00000, 0x00000002f6c00000, 0x00000002f7000000|  0%| F|  |TAMS 0x00000002f6c00000, 0x00000002f6c00000| Untracked 
|2524|0x00000002f7000000, 0x00000002f7000000, 0x00000002f7400000|  0%| F|  |TAMS 0x00000002f7000000, 0x00000002f7000000| Untracked 
|2525|0x00000002f7400000, 0x00000002f7400000, 0x00000002f7800000|  0%| F|  |TAMS 0x00000002f7400000, 0x00000002f7400000| Untracked 
|2526|0x00000002f7800000, 0x00000002f7800000, 0x00000002f7c00000|  0%| F|  |TAMS 0x00000002f7800000, 0x00000002f7800000| Untracked 
|2527|0x00000002f7c00000, 0x00000002f7c00000, 0x00000002f8000000|  0%| F|  |TAMS 0x00000002f7c00000, 0x00000002f7c00000| Untracked 
|2528|0x00000002f8000000, 0x00000002f8000000, 0x00000002f8400000|  0%| F|  |TAMS 0x00000002f8000000, 0x00000002f8000000| Untracked 
|2529|0x00000002f8400000, 0x00000002f8400000, 0x00000002f8800000|  0%| F|  |TAMS 0x00000002f8400000, 0x00000002f8400000| Untracked 
|2530|0x00000002f8800000, 0x00000002f8800000, 0x00000002f8c00000|  0%| F|  |TAMS 0x00000002f8800000, 0x00000002f8800000| Untracked 
|2531|0x00000002f8c00000, 0x00000002f8c00000, 0x00000002f9000000|  0%| F|  |TAMS 0x00000002f8c00000, 0x00000002f8c00000| Untracked 
|2532|0x00000002f9000000, 0x00000002f9000000, 0x00000002f9400000|  0%| F|  |TAMS 0x00000002f9000000, 0x00000002f9000000| Untracked 
|2533|0x00000002f9400000, 0x00000002f9400000, 0x00000002f9800000|  0%| F|  |TAMS 0x00000002f9400000, 0x00000002f9400000| Untracked 
|2534|0x00000002f9800000, 0x00000002f9800000, 0x00000002f9c00000|  0%| F|  |TAMS 0x00000002f9800000, 0x00000002f9800000| Untracked 
|2535|0x00000002f9c00000, 0x00000002f9c00000, 0x00000002fa000000|  0%| F|  |TAMS 0x00000002f9c00000, 0x00000002f9c00000| Untracked 
|2536|0x00000002fa000000, 0x00000002fa000000, 0x00000002fa400000|  0%| F|  |TAMS 0x00000002fa000000, 0x00000002fa000000| Untracked 
|2537|0x00000002fa400000, 0x00000002fa400000, 0x00000002fa800000|  0%| F|  |TAMS 0x00000002fa400000, 0x00000002fa400000| Untracked 
|2538|0x00000002fa800000, 0x00000002fa800000, 0x00000002fac00000|  0%| F|  |TAMS 0x00000002fa800000, 0x00000002fa800000| Untracked 
|2539|0x00000002fac00000, 0x00000002fac00000, 0x00000002fb000000|  0%| F|  |TAMS 0x00000002fac00000, 0x00000002fac00000| Untracked 
|2540|0x00000002fb000000, 0x00000002fb000000, 0x00000002fb400000|  0%| F|  |TAMS 0x00000002fb000000, 0x00000002fb000000| Untracked 
|2541|0x00000002fb400000, 0x00000002fb400000, 0x00000002fb800000|  0%| F|  |TAMS 0x00000002fb400000, 0x00000002fb400000| Untracked 
|2542|0x00000002fb800000, 0x00000002fb800000, 0x00000002fbc00000|  0%| F|  |TAMS 0x00000002fb800000, 0x00000002fb800000| Untracked 
|2543|0x00000002fbc00000, 0x00000002fbc00000, 0x00000002fc000000|  0%| F|  |TAMS 0x00000002fbc00000, 0x00000002fbc00000| Untracked 
|2544|0x00000002fc000000, 0x00000002fc000000, 0x00000002fc400000|  0%| F|  |TAMS 0x00000002fc000000, 0x00000002fc000000| Untracked 
|2545|0x00000002fc400000, 0x00000002fc400000, 0x00000002fc800000|  0%| F|  |TAMS 0x00000002fc400000, 0x00000002fc400000| Untracked 
|2546|0x00000002fc800000, 0x00000002fc800000, 0x00000002fcc00000|  0%| F|  |TAMS 0x00000002fc800000, 0x00000002fc800000| Untracked 
|2547|0x00000002fcc00000, 0x00000002fcc00000, 0x00000002fd000000|  0%| F|  |TAMS 0x00000002fcc00000, 0x00000002fcc00000| Untracked 
|2548|0x00000002fd000000, 0x00000002fd000000, 0x00000002fd400000|  0%| F|  |TAMS 0x00000002fd000000, 0x00000002fd000000| Untracked 
|2549|0x00000002fd400000, 0x00000002fd400000, 0x00000002fd800000|  0%| F|  |TAMS 0x00000002fd400000, 0x00000002fd400000| Untracked 
|2550|0x00000002fd800000, 0x00000002fd800000, 0x00000002fdc00000|  0%| F|  |TAMS 0x00000002fd800000, 0x00000002fd800000| Untracked 
|2551|0x00000002fdc00000, 0x00000002fdc00000, 0x00000002fe000000|  0%| F|  |TAMS 0x00000002fdc00000, 0x00000002fdc00000| Untracked 
|2552|0x00000002fe000000, 0x00000002fe000000, 0x00000002fe400000|  0%| F|  |TAMS 0x00000002fe000000, 0x00000002fe000000| Untracked 
|2553|0x00000002fe400000, 0x00000002fe400000, 0x00000002fe800000|  0%| F|  |TAMS 0x00000002fe400000, 0x00000002fe400000| Untracked 
|2554|0x00000002fe800000, 0x00000002fe800000, 0x00000002fec00000|  0%| F|  |TAMS 0x00000002fe800000, 0x00000002fe800000| Untracked 
|2555|0x00000002fec00000, 0x00000002fec00000, 0x00000002ff000000|  0%| F|  |TAMS 0x00000002fec00000, 0x00000002fec00000| Untracked 
|2556|0x00000002ff000000, 0x00000002ff000000, 0x00000002ff400000|  0%| F|  |TAMS 0x00000002ff000000, 0x00000002ff000000| Untracked 
|2557|0x00000002ff400000, 0x00000002ff400000, 0x00000002ff800000|  0%| F|  |TAMS 0x00000002ff400000, 0x00000002ff400000| Untracked 
|2558|0x00000002ff800000, 0x00000002ff800000, 0x00000002ffc00000|  0%| F|  |TAMS 0x00000002ff800000, 0x00000002ff800000| Untracked 
|2559|0x00000002ffc00000, 0x00000002ffc00000, 0x0000000300000000|  0%| F|  |TAMS 0x00000002ffc00000, 0x00000002ffc00000| Untracked 
|2560|0x0000000300000000, 0x0000000300000000, 0x0000000300400000|  0%| F|  |TAMS 0x0000000300000000, 0x0000000300000000| Untracked 
|2561|0x0000000300400000, 0x0000000300400000, 0x0000000300800000|  0%| F|  |TAMS 0x0000000300400000, 0x0000000300400000| Untracked 
|2562|0x0000000300800000, 0x0000000300800000, 0x0000000300c00000|  0%| F|  |TAMS 0x0000000300800000, 0x0000000300800000| Untracked 
|2563|0x0000000300c00000, 0x0000000300c00000, 0x0000000301000000|  0%| F|  |TAMS 0x0000000300c00000, 0x0000000300c00000| Untracked 
|2564|0x0000000301000000, 0x0000000301000000, 0x0000000301400000|  0%| F|  |TAMS 0x0000000301000000, 0x0000000301000000| Untracked 
|2565|0x0000000301400000, 0x0000000301400000, 0x0000000301800000|  0%| F|  |TAMS 0x0000000301400000, 0x0000000301400000| Untracked 
|2566|0x0000000301800000, 0x0000000301800000, 0x0000000301c00000|  0%| F|  |TAMS 0x0000000301800000, 0x0000000301800000| Untracked 
|2567|0x0000000301c00000, 0x0000000301c00000, 0x0000000302000000|  0%| F|  |TAMS 0x0000000301c00000, 0x0000000301c00000| Untracked 
|2568|0x0000000302000000, 0x0000000302000000, 0x0000000302400000|  0%| F|  |TAMS 0x0000000302000000, 0x0000000302000000| Untracked 
|2569|0x0000000302400000, 0x0000000302400000, 0x0000000302800000|  0%| F|  |TAMS 0x0000000302400000, 0x0000000302400000| Untracked 
|2570|0x0000000302800000, 0x0000000302800000, 0x0000000302c00000|  0%| F|  |TAMS 0x0000000302800000, 0x0000000302800000| Untracked 
|2571|0x0000000302c00000, 0x0000000302c00000, 0x0000000303000000|  0%| F|  |TAMS 0x0000000302c00000, 0x0000000302c00000| Untracked 
|2572|0x0000000303000000, 0x0000000303000000, 0x0000000303400000|  0%| F|  |TAMS 0x0000000303000000, 0x0000000303000000| Untracked 
|2573|0x0000000303400000, 0x0000000303400000, 0x0000000303800000|  0%| F|  |TAMS 0x0000000303400000, 0x0000000303400000| Untracked 
|2574|0x0000000303800000, 0x0000000303800000, 0x0000000303c00000|  0%| F|  |TAMS 0x0000000303800000, 0x0000000303800000| Untracked 
|2575|0x0000000303c00000, 0x0000000303c00000, 0x0000000304000000|  0%| F|  |TAMS 0x0000000303c00000, 0x0000000303c00000| Untracked 
|2576|0x0000000304000000, 0x0000000304000000, 0x0000000304400000|  0%| F|  |TAMS 0x0000000304000000, 0x0000000304000000| Untracked 
|2577|0x0000000304400000, 0x0000000304400000, 0x0000000304800000|  0%| F|  |TAMS 0x0000000304400000, 0x0000000304400000| Untracked 
|2578|0x0000000304800000, 0x0000000304800000, 0x0000000304c00000|  0%| F|  |TAMS 0x0000000304800000, 0x0000000304800000| Untracked 
|2579|0x0000000304c00000, 0x0000000304c00000, 0x0000000305000000|  0%| F|  |TAMS 0x0000000304c00000, 0x0000000304c00000| Untracked 
|2580|0x0000000305000000, 0x0000000305000000, 0x0000000305400000|  0%| F|  |TAMS 0x0000000305000000, 0x0000000305000000| Untracked 
|2581|0x0000000305400000, 0x0000000305400000, 0x0000000305800000|  0%| F|  |TAMS 0x0000000305400000, 0x0000000305400000| Untracked 
|2582|0x0000000305800000, 0x0000000305800000, 0x0000000305c00000|  0%| F|  |TAMS 0x0000000305800000, 0x0000000305800000| Untracked 
|2583|0x0000000305c00000, 0x0000000305c00000, 0x0000000306000000|  0%| F|  |TAMS 0x0000000305c00000, 0x0000000305c00000| Untracked 
|2584|0x0000000306000000, 0x0000000306000000, 0x0000000306400000|  0%| F|  |TAMS 0x0000000306000000, 0x0000000306000000| Untracked 
|2585|0x0000000306400000, 0x0000000306400000, 0x0000000306800000|  0%| F|  |TAMS 0x0000000306400000, 0x0000000306400000| Untracked 
|2586|0x0000000306800000, 0x0000000306800000, 0x0000000306c00000|  0%| F|  |TAMS 0x0000000306800000, 0x0000000306800000| Untracked 
|2587|0x0000000306c00000, 0x0000000306c00000, 0x0000000307000000|  0%| F|  |TAMS 0x0000000306c00000, 0x0000000306c00000| Untracked 
|2588|0x0000000307000000, 0x0000000307000000, 0x0000000307400000|  0%| F|  |TAMS 0x0000000307000000, 0x0000000307000000| Untracked 
|2589|0x0000000307400000, 0x0000000307400000, 0x0000000307800000|  0%| F|  |TAMS 0x0000000307400000, 0x0000000307400000| Untracked 
|2590|0x0000000307800000, 0x0000000307800000, 0x0000000307c00000|  0%| F|  |TAMS 0x0000000307800000, 0x0000000307800000| Untracked 
|2591|0x0000000307c00000, 0x0000000307c00000, 0x0000000308000000|  0%| F|  |TAMS 0x0000000307c00000, 0x0000000307c00000| Untracked 
|2592|0x0000000308000000, 0x0000000308000000, 0x0000000308400000|  0%| F|  |TAMS 0x0000000308000000, 0x0000000308000000| Untracked 
|2593|0x0000000308400000, 0x0000000308400000, 0x0000000308800000|  0%| F|  |TAMS 0x0000000308400000, 0x0000000308400000| Untracked 
|2594|0x0000000308800000, 0x0000000308800000, 0x0000000308c00000|  0%| F|  |TAMS 0x0000000308800000, 0x0000000308800000| Untracked 
|2595|0x0000000308c00000, 0x0000000308c00000, 0x0000000309000000|  0%| F|  |TAMS 0x0000000308c00000, 0x0000000308c00000| Untracked 
|2596|0x0000000309000000, 0x0000000309000000, 0x0000000309400000|  0%| F|  |TAMS 0x0000000309000000, 0x0000000309000000| Untracked 
|2597|0x0000000309400000, 0x0000000309400000, 0x0000000309800000|  0%| F|  |TAMS 0x0000000309400000, 0x0000000309400000| Untracked 
|2598|0x0000000309800000, 0x0000000309800000, 0x0000000309c00000|  0%| F|  |TAMS 0x0000000309800000, 0x0000000309800000| Untracked 
|2599|0x0000000309c00000, 0x0000000309c00000, 0x000000030a000000|  0%| F|  |TAMS 0x0000000309c00000, 0x0000000309c00000| Untracked 
|2600|0x000000030a000000, 0x000000030a000000, 0x000000030a400000|  0%| F|  |TAMS 0x000000030a000000, 0x000000030a000000| Untracked 
|2601|0x000000030a400000, 0x000000030a400000, 0x000000030a800000|  0%| F|  |TAMS 0x000000030a400000, 0x000000030a400000| Untracked 
|2602|0x000000030a800000, 0x000000030a800000, 0x000000030ac00000|  0%| F|  |TAMS 0x000000030a800000, 0x000000030a800000| Untracked 
|2603|0x000000030ac00000, 0x000000030ac00000, 0x000000030b000000|  0%| F|  |TAMS 0x000000030ac00000, 0x000000030ac00000| Untracked 
|2604|0x000000030b000000, 0x000000030b000000, 0x000000030b400000|  0%| F|  |TAMS 0x000000030b000000, 0x000000030b000000| Untracked 
|2605|0x000000030b400000, 0x000000030b400000, 0x000000030b800000|  0%| F|  |TAMS 0x000000030b400000, 0x000000030b400000| Untracked 
|2606|0x000000030b800000, 0x000000030b800000, 0x000000030bc00000|  0%| F|  |TAMS 0x000000030b800000, 0x000000030b800000| Untracked 
|2607|0x000000030bc00000, 0x000000030bc00000, 0x000000030c000000|  0%| F|  |TAMS 0x000000030bc00000, 0x000000030bc00000| Untracked 
|2608|0x000000030c000000, 0x000000030c000000, 0x000000030c400000|  0%| F|  |TAMS 0x000000030c000000, 0x000000030c000000| Untracked 
|2609|0x000000030c400000, 0x000000030c400000, 0x000000030c800000|  0%| F|  |TAMS 0x000000030c400000, 0x000000030c400000| Untracked 
|2610|0x000000030c800000, 0x000000030c800000, 0x000000030cc00000|  0%| F|  |TAMS 0x000000030c800000, 0x000000030c800000| Untracked 
|2611|0x000000030cc00000, 0x000000030cc00000, 0x000000030d000000|  0%| F|  |TAMS 0x000000030cc00000, 0x000000030cc00000| Untracked 
|2612|0x000000030d000000, 0x000000030d000000, 0x000000030d400000|  0%| F|  |TAMS 0x000000030d000000, 0x000000030d000000| Untracked 
|2613|0x000000030d400000, 0x000000030d400000, 0x000000030d800000|  0%| F|  |TAMS 0x000000030d400000, 0x000000030d400000| Untracked 
|2614|0x000000030d800000, 0x000000030d800000, 0x000000030dc00000|  0%| F|  |TAMS 0x000000030d800000, 0x000000030d800000| Untracked 
|2615|0x000000030dc00000, 0x000000030dc00000, 0x000000030e000000|  0%| F|  |TAMS 0x000000030dc00000, 0x000000030dc00000| Untracked 
|2616|0x000000030e000000, 0x000000030e000000, 0x000000030e400000|  0%| F|  |TAMS 0x000000030e000000, 0x000000030e000000| Untracked 
|2617|0x000000030e400000, 0x000000030e400000, 0x000000030e800000|  0%| F|  |TAMS 0x000000030e400000, 0x000000030e400000| Untracked 
|2618|0x000000030e800000, 0x000000030e800000, 0x000000030ec00000|  0%| F|  |TAMS 0x000000030e800000, 0x000000030e800000| Untracked 
|2619|0x000000030ec00000, 0x000000030ec00000, 0x000000030f000000|  0%| F|  |TAMS 0x000000030ec00000, 0x000000030ec00000| Untracked 
|2620|0x000000030f000000, 0x000000030f000000, 0x000000030f400000|  0%| F|  |TAMS 0x000000030f000000, 0x000000030f000000| Untracked 
|2621|0x000000030f400000, 0x000000030f400000, 0x000000030f800000|  0%| F|  |TAMS 0x000000030f400000, 0x000000030f400000| Untracked 
|2622|0x000000030f800000, 0x000000030f800000, 0x000000030fc00000|  0%| F|  |TAMS 0x000000030f800000, 0x000000030f800000| Untracked 
|2623|0x000000030fc00000, 0x000000030fc00000, 0x0000000310000000|  0%| F|  |TAMS 0x000000030fc00000, 0x000000030fc00000| Untracked 
|2624|0x0000000310000000, 0x0000000310000000, 0x0000000310400000|  0%| F|  |TAMS 0x0000000310000000, 0x0000000310000000| Untracked 
|2625|0x0000000310400000, 0x0000000310400000, 0x0000000310800000|  0%| F|  |TAMS 0x0000000310400000, 0x0000000310400000| Untracked 
|2626|0x0000000310800000, 0x0000000310800000, 0x0000000310c00000|  0%| F|  |TAMS 0x0000000310800000, 0x0000000310800000| Untracked 
|2627|0x0000000310c00000, 0x0000000310c00000, 0x0000000311000000|  0%| F|  |TAMS 0x0000000310c00000, 0x0000000310c00000| Untracked 
|2628|0x0000000311000000, 0x0000000311000000, 0x0000000311400000|  0%| F|  |TAMS 0x0000000311000000, 0x0000000311000000| Untracked 
|2629|0x0000000311400000, 0x0000000311400000, 0x0000000311800000|  0%| F|  |TAMS 0x0000000311400000, 0x0000000311400000| Untracked 
|2630|0x0000000311800000, 0x0000000311800000, 0x0000000311c00000|  0%| F|  |TAMS 0x0000000311800000, 0x0000000311800000| Untracked 
|2631|0x0000000311c00000, 0x0000000311c00000, 0x0000000312000000|  0%| F|  |TAMS 0x0000000311c00000, 0x0000000311c00000| Untracked 
|2632|0x0000000312000000, 0x0000000312000000, 0x0000000312400000|  0%| F|  |TAMS 0x0000000312000000, 0x0000000312000000| Untracked 
|2633|0x0000000312400000, 0x0000000312400000, 0x0000000312800000|  0%| F|  |TAMS 0x0000000312400000, 0x0000000312400000| Untracked 
|2634|0x0000000312800000, 0x0000000312800000, 0x0000000312c00000|  0%| F|  |TAMS 0x0000000312800000, 0x0000000312800000| Untracked 
|2635|0x0000000312c00000, 0x0000000312c00000, 0x0000000313000000|  0%| F|  |TAMS 0x0000000312c00000, 0x0000000312c00000| Untracked 
|2636|0x0000000313000000, 0x0000000313000000, 0x0000000313400000|  0%| F|  |TAMS 0x0000000313000000, 0x0000000313000000| Untracked 
|2637|0x0000000313400000, 0x0000000313400000, 0x0000000313800000|  0%| F|  |TAMS 0x0000000313400000, 0x0000000313400000| Untracked 
|2638|0x0000000313800000, 0x0000000313800000, 0x0000000313c00000|  0%| F|  |TAMS 0x0000000313800000, 0x0000000313800000| Untracked 
|2639|0x0000000313c00000, 0x0000000313c00000, 0x0000000314000000|  0%| F|  |TAMS 0x0000000313c00000, 0x0000000313c00000| Untracked 
|2640|0x0000000314000000, 0x0000000314000000, 0x0000000314400000|  0%| F|  |TAMS 0x0000000314000000, 0x0000000314000000| Untracked 
|2641|0x0000000314400000, 0x0000000314400000, 0x0000000314800000|  0%| F|  |TAMS 0x0000000314400000, 0x0000000314400000| Untracked 
|2642|0x0000000314800000, 0x0000000314800000, 0x0000000314c00000|  0%| F|  |TAMS 0x0000000314800000, 0x0000000314800000| Untracked 
|2643|0x0000000314c00000, 0x0000000314c00000, 0x0000000315000000|  0%| F|  |TAMS 0x0000000314c00000, 0x0000000314c00000| Untracked 
|2644|0x0000000315000000, 0x0000000315000000, 0x0000000315400000|  0%| F|  |TAMS 0x0000000315000000, 0x0000000315000000| Untracked 
|2645|0x0000000315400000, 0x0000000315400000, 0x0000000315800000|  0%| F|  |TAMS 0x0000000315400000, 0x0000000315400000| Untracked 
|2646|0x0000000315800000, 0x0000000315800000, 0x0000000315c00000|  0%| F|  |TAMS 0x0000000315800000, 0x0000000315800000| Untracked 
|2647|0x0000000315c00000, 0x0000000315c00000, 0x0000000316000000|  0%| F|  |TAMS 0x0000000315c00000, 0x0000000315c00000| Untracked 
|2648|0x0000000316000000, 0x0000000316000000, 0x0000000316400000|  0%| F|  |TAMS 0x0000000316000000, 0x0000000316000000| Untracked 
|2649|0x0000000316400000, 0x0000000316400000, 0x0000000316800000|  0%| F|  |TAMS 0x0000000316400000, 0x0000000316400000| Untracked 
|2650|0x0000000316800000, 0x0000000316800000, 0x0000000316c00000|  0%| F|  |TAMS 0x0000000316800000, 0x0000000316800000| Untracked 
|2651|0x0000000316c00000, 0x0000000316c00000, 0x0000000317000000|  0%| F|  |TAMS 0x0000000316c00000, 0x0000000316c00000| Untracked 
|2652|0x0000000317000000, 0x0000000317000000, 0x0000000317400000|  0%| F|  |TAMS 0x0000000317000000, 0x0000000317000000| Untracked 
|2653|0x0000000317400000, 0x0000000317400000, 0x0000000317800000|  0%| F|  |TAMS 0x0000000317400000, 0x0000000317400000| Untracked 
|2654|0x0000000317800000, 0x0000000317800000, 0x0000000317c00000|  0%| F|  |TAMS 0x0000000317800000, 0x0000000317800000| Untracked 
|2655|0x0000000317c00000, 0x0000000317c00000, 0x0000000318000000|  0%| F|  |TAMS 0x0000000317c00000, 0x0000000317c00000| Untracked 
|2656|0x0000000318000000, 0x0000000318000000, 0x0000000318400000|  0%| F|  |TAMS 0x0000000318000000, 0x0000000318000000| Untracked 
|2657|0x0000000318400000, 0x0000000318400000, 0x0000000318800000|  0%| F|  |TAMS 0x0000000318400000, 0x0000000318400000| Untracked 
|2658|0x0000000318800000, 0x0000000318800000, 0x0000000318c00000|  0%| F|  |TAMS 0x0000000318800000, 0x0000000318800000| Untracked 
|2659|0x0000000318c00000, 0x0000000318c00000, 0x0000000319000000|  0%| F|  |TAMS 0x0000000318c00000, 0x0000000318c00000| Untracked 
|2660|0x0000000319000000, 0x0000000319000000, 0x0000000319400000|  0%| F|  |TAMS 0x0000000319000000, 0x0000000319000000| Untracked 
|2661|0x0000000319400000, 0x0000000319400000, 0x0000000319800000|  0%| F|  |TAMS 0x0000000319400000, 0x0000000319400000| Untracked 
|2662|0x0000000319800000, 0x0000000319800000, 0x0000000319c00000|  0%| F|  |TAMS 0x0000000319800000, 0x0000000319800000| Untracked 
|2663|0x0000000319c00000, 0x0000000319c00000, 0x000000031a000000|  0%| F|  |TAMS 0x0000000319c00000, 0x0000000319c00000| Untracked 
|2664|0x000000031a000000, 0x000000031a000000, 0x000000031a400000|  0%| F|  |TAMS 0x000000031a000000, 0x000000031a000000| Untracked 
|2665|0x000000031a400000, 0x000000031a400000, 0x000000031a800000|  0%| F|  |TAMS 0x000000031a400000, 0x000000031a400000| Untracked 
|2666|0x000000031a800000, 0x000000031a800000, 0x000000031ac00000|  0%| F|  |TAMS 0x000000031a800000, 0x000000031a800000| Untracked 
|2667|0x000000031ac00000, 0x000000031ac00000, 0x000000031b000000|  0%| F|  |TAMS 0x000000031ac00000, 0x000000031ac00000| Untracked 
|2668|0x000000031b000000, 0x000000031b000000, 0x000000031b400000|  0%| F|  |TAMS 0x000000031b000000, 0x000000031b000000| Untracked 
|2669|0x000000031b400000, 0x000000031b400000, 0x000000031b800000|  0%| F|  |TAMS 0x000000031b400000, 0x000000031b400000| Untracked 
|2670|0x000000031b800000, 0x000000031b800000, 0x000000031bc00000|  0%| F|  |TAMS 0x000000031b800000, 0x000000031b800000| Untracked 
|2671|0x000000031bc00000, 0x000000031bc00000, 0x000000031c000000|  0%| F|  |TAMS 0x000000031bc00000, 0x000000031bc00000| Untracked 
|2672|0x000000031c000000, 0x000000031c000000, 0x000000031c400000|  0%| F|  |TAMS 0x000000031c000000, 0x000000031c000000| Untracked 
|2673|0x000000031c400000, 0x000000031c400000, 0x000000031c800000|  0%| F|  |TAMS 0x000000031c400000, 0x000000031c400000| Untracked 
|2674|0x000000031c800000, 0x000000031c800000, 0x000000031cc00000|  0%| F|  |TAMS 0x000000031c800000, 0x000000031c800000| Untracked 
|2675|0x000000031cc00000, 0x000000031cc00000, 0x000000031d000000|  0%| F|  |TAMS 0x000000031cc00000, 0x000000031cc00000| Untracked 
|2676|0x000000031d000000, 0x000000031d000000, 0x000000031d400000|  0%| F|  |TAMS 0x000000031d000000, 0x000000031d000000| Untracked 
|2677|0x000000031d400000, 0x000000031d400000, 0x000000031d800000|  0%| F|  |TAMS 0x000000031d400000, 0x000000031d400000| Untracked 
|2678|0x000000031d800000, 0x000000031d800000, 0x000000031dc00000|  0%| F|  |TAMS 0x000000031d800000, 0x000000031d800000| Untracked 
|2679|0x000000031dc00000, 0x000000031dc00000, 0x000000031e000000|  0%| F|  |TAMS 0x000000031dc00000, 0x000000031dc00000| Untracked 
|2680|0x000000031e000000, 0x000000031e000000, 0x000000031e400000|  0%| F|  |TAMS 0x000000031e000000, 0x000000031e000000| Untracked 
|2681|0x000000031e400000, 0x000000031e400000, 0x000000031e800000|  0%| F|  |TAMS 0x000000031e400000, 0x000000031e400000| Untracked 
|2682|0x000000031e800000, 0x000000031e800000, 0x000000031ec00000|  0%| F|  |TAMS 0x000000031e800000, 0x000000031e800000| Untracked 
|2683|0x000000031ec00000, 0x000000031ec00000, 0x000000031f000000|  0%| F|  |TAMS 0x000000031ec00000, 0x000000031ec00000| Untracked 
|2684|0x000000031f000000, 0x000000031f000000, 0x000000031f400000|  0%| F|  |TAMS 0x000000031f000000, 0x000000031f000000| Untracked 
|2685|0x000000031f400000, 0x000000031f400000, 0x000000031f800000|  0%| F|  |TAMS 0x000000031f400000, 0x000000031f400000| Untracked 
|2686|0x000000031f800000, 0x000000031f800000, 0x000000031fc00000|  0%| F|  |TAMS 0x000000031f800000, 0x000000031f800000| Untracked 
|2687|0x000000031fc00000, 0x000000031fc00000, 0x0000000320000000|  0%| F|  |TAMS 0x000000031fc00000, 0x000000031fc00000| Untracked 
|2688|0x0000000320000000, 0x0000000320000000, 0x0000000320400000|  0%| F|  |TAMS 0x0000000320000000, 0x0000000320000000| Untracked 
|2689|0x0000000320400000, 0x0000000320400000, 0x0000000320800000|  0%| F|  |TAMS 0x0000000320400000, 0x0000000320400000| Untracked 
|2690|0x0000000320800000, 0x0000000320800000, 0x0000000320c00000|  0%| F|  |TAMS 0x0000000320800000, 0x0000000320800000| Untracked 
|2691|0x0000000320c00000, 0x0000000320c00000, 0x0000000321000000|  0%| F|  |TAMS 0x0000000320c00000, 0x0000000320c00000| Untracked 
|2692|0x0000000321000000, 0x0000000321000000, 0x0000000321400000|  0%| F|  |TAMS 0x0000000321000000, 0x0000000321000000| Untracked 
|2693|0x0000000321400000, 0x0000000321400000, 0x0000000321800000|  0%| F|  |TAMS 0x0000000321400000, 0x0000000321400000| Untracked 
|2694|0x0000000321800000, 0x0000000321800000, 0x0000000321c00000|  0%| F|  |TAMS 0x0000000321800000, 0x0000000321800000| Untracked 
|2695|0x0000000321c00000, 0x0000000321c00000, 0x0000000322000000|  0%| F|  |TAMS 0x0000000321c00000, 0x0000000321c00000| Untracked 
|2696|0x0000000322000000, 0x0000000322000000, 0x0000000322400000|  0%| F|  |TAMS 0x0000000322000000, 0x0000000322000000| Untracked 
|2697|0x0000000322400000, 0x0000000322400000, 0x0000000322800000|  0%| F|  |TAMS 0x0000000322400000, 0x0000000322400000| Untracked 
|2698|0x0000000322800000, 0x0000000322800000, 0x0000000322c00000|  0%| F|  |TAMS 0x0000000322800000, 0x0000000322800000| Untracked 
|2699|0x0000000322c00000, 0x0000000322c00000, 0x0000000323000000|  0%| F|  |TAMS 0x0000000322c00000, 0x0000000322c00000| Untracked 
|2700|0x0000000323000000, 0x0000000323000000, 0x0000000323400000|  0%| F|  |TAMS 0x0000000323000000, 0x0000000323000000| Untracked 
|2701|0x0000000323400000, 0x0000000323400000, 0x0000000323800000|  0%| F|  |TAMS 0x0000000323400000, 0x0000000323400000| Untracked 
|2702|0x0000000323800000, 0x0000000323800000, 0x0000000323c00000|  0%| F|  |TAMS 0x0000000323800000, 0x0000000323800000| Untracked 
|2703|0x0000000323c00000, 0x0000000323c00000, 0x0000000324000000|  0%| F|  |TAMS 0x0000000323c00000, 0x0000000323c00000| Untracked 
|2704|0x0000000324000000, 0x0000000324000000, 0x0000000324400000|  0%| F|  |TAMS 0x0000000324000000, 0x0000000324000000| Untracked 
|2705|0x0000000324400000, 0x0000000324400000, 0x0000000324800000|  0%| F|  |TAMS 0x0000000324400000, 0x0000000324400000| Untracked 
|2706|0x0000000324800000, 0x0000000324800000, 0x0000000324c00000|  0%| F|  |TAMS 0x0000000324800000, 0x0000000324800000| Untracked 
|2707|0x0000000324c00000, 0x0000000324c00000, 0x0000000325000000|  0%| F|  |TAMS 0x0000000324c00000, 0x0000000324c00000| Untracked 
|2708|0x0000000325000000, 0x0000000325000000, 0x0000000325400000|  0%| F|  |TAMS 0x0000000325000000, 0x0000000325000000| Untracked 
|2709|0x0000000325400000, 0x0000000325400000, 0x0000000325800000|  0%| F|  |TAMS 0x0000000325400000, 0x0000000325400000| Untracked 
|2710|0x0000000325800000, 0x0000000325800000, 0x0000000325c00000|  0%| F|  |TAMS 0x0000000325800000, 0x0000000325800000| Untracked 
|2711|0x0000000325c00000, 0x0000000325c00000, 0x0000000326000000|  0%| F|  |TAMS 0x0000000325c00000, 0x0000000325c00000| Untracked 
|2712|0x0000000326000000, 0x0000000326000000, 0x0000000326400000|  0%| F|  |TAMS 0x0000000326000000, 0x0000000326000000| Untracked 
|2713|0x0000000326400000, 0x0000000326400000, 0x0000000326800000|  0%| F|  |TAMS 0x0000000326400000, 0x0000000326400000| Untracked 
|2714|0x0000000326800000, 0x0000000326800000, 0x0000000326c00000|  0%| F|  |TAMS 0x0000000326800000, 0x0000000326800000| Untracked 
|2715|0x0000000326c00000, 0x0000000326c00000, 0x0000000327000000|  0%| F|  |TAMS 0x0000000326c00000, 0x0000000326c00000| Untracked 
|2716|0x0000000327000000, 0x0000000327000000, 0x0000000327400000|  0%| F|  |TAMS 0x0000000327000000, 0x0000000327000000| Untracked 
|2717|0x0000000327400000, 0x0000000327400000, 0x0000000327800000|  0%| F|  |TAMS 0x0000000327400000, 0x0000000327400000| Untracked 
|2718|0x0000000327800000, 0x0000000327800000, 0x0000000327c00000|  0%| F|  |TAMS 0x0000000327800000, 0x0000000327800000| Untracked 
|2719|0x0000000327c00000, 0x0000000327c00000, 0x0000000328000000|  0%| F|  |TAMS 0x0000000327c00000, 0x0000000327c00000| Untracked 
|2720|0x0000000328000000, 0x0000000328000000, 0x0000000328400000|  0%| F|  |TAMS 0x0000000328000000, 0x0000000328000000| Untracked 
|2721|0x0000000328400000, 0x0000000328400000, 0x0000000328800000|  0%| F|  |TAMS 0x0000000328400000, 0x0000000328400000| Untracked 
|2722|0x0000000328800000, 0x0000000328800000, 0x0000000328c00000|  0%| F|  |TAMS 0x0000000328800000, 0x0000000328800000| Untracked 
|2723|0x0000000328c00000, 0x0000000328c00000, 0x0000000329000000|  0%| F|  |TAMS 0x0000000328c00000, 0x0000000328c00000| Untracked 
|2724|0x0000000329000000, 0x0000000329000000, 0x0000000329400000|  0%| F|  |TAMS 0x0000000329000000, 0x0000000329000000| Untracked 
|2725|0x0000000329400000, 0x0000000329400000, 0x0000000329800000|  0%| F|  |TAMS 0x0000000329400000, 0x0000000329400000| Untracked 
|2726|0x0000000329800000, 0x0000000329800000, 0x0000000329c00000|  0%| F|  |TAMS 0x0000000329800000, 0x0000000329800000| Untracked 
|2727|0x0000000329c00000, 0x0000000329c00000, 0x000000032a000000|  0%| F|  |TAMS 0x0000000329c00000, 0x0000000329c00000| Untracked 
|2728|0x000000032a000000, 0x000000032a000000, 0x000000032a400000|  0%| F|  |TAMS 0x000000032a000000, 0x000000032a000000| Untracked 
|2729|0x000000032a400000, 0x000000032a400000, 0x000000032a800000|  0%| F|  |TAMS 0x000000032a400000, 0x000000032a400000| Untracked 
|2730|0x000000032a800000, 0x000000032a800000, 0x000000032ac00000|  0%| F|  |TAMS 0x000000032a800000, 0x000000032a800000| Untracked 
|2731|0x000000032ac00000, 0x000000032ac00000, 0x000000032b000000|  0%| F|  |TAMS 0x000000032ac00000, 0x000000032ac00000| Untracked 
|2732|0x000000032b000000, 0x000000032b000000, 0x000000032b400000|  0%| F|  |TAMS 0x000000032b000000, 0x000000032b000000| Untracked 
|2733|0x000000032b400000, 0x000000032b400000, 0x000000032b800000|  0%| F|  |TAMS 0x000000032b400000, 0x000000032b400000| Untracked 
|2734|0x000000032b800000, 0x000000032b800000, 0x000000032bc00000|  0%| F|  |TAMS 0x000000032b800000, 0x000000032b800000| Untracked 
|2735|0x000000032bc00000, 0x000000032bc00000, 0x000000032c000000|  0%| F|  |TAMS 0x000000032bc00000, 0x000000032bc00000| Untracked 
|2736|0x000000032c000000, 0x000000032c000000, 0x000000032c400000|  0%| F|  |TAMS 0x000000032c000000, 0x000000032c000000| Untracked 
|2737|0x000000032c400000, 0x000000032c400000, 0x000000032c800000|  0%| F|  |TAMS 0x000000032c400000, 0x000000032c400000| Untracked 
|2738|0x000000032c800000, 0x000000032c800000, 0x000000032cc00000|  0%| F|  |TAMS 0x000000032c800000, 0x000000032c800000| Untracked 
|2739|0x000000032cc00000, 0x000000032cc00000, 0x000000032d000000|  0%| F|  |TAMS 0x000000032cc00000, 0x000000032cc00000| Untracked 
|2740|0x000000032d000000, 0x000000032d000000, 0x000000032d400000|  0%| F|  |TAMS 0x000000032d000000, 0x000000032d000000| Untracked 
|2741|0x000000032d400000, 0x000000032d400000, 0x000000032d800000|  0%| F|  |TAMS 0x000000032d400000, 0x000000032d400000| Untracked 
|2742|0x000000032d800000, 0x000000032d800000, 0x000000032dc00000|  0%| F|  |TAMS 0x000000032d800000, 0x000000032d800000| Untracked 
|2743|0x000000032dc00000, 0x000000032dc00000, 0x000000032e000000|  0%| F|  |TAMS 0x000000032dc00000, 0x000000032dc00000| Untracked 
|2744|0x000000032e000000, 0x000000032e000000, 0x000000032e400000|  0%| F|  |TAMS 0x000000032e000000, 0x000000032e000000| Untracked 
|2745|0x000000032e400000, 0x000000032e400000, 0x000000032e800000|  0%| F|  |TAMS 0x000000032e400000, 0x000000032e400000| Untracked 
|2746|0x000000032e800000, 0x000000032e800000, 0x000000032ec00000|  0%| F|  |TAMS 0x000000032e800000, 0x000000032e800000| Untracked 
|2747|0x000000032ec00000, 0x000000032ec00000, 0x000000032f000000|  0%| F|  |TAMS 0x000000032ec00000, 0x000000032ec00000| Untracked 
|2748|0x000000032f000000, 0x000000032f000000, 0x000000032f400000|  0%| F|  |TAMS 0x000000032f000000, 0x000000032f000000| Untracked 
|2749|0x000000032f400000, 0x000000032f400000, 0x000000032f800000|  0%| F|  |TAMS 0x000000032f400000, 0x000000032f400000| Untracked 
|2750|0x000000032f800000, 0x000000032f800000, 0x000000032fc00000|  0%| F|  |TAMS 0x000000032f800000, 0x000000032f800000| Untracked 
|2751|0x000000032fc00000, 0x000000032fc00000, 0x0000000330000000|  0%| F|  |TAMS 0x000000032fc00000, 0x000000032fc00000| Untracked 
|2752|0x0000000330000000, 0x0000000330000000, 0x0000000330400000|  0%| F|  |TAMS 0x0000000330000000, 0x0000000330000000| Untracked 
|2753|0x0000000330400000, 0x0000000330400000, 0x0000000330800000|  0%| F|  |TAMS 0x0000000330400000, 0x0000000330400000| Untracked 
|2754|0x0000000330800000, 0x0000000330800000, 0x0000000330c00000|  0%| F|  |TAMS 0x0000000330800000, 0x0000000330800000| Untracked 
|2755|0x0000000330c00000, 0x0000000330c00000, 0x0000000331000000|  0%| F|  |TAMS 0x0000000330c00000, 0x0000000330c00000| Untracked 
|2756|0x0000000331000000, 0x0000000331000000, 0x0000000331400000|  0%| F|  |TAMS 0x0000000331000000, 0x0000000331000000| Untracked 
|2757|0x0000000331400000, 0x0000000331400000, 0x0000000331800000|  0%| F|  |TAMS 0x0000000331400000, 0x0000000331400000| Untracked 
|2758|0x0000000331800000, 0x0000000331800000, 0x0000000331c00000|  0%| F|  |TAMS 0x0000000331800000, 0x0000000331800000| Untracked 
|2759|0x0000000331c00000, 0x0000000331c00000, 0x0000000332000000|  0%| F|  |TAMS 0x0000000331c00000, 0x0000000331c00000| Untracked 
|2760|0x0000000332000000, 0x0000000332000000, 0x0000000332400000|  0%| F|  |TAMS 0x0000000332000000, 0x0000000332000000| Untracked 
|2761|0x0000000332400000, 0x0000000332400000, 0x0000000332800000|  0%| F|  |TAMS 0x0000000332400000, 0x0000000332400000| Untracked 
|2762|0x0000000332800000, 0x0000000332800000, 0x0000000332c00000|  0%| F|  |TAMS 0x0000000332800000, 0x0000000332800000| Untracked 
|2763|0x0000000332c00000, 0x0000000332c00000, 0x0000000333000000|  0%| F|  |TAMS 0x0000000332c00000, 0x0000000332c00000| Untracked 
|2764|0x0000000333000000, 0x0000000333000000, 0x0000000333400000|  0%| F|  |TAMS 0x0000000333000000, 0x0000000333000000| Untracked 
|2765|0x0000000333400000, 0x0000000333400000, 0x0000000333800000|  0%| F|  |TAMS 0x0000000333400000, 0x0000000333400000| Untracked 
|2766|0x0000000333800000, 0x0000000333800000, 0x0000000333c00000|  0%| F|  |TAMS 0x0000000333800000, 0x0000000333800000| Untracked 
|2767|0x0000000333c00000, 0x0000000333c00000, 0x0000000334000000|  0%| F|  |TAMS 0x0000000333c00000, 0x0000000333c00000| Untracked 
|2768|0x0000000334000000, 0x0000000334000000, 0x0000000334400000|  0%| F|  |TAMS 0x0000000334000000, 0x0000000334000000| Untracked 
|2769|0x0000000334400000, 0x0000000334400000, 0x0000000334800000|  0%| F|  |TAMS 0x0000000334400000, 0x0000000334400000| Untracked 
|2770|0x0000000334800000, 0x0000000334800000, 0x0000000334c00000|  0%| F|  |TAMS 0x0000000334800000, 0x0000000334800000| Untracked 
|2771|0x0000000334c00000, 0x0000000334c00000, 0x0000000335000000|  0%| F|  |TAMS 0x0000000334c00000, 0x0000000334c00000| Untracked 
|2772|0x0000000335000000, 0x0000000335000000, 0x0000000335400000|  0%| F|  |TAMS 0x0000000335000000, 0x0000000335000000| Untracked 
|2773|0x0000000335400000, 0x0000000335400000, 0x0000000335800000|  0%| F|  |TAMS 0x0000000335400000, 0x0000000335400000| Untracked 
|2774|0x0000000335800000, 0x0000000335800000, 0x0000000335c00000|  0%| F|  |TAMS 0x0000000335800000, 0x0000000335800000| Untracked 
|2775|0x0000000335c00000, 0x0000000335c00000, 0x0000000336000000|  0%| F|  |TAMS 0x0000000335c00000, 0x0000000335c00000| Untracked 
|2776|0x0000000336000000, 0x0000000336000000, 0x0000000336400000|  0%| F|  |TAMS 0x0000000336000000, 0x0000000336000000| Untracked 
|2777|0x0000000336400000, 0x0000000336400000, 0x0000000336800000|  0%| F|  |TAMS 0x0000000336400000, 0x0000000336400000| Untracked 
|2778|0x0000000336800000, 0x0000000336800000, 0x0000000336c00000|  0%| F|  |TAMS 0x0000000336800000, 0x0000000336800000| Untracked 
|2779|0x0000000336c00000, 0x0000000336c00000, 0x0000000337000000|  0%| F|  |TAMS 0x0000000336c00000, 0x0000000336c00000| Untracked 
|2780|0x0000000337000000, 0x0000000337000000, 0x0000000337400000|  0%| F|  |TAMS 0x0000000337000000, 0x0000000337000000| Untracked 
|2781|0x0000000337400000, 0x0000000337400000, 0x0000000337800000|  0%| F|  |TAMS 0x0000000337400000, 0x0000000337400000| Untracked 
|2782|0x0000000337800000, 0x0000000337800000, 0x0000000337c00000|  0%| F|  |TAMS 0x0000000337800000, 0x0000000337800000| Untracked 
|2783|0x0000000337c00000, 0x0000000337c00000, 0x0000000338000000|  0%| F|  |TAMS 0x0000000337c00000, 0x0000000337c00000| Untracked 
|2784|0x0000000338000000, 0x0000000338000000, 0x0000000338400000|  0%| F|  |TAMS 0x0000000338000000, 0x0000000338000000| Untracked 
|2785|0x0000000338400000, 0x0000000338400000, 0x0000000338800000|  0%| F|  |TAMS 0x0000000338400000, 0x0000000338400000| Untracked 
|2786|0x0000000338800000, 0x0000000338800000, 0x0000000338c00000|  0%| F|  |TAMS 0x0000000338800000, 0x0000000338800000| Untracked 
|2787|0x0000000338c00000, 0x0000000338c00000, 0x0000000339000000|  0%| F|  |TAMS 0x0000000338c00000, 0x0000000338c00000| Untracked 
|2788|0x0000000339000000, 0x0000000339000000, 0x0000000339400000|  0%| F|  |TAMS 0x0000000339000000, 0x0000000339000000| Untracked 
|2789|0x0000000339400000, 0x0000000339400000, 0x0000000339800000|  0%| F|  |TAMS 0x0000000339400000, 0x0000000339400000| Untracked 
|2790|0x0000000339800000, 0x0000000339800000, 0x0000000339c00000|  0%| F|  |TAMS 0x0000000339800000, 0x0000000339800000| Untracked 
|2791|0x0000000339c00000, 0x0000000339c00000, 0x000000033a000000|  0%| F|  |TAMS 0x0000000339c00000, 0x0000000339c00000| Untracked 
|2792|0x000000033a000000, 0x000000033a000000, 0x000000033a400000|  0%| F|  |TAMS 0x000000033a000000, 0x000000033a000000| Untracked 
|2793|0x000000033a400000, 0x000000033a400000, 0x000000033a800000|  0%| F|  |TAMS 0x000000033a400000, 0x000000033a400000| Untracked 
|2794|0x000000033a800000, 0x000000033a800000, 0x000000033ac00000|  0%| F|  |TAMS 0x000000033a800000, 0x000000033a800000| Untracked 
|2795|0x000000033ac00000, 0x000000033ac00000, 0x000000033b000000|  0%| F|  |TAMS 0x000000033ac00000, 0x000000033ac00000| Untracked 
|2796|0x000000033b000000, 0x000000033b000000, 0x000000033b400000|  0%| F|  |TAMS 0x000000033b000000, 0x000000033b000000| Untracked 
|2797|0x000000033b400000, 0x000000033b400000, 0x000000033b800000|  0%| F|  |TAMS 0x000000033b400000, 0x000000033b400000| Untracked 
|2798|0x000000033b800000, 0x000000033b800000, 0x000000033bc00000|  0%| F|  |TAMS 0x000000033b800000, 0x000000033b800000| Untracked 
|2799|0x000000033bc00000, 0x000000033bc00000, 0x000000033c000000|  0%| F|  |TAMS 0x000000033bc00000, 0x000000033bc00000| Untracked 
|2800|0x000000033c000000, 0x000000033c000000, 0x000000033c400000|  0%| F|  |TAMS 0x000000033c000000, 0x000000033c000000| Untracked 
|2801|0x000000033c400000, 0x000000033c400000, 0x000000033c800000|  0%| F|  |TAMS 0x000000033c400000, 0x000000033c400000| Untracked 
|2802|0x000000033c800000, 0x000000033c800000, 0x000000033cc00000|  0%| F|  |TAMS 0x000000033c800000, 0x000000033c800000| Untracked 
|2803|0x000000033cc00000, 0x000000033cc00000, 0x000000033d000000|  0%| F|  |TAMS 0x000000033cc00000, 0x000000033cc00000| Untracked 
|2804|0x000000033d000000, 0x000000033d000000, 0x000000033d400000|  0%| F|  |TAMS 0x000000033d000000, 0x000000033d000000| Untracked 
|2805|0x000000033d400000, 0x000000033d400000, 0x000000033d800000|  0%| F|  |TAMS 0x000000033d400000, 0x000000033d400000| Untracked 
|2806|0x000000033d800000, 0x000000033d800000, 0x000000033dc00000|  0%| F|  |TAMS 0x000000033d800000, 0x000000033d800000| Untracked 
|2807|0x000000033dc00000, 0x000000033dc00000, 0x000000033e000000|  0%| F|  |TAMS 0x000000033dc00000, 0x000000033dc00000| Untracked 
|2808|0x000000033e000000, 0x000000033e000000, 0x000000033e400000|  0%| F|  |TAMS 0x000000033e000000, 0x000000033e000000| Untracked 
|2809|0x000000033e400000, 0x000000033e400000, 0x000000033e800000|  0%| F|  |TAMS 0x000000033e400000, 0x000000033e400000| Untracked 
|2810|0x000000033e800000, 0x000000033e800000, 0x000000033ec00000|  0%| F|  |TAMS 0x000000033e800000, 0x000000033e800000| Untracked 
|2811|0x000000033ec00000, 0x000000033ec00000, 0x000000033f000000|  0%| F|  |TAMS 0x000000033ec00000, 0x000000033ec00000| Untracked 
|2812|0x000000033f000000, 0x000000033f000000, 0x000000033f400000|  0%| F|  |TAMS 0x000000033f000000, 0x000000033f000000| Untracked 
|2813|0x000000033f400000, 0x000000033f400000, 0x000000033f800000|  0%| F|  |TAMS 0x000000033f400000, 0x000000033f400000| Untracked 
|2814|0x000000033f800000, 0x000000033f800000, 0x000000033fc00000|  0%| F|  |TAMS 0x000000033f800000, 0x000000033f800000| Untracked 
|2815|0x000000033fc00000, 0x000000033fc00000, 0x0000000340000000|  0%| F|  |TAMS 0x000000033fc00000, 0x000000033fc00000| Untracked 
|2816|0x0000000340000000, 0x0000000340000000, 0x0000000340400000|  0%| F|  |TAMS 0x0000000340000000, 0x0000000340000000| Untracked 
|2817|0x0000000340400000, 0x0000000340400000, 0x0000000340800000|  0%| F|  |TAMS 0x0000000340400000, 0x0000000340400000| Untracked 
|2818|0x0000000340800000, 0x0000000340800000, 0x0000000340c00000|  0%| F|  |TAMS 0x0000000340800000, 0x0000000340800000| Untracked 
|2819|0x0000000340c00000, 0x0000000340c00000, 0x0000000341000000|  0%| F|  |TAMS 0x0000000340c00000, 0x0000000340c00000| Untracked 
|2820|0x0000000341000000, 0x0000000341000000, 0x0000000341400000|  0%| F|  |TAMS 0x0000000341000000, 0x0000000341000000| Untracked 
|2821|0x0000000341400000, 0x0000000341400000, 0x0000000341800000|  0%| F|  |TAMS 0x0000000341400000, 0x0000000341400000| Untracked 
|2822|0x0000000341800000, 0x0000000341800000, 0x0000000341c00000|  0%| F|  |TAMS 0x0000000341800000, 0x0000000341800000| Untracked 
|2823|0x0000000341c00000, 0x0000000341c00000, 0x0000000342000000|  0%| F|  |TAMS 0x0000000341c00000, 0x0000000341c00000| Untracked 
|2824|0x0000000342000000, 0x0000000342000000, 0x0000000342400000|  0%| F|  |TAMS 0x0000000342000000, 0x0000000342000000| Untracked 
|2825|0x0000000342400000, 0x0000000342400000, 0x0000000342800000|  0%| F|  |TAMS 0x0000000342400000, 0x0000000342400000| Untracked 
|2826|0x0000000342800000, 0x0000000342800000, 0x0000000342c00000|  0%| F|  |TAMS 0x0000000342800000, 0x0000000342800000| Untracked 
|2827|0x0000000342c00000, 0x0000000342c00000, 0x0000000343000000|  0%| F|  |TAMS 0x0000000342c00000, 0x0000000342c00000| Untracked 
|2828|0x0000000343000000, 0x0000000343000000, 0x0000000343400000|  0%| F|  |TAMS 0x0000000343000000, 0x0000000343000000| Untracked 
|2829|0x0000000343400000, 0x0000000343400000, 0x0000000343800000|  0%| F|  |TAMS 0x0000000343400000, 0x0000000343400000| Untracked 
|2830|0x0000000343800000, 0x0000000343800000, 0x0000000343c00000|  0%| F|  |TAMS 0x0000000343800000, 0x0000000343800000| Untracked 
|2831|0x0000000343c00000, 0x0000000343c00000, 0x0000000344000000|  0%| F|  |TAMS 0x0000000343c00000, 0x0000000343c00000| Untracked 
|2832|0x0000000344000000, 0x0000000344000000, 0x0000000344400000|  0%| F|  |TAMS 0x0000000344000000, 0x0000000344000000| Untracked 
|2833|0x0000000344400000, 0x0000000344400000, 0x0000000344800000|  0%| F|  |TAMS 0x0000000344400000, 0x0000000344400000| Untracked 
|2834|0x0000000344800000, 0x0000000344800000, 0x0000000344c00000|  0%| F|  |TAMS 0x0000000344800000, 0x0000000344800000| Untracked 
|2835|0x0000000344c00000, 0x0000000344c00000, 0x0000000345000000|  0%| F|  |TAMS 0x0000000344c00000, 0x0000000344c00000| Untracked 
|2836|0x0000000345000000, 0x0000000345000000, 0x0000000345400000|  0%| F|  |TAMS 0x0000000345000000, 0x0000000345000000| Untracked 
|2837|0x0000000345400000, 0x0000000345400000, 0x0000000345800000|  0%| F|  |TAMS 0x0000000345400000, 0x0000000345400000| Untracked 
|2838|0x0000000345800000, 0x0000000345800000, 0x0000000345c00000|  0%| F|  |TAMS 0x0000000345800000, 0x0000000345800000| Untracked 
|2839|0x0000000345c00000, 0x0000000345c00000, 0x0000000346000000|  0%| F|  |TAMS 0x0000000345c00000, 0x0000000345c00000| Untracked 
|2840|0x0000000346000000, 0x0000000346000000, 0x0000000346400000|  0%| F|  |TAMS 0x0000000346000000, 0x0000000346000000| Untracked 
|2841|0x0000000346400000, 0x0000000346400000, 0x0000000346800000|  0%| F|  |TAMS 0x0000000346400000, 0x0000000346400000| Untracked 
|2842|0x0000000346800000, 0x0000000346800000, 0x0000000346c00000|  0%| F|  |TAMS 0x0000000346800000, 0x0000000346800000| Untracked 
|2843|0x0000000346c00000, 0x0000000346c00000, 0x0000000347000000|  0%| F|  |TAMS 0x0000000346c00000, 0x0000000346c00000| Untracked 
|2844|0x0000000347000000, 0x0000000347000000, 0x0000000347400000|  0%| F|  |TAMS 0x0000000347000000, 0x0000000347000000| Untracked 
|2845|0x0000000347400000, 0x0000000347400000, 0x0000000347800000|  0%| F|  |TAMS 0x0000000347400000, 0x0000000347400000| Untracked 
|2846|0x0000000347800000, 0x0000000347800000, 0x0000000347c00000|  0%| F|  |TAMS 0x0000000347800000, 0x0000000347800000| Untracked 
|2847|0x0000000347c00000, 0x0000000347c00000, 0x0000000348000000|  0%| F|  |TAMS 0x0000000347c00000, 0x0000000347c00000| Untracked 
|2848|0x0000000348000000, 0x0000000348000000, 0x0000000348400000|  0%| F|  |TAMS 0x0000000348000000, 0x0000000348000000| Untracked 
|2849|0x0000000348400000, 0x0000000348400000, 0x0000000348800000|  0%| F|  |TAMS 0x0000000348400000, 0x0000000348400000| Untracked 
|2850|0x0000000348800000, 0x0000000348800000, 0x0000000348c00000|  0%| F|  |TAMS 0x0000000348800000, 0x0000000348800000| Untracked 
|2851|0x0000000348c00000, 0x0000000348c00000, 0x0000000349000000|  0%| F|  |TAMS 0x0000000348c00000, 0x0000000348c00000| Untracked 
|2852|0x0000000349000000, 0x0000000349000000, 0x0000000349400000|  0%| F|  |TAMS 0x0000000349000000, 0x0000000349000000| Untracked 
|2853|0x0000000349400000, 0x0000000349400000, 0x0000000349800000|  0%| F|  |TAMS 0x0000000349400000, 0x0000000349400000| Untracked 
|2854|0x0000000349800000, 0x0000000349800000, 0x0000000349c00000|  0%| F|  |TAMS 0x0000000349800000, 0x0000000349800000| Untracked 
|2855|0x0000000349c00000, 0x0000000349c00000, 0x000000034a000000|  0%| F|  |TAMS 0x0000000349c00000, 0x0000000349c00000| Untracked 
|2856|0x000000034a000000, 0x000000034a000000, 0x000000034a400000|  0%| F|  |TAMS 0x000000034a000000, 0x000000034a000000| Untracked 
|2857|0x000000034a400000, 0x000000034a400000, 0x000000034a800000|  0%| F|  |TAMS 0x000000034a400000, 0x000000034a400000| Untracked 
|2858|0x000000034a800000, 0x000000034a800000, 0x000000034ac00000|  0%| F|  |TAMS 0x000000034a800000, 0x000000034a800000| Untracked 
|2859|0x000000034ac00000, 0x000000034ac00000, 0x000000034b000000|  0%| F|  |TAMS 0x000000034ac00000, 0x000000034ac00000| Untracked 
|2860|0x000000034b000000, 0x000000034b000000, 0x000000034b400000|  0%| F|  |TAMS 0x000000034b000000, 0x000000034b000000| Untracked 
|2861|0x000000034b400000, 0x000000034b400000, 0x000000034b800000|  0%| F|  |TAMS 0x000000034b400000, 0x000000034b400000| Untracked 
|2862|0x000000034b800000, 0x000000034b800000, 0x000000034bc00000|  0%| F|  |TAMS 0x000000034b800000, 0x000000034b800000| Untracked 
|2863|0x000000034bc00000, 0x000000034bc00000, 0x000000034c000000|  0%| F|  |TAMS 0x000000034bc00000, 0x000000034bc00000| Untracked 
|2864|0x000000034c000000, 0x000000034c000000, 0x000000034c400000|  0%| F|  |TAMS 0x000000034c000000, 0x000000034c000000| Untracked 
|2865|0x000000034c400000, 0x000000034c400000, 0x000000034c800000|  0%| F|  |TAMS 0x000000034c400000, 0x000000034c400000| Untracked 
|2866|0x000000034c800000, 0x000000034c800000, 0x000000034cc00000|  0%| F|  |TAMS 0x000000034c800000, 0x000000034c800000| Untracked 
|2867|0x000000034cc00000, 0x000000034cc00000, 0x000000034d000000|  0%| F|  |TAMS 0x000000034cc00000, 0x000000034cc00000| Untracked 
|2868|0x000000034d000000, 0x000000034d000000, 0x000000034d400000|  0%| F|  |TAMS 0x000000034d000000, 0x000000034d000000| Untracked 
|2869|0x000000034d400000, 0x000000034d400000, 0x000000034d800000|  0%| F|  |TAMS 0x000000034d400000, 0x000000034d400000| Untracked 
|2870|0x000000034d800000, 0x000000034d800000, 0x000000034dc00000|  0%| F|  |TAMS 0x000000034d800000, 0x000000034d800000| Untracked 
|2871|0x000000034dc00000, 0x000000034dc00000, 0x000000034e000000|  0%| F|  |TAMS 0x000000034dc00000, 0x000000034dc00000| Untracked 
|2872|0x000000034e000000, 0x000000034e000000, 0x000000034e400000|  0%| F|  |TAMS 0x000000034e000000, 0x000000034e000000| Untracked 
|2873|0x000000034e400000, 0x000000034e400000, 0x000000034e800000|  0%| F|  |TAMS 0x000000034e400000, 0x000000034e400000| Untracked 
|2874|0x000000034e800000, 0x000000034e800000, 0x000000034ec00000|  0%| F|  |TAMS 0x000000034e800000, 0x000000034e800000| Untracked 
|2875|0x000000034ec00000, 0x000000034ec00000, 0x000000034f000000|  0%| F|  |TAMS 0x000000034ec00000, 0x000000034ec00000| Untracked 
|2876|0x000000034f000000, 0x000000034f000000, 0x000000034f400000|  0%| F|  |TAMS 0x000000034f000000, 0x000000034f000000| Untracked 
|2877|0x000000034f400000, 0x000000034f400000, 0x000000034f800000|  0%| F|  |TAMS 0x000000034f400000, 0x000000034f400000| Untracked 
|2878|0x000000034f800000, 0x000000034f800000, 0x000000034fc00000|  0%| F|  |TAMS 0x000000034f800000, 0x000000034f800000| Untracked 
|2879|0x000000034fc00000, 0x000000034fc00000, 0x0000000350000000|  0%| F|  |TAMS 0x000000034fc00000, 0x000000034fc00000| Untracked 
|2880|0x0000000350000000, 0x0000000350000000, 0x0000000350400000|  0%| F|  |TAMS 0x0000000350000000, 0x0000000350000000| Untracked 
|2881|0x0000000350400000, 0x0000000350400000, 0x0000000350800000|  0%| F|  |TAMS 0x0000000350400000, 0x0000000350400000| Untracked 
|2882|0x0000000350800000, 0x0000000350800000, 0x0000000350c00000|  0%| F|  |TAMS 0x0000000350800000, 0x0000000350800000| Untracked 
|2883|0x0000000350c00000, 0x0000000350c00000, 0x0000000351000000|  0%| F|  |TAMS 0x0000000350c00000, 0x0000000350c00000| Untracked 
|2884|0x0000000351000000, 0x0000000351000000, 0x0000000351400000|  0%| F|  |TAMS 0x0000000351000000, 0x0000000351000000| Untracked 
|2885|0x0000000351400000, 0x0000000351400000, 0x0000000351800000|  0%| F|  |TAMS 0x0000000351400000, 0x0000000351400000| Untracked 
|2886|0x0000000351800000, 0x0000000351800000, 0x0000000351c00000|  0%| F|  |TAMS 0x0000000351800000, 0x0000000351800000| Untracked 
|2887|0x0000000351c00000, 0x0000000351c00000, 0x0000000352000000|  0%| F|  |TAMS 0x0000000351c00000, 0x0000000351c00000| Untracked 
|2888|0x0000000352000000, 0x0000000352000000, 0x0000000352400000|  0%| F|  |TAMS 0x0000000352000000, 0x0000000352000000| Untracked 
|2889|0x0000000352400000, 0x0000000352400000, 0x0000000352800000|  0%| F|  |TAMS 0x0000000352400000, 0x0000000352400000| Untracked 
|2890|0x0000000352800000, 0x0000000352800000, 0x0000000352c00000|  0%| F|  |TAMS 0x0000000352800000, 0x0000000352800000| Untracked 
|2891|0x0000000352c00000, 0x0000000352c00000, 0x0000000353000000|  0%| F|  |TAMS 0x0000000352c00000, 0x0000000352c00000| Untracked 
|2892|0x0000000353000000, 0x0000000353000000, 0x0000000353400000|  0%| F|  |TAMS 0x0000000353000000, 0x0000000353000000| Untracked 
|2893|0x0000000353400000, 0x0000000353400000, 0x0000000353800000|  0%| F|  |TAMS 0x0000000353400000, 0x0000000353400000| Untracked 
|2894|0x0000000353800000, 0x0000000353800000, 0x0000000353c00000|  0%| F|  |TAMS 0x0000000353800000, 0x0000000353800000| Untracked 
|2895|0x0000000353c00000, 0x0000000353c00000, 0x0000000354000000|  0%| F|  |TAMS 0x0000000353c00000, 0x0000000353c00000| Untracked 
|2896|0x0000000354000000, 0x0000000354000000, 0x0000000354400000|  0%| F|  |TAMS 0x0000000354000000, 0x0000000354000000| Untracked 
|2897|0x0000000354400000, 0x0000000354400000, 0x0000000354800000|  0%| F|  |TAMS 0x0000000354400000, 0x0000000354400000| Untracked 
|2898|0x0000000354800000, 0x0000000354800000, 0x0000000354c00000|  0%| F|  |TAMS 0x0000000354800000, 0x0000000354800000| Untracked 
|2899|0x0000000354c00000, 0x0000000354c00000, 0x0000000355000000|  0%| F|  |TAMS 0x0000000354c00000, 0x0000000354c00000| Untracked 
|2900|0x0000000355000000, 0x0000000355000000, 0x0000000355400000|  0%| F|  |TAMS 0x0000000355000000, 0x0000000355000000| Untracked 
|2901|0x0000000355400000, 0x0000000355400000, 0x0000000355800000|  0%| F|  |TAMS 0x0000000355400000, 0x0000000355400000| Untracked 
|2902|0x0000000355800000, 0x0000000355800000, 0x0000000355c00000|  0%| F|  |TAMS 0x0000000355800000, 0x0000000355800000| Untracked 
|2903|0x0000000355c00000, 0x0000000355c00000, 0x0000000356000000|  0%| F|  |TAMS 0x0000000355c00000, 0x0000000355c00000| Untracked 
|2904|0x0000000356000000, 0x0000000356000000, 0x0000000356400000|  0%| F|  |TAMS 0x0000000356000000, 0x0000000356000000| Untracked 
|2905|0x0000000356400000, 0x0000000356400000, 0x0000000356800000|  0%| F|  |TAMS 0x0000000356400000, 0x0000000356400000| Untracked 
|2906|0x0000000356800000, 0x0000000356800000, 0x0000000356c00000|  0%| F|  |TAMS 0x0000000356800000, 0x0000000356800000| Untracked 
|2907|0x0000000356c00000, 0x0000000356c00000, 0x0000000357000000|  0%| F|  |TAMS 0x0000000356c00000, 0x0000000356c00000| Untracked 
|2908|0x0000000357000000, 0x0000000357000000, 0x0000000357400000|  0%| F|  |TAMS 0x0000000357000000, 0x0000000357000000| Untracked 
|2909|0x0000000357400000, 0x0000000357400000, 0x0000000357800000|  0%| F|  |TAMS 0x0000000357400000, 0x0000000357400000| Untracked 
|2910|0x0000000357800000, 0x0000000357800000, 0x0000000357c00000|  0%| F|  |TAMS 0x0000000357800000, 0x0000000357800000| Untracked 
|2911|0x0000000357c00000, 0x0000000357c00000, 0x0000000358000000|  0%| F|  |TAMS 0x0000000357c00000, 0x0000000357c00000| Untracked 
|2912|0x0000000358000000, 0x0000000358000000, 0x0000000358400000|  0%| F|  |TAMS 0x0000000358000000, 0x0000000358000000| Untracked 
|2913|0x0000000358400000, 0x0000000358400000, 0x0000000358800000|  0%| F|  |TAMS 0x0000000358400000, 0x0000000358400000| Untracked 
|2914|0x0000000358800000, 0x0000000358800000, 0x0000000358c00000|  0%| F|  |TAMS 0x0000000358800000, 0x0000000358800000| Untracked 
|2915|0x0000000358c00000, 0x0000000358c00000, 0x0000000359000000|  0%| F|  |TAMS 0x0000000358c00000, 0x0000000358c00000| Untracked 
|2916|0x0000000359000000, 0x0000000359000000, 0x0000000359400000|  0%| F|  |TAMS 0x0000000359000000, 0x0000000359000000| Untracked 
|2917|0x0000000359400000, 0x0000000359400000, 0x0000000359800000|  0%| F|  |TAMS 0x0000000359400000, 0x0000000359400000| Untracked 
|2918|0x0000000359800000, 0x0000000359800000, 0x0000000359c00000|  0%| F|  |TAMS 0x0000000359800000, 0x0000000359800000| Untracked 
|2919|0x0000000359c00000, 0x0000000359c00000, 0x000000035a000000|  0%| F|  |TAMS 0x0000000359c00000, 0x0000000359c00000| Untracked 
|2920|0x000000035a000000, 0x000000035a000000, 0x000000035a400000|  0%| F|  |TAMS 0x000000035a000000, 0x000000035a000000| Untracked 
|2921|0x000000035a400000, 0x000000035a400000, 0x000000035a800000|  0%| F|  |TAMS 0x000000035a400000, 0x000000035a400000| Untracked 
|2922|0x000000035a800000, 0x000000035a800000, 0x000000035ac00000|  0%| F|  |TAMS 0x000000035a800000, 0x000000035a800000| Untracked 
|2923|0x000000035ac00000, 0x000000035ac00000, 0x000000035b000000|  0%| F|  |TAMS 0x000000035ac00000, 0x000000035ac00000| Untracked 
|2924|0x000000035b000000, 0x000000035b000000, 0x000000035b400000|  0%| F|  |TAMS 0x000000035b000000, 0x000000035b000000| Untracked 
|2925|0x000000035b400000, 0x000000035b400000, 0x000000035b800000|  0%| F|  |TAMS 0x000000035b400000, 0x000000035b400000| Untracked 
|2926|0x000000035b800000, 0x000000035b800000, 0x000000035bc00000|  0%| F|  |TAMS 0x000000035b800000, 0x000000035b800000| Untracked 
|2927|0x000000035bc00000, 0x000000035bc00000, 0x000000035c000000|  0%| F|  |TAMS 0x000000035bc00000, 0x000000035bc00000| Untracked 
|2928|0x000000035c000000, 0x000000035c000000, 0x000000035c400000|  0%| F|  |TAMS 0x000000035c000000, 0x000000035c000000| Untracked 
|2929|0x000000035c400000, 0x000000035c400000, 0x000000035c800000|  0%| F|  |TAMS 0x000000035c400000, 0x000000035c400000| Untracked 
|2930|0x000000035c800000, 0x000000035c800000, 0x000000035cc00000|  0%| F|  |TAMS 0x000000035c800000, 0x000000035c800000| Untracked 
|2931|0x000000035cc00000, 0x000000035cc00000, 0x000000035d000000|  0%| F|  |TAMS 0x000000035cc00000, 0x000000035cc00000| Untracked 
|2932|0x000000035d000000, 0x000000035d000000, 0x000000035d400000|  0%| F|  |TAMS 0x000000035d000000, 0x000000035d000000| Untracked 
|2933|0x000000035d400000, 0x000000035d400000, 0x000000035d800000|  0%| F|  |TAMS 0x000000035d400000, 0x000000035d400000| Untracked 
|2934|0x000000035d800000, 0x000000035d800000, 0x000000035dc00000|  0%| F|  |TAMS 0x000000035d800000, 0x000000035d800000| Untracked 
|2935|0x000000035dc00000, 0x000000035dc00000, 0x000000035e000000|  0%| F|  |TAMS 0x000000035dc00000, 0x000000035dc00000| Untracked 
|2936|0x000000035e000000, 0x000000035e000000, 0x000000035e400000|  0%| F|  |TAMS 0x000000035e000000, 0x000000035e000000| Untracked 
|2937|0x000000035e400000, 0x000000035e400000, 0x000000035e800000|  0%| F|  |TAMS 0x000000035e400000, 0x000000035e400000| Untracked 
|2938|0x000000035e800000, 0x000000035e800000, 0x000000035ec00000|  0%| F|  |TAMS 0x000000035e800000, 0x000000035e800000| Untracked 
|2939|0x000000035ec00000, 0x000000035ec00000, 0x000000035f000000|  0%| F|  |TAMS 0x000000035ec00000, 0x000000035ec00000| Untracked 
|2940|0x000000035f000000, 0x000000035f000000, 0x000000035f400000|  0%| F|  |TAMS 0x000000035f000000, 0x000000035f000000| Untracked 
|2941|0x000000035f400000, 0x000000035f400000, 0x000000035f800000|  0%| F|  |TAMS 0x000000035f400000, 0x000000035f400000| Untracked 
|2942|0x000000035f800000, 0x000000035f800000, 0x000000035fc00000|  0%| F|  |TAMS 0x000000035f800000, 0x000000035f800000| Untracked 
|2943|0x000000035fc00000, 0x000000035fc00000, 0x0000000360000000|  0%| F|  |TAMS 0x000000035fc00000, 0x000000035fc00000| Untracked 
|2944|0x0000000360000000, 0x0000000360000000, 0x0000000360400000|  0%| F|  |TAMS 0x0000000360000000, 0x0000000360000000| Untracked 
|2945|0x0000000360400000, 0x0000000360400000, 0x0000000360800000|  0%| F|  |TAMS 0x0000000360400000, 0x0000000360400000| Untracked 
|2946|0x0000000360800000, 0x0000000360800000, 0x0000000360c00000|  0%| F|  |TAMS 0x0000000360800000, 0x0000000360800000| Untracked 
|2947|0x0000000360c00000, 0x0000000360c00000, 0x0000000361000000|  0%| F|  |TAMS 0x0000000360c00000, 0x0000000360c00000| Untracked 
|2948|0x0000000361000000, 0x0000000361000000, 0x0000000361400000|  0%| F|  |TAMS 0x0000000361000000, 0x0000000361000000| Untracked 
|2949|0x0000000361400000, 0x0000000361400000, 0x0000000361800000|  0%| F|  |TAMS 0x0000000361400000, 0x0000000361400000| Untracked 
|2950|0x0000000361800000, 0x0000000361800000, 0x0000000361c00000|  0%| F|  |TAMS 0x0000000361800000, 0x0000000361800000| Untracked 
|2951|0x0000000361c00000, 0x0000000361c00000, 0x0000000362000000|  0%| F|  |TAMS 0x0000000361c00000, 0x0000000361c00000| Untracked 
|2952|0x0000000362000000, 0x0000000362000000, 0x0000000362400000|  0%| F|  |TAMS 0x0000000362000000, 0x0000000362000000| Untracked 
|2953|0x0000000362400000, 0x0000000362400000, 0x0000000362800000|  0%| F|  |TAMS 0x0000000362400000, 0x0000000362400000| Untracked 
|2954|0x0000000362800000, 0x0000000362800000, 0x0000000362c00000|  0%| F|  |TAMS 0x0000000362800000, 0x0000000362800000| Untracked 
|2955|0x0000000362c00000, 0x0000000362c00000, 0x0000000363000000|  0%| F|  |TAMS 0x0000000362c00000, 0x0000000362c00000| Untracked 
|2956|0x0000000363000000, 0x0000000363000000, 0x0000000363400000|  0%| F|  |TAMS 0x0000000363000000, 0x0000000363000000| Untracked 
|2957|0x0000000363400000, 0x0000000363400000, 0x0000000363800000|  0%| F|  |TAMS 0x0000000363400000, 0x0000000363400000| Untracked 
|2958|0x0000000363800000, 0x0000000363800000, 0x0000000363c00000|  0%| F|  |TAMS 0x0000000363800000, 0x0000000363800000| Untracked 
|2959|0x0000000363c00000, 0x0000000363c00000, 0x0000000364000000|  0%| F|  |TAMS 0x0000000363c00000, 0x0000000363c00000| Untracked 
|2960|0x0000000364000000, 0x0000000364000000, 0x0000000364400000|  0%| F|  |TAMS 0x0000000364000000, 0x0000000364000000| Untracked 
|2961|0x0000000364400000, 0x0000000364400000, 0x0000000364800000|  0%| F|  |TAMS 0x0000000364400000, 0x0000000364400000| Untracked 
|2962|0x0000000364800000, 0x0000000364800000, 0x0000000364c00000|  0%| F|  |TAMS 0x0000000364800000, 0x0000000364800000| Untracked 
|2963|0x0000000364c00000, 0x0000000364c00000, 0x0000000365000000|  0%| F|  |TAMS 0x0000000364c00000, 0x0000000364c00000| Untracked 
|2964|0x0000000365000000, 0x0000000365000000, 0x0000000365400000|  0%| F|  |TAMS 0x0000000365000000, 0x0000000365000000| Untracked 
|2965|0x0000000365400000, 0x0000000365400000, 0x0000000365800000|  0%| F|  |TAMS 0x0000000365400000, 0x0000000365400000| Untracked 
|2966|0x0000000365800000, 0x0000000365800000, 0x0000000365c00000|  0%| F|  |TAMS 0x0000000365800000, 0x0000000365800000| Untracked 
|2967|0x0000000365c00000, 0x0000000365c00000, 0x0000000366000000|  0%| F|  |TAMS 0x0000000365c00000, 0x0000000365c00000| Untracked 
|2968|0x0000000366000000, 0x0000000366000000, 0x0000000366400000|  0%| F|  |TAMS 0x0000000366000000, 0x0000000366000000| Untracked 
|2969|0x0000000366400000, 0x0000000366400000, 0x0000000366800000|  0%| F|  |TAMS 0x0000000366400000, 0x0000000366400000| Untracked 
|2970|0x0000000366800000, 0x0000000366800000, 0x0000000366c00000|  0%| F|  |TAMS 0x0000000366800000, 0x0000000366800000| Untracked 
|2971|0x0000000366c00000, 0x0000000366c00000, 0x0000000367000000|  0%| F|  |TAMS 0x0000000366c00000, 0x0000000366c00000| Untracked 
|2972|0x0000000367000000, 0x0000000367000000, 0x0000000367400000|  0%| F|  |TAMS 0x0000000367000000, 0x0000000367000000| Untracked 
|2973|0x0000000367400000, 0x0000000367400000, 0x0000000367800000|  0%| F|  |TAMS 0x0000000367400000, 0x0000000367400000| Untracked 
|2974|0x0000000367800000, 0x0000000367800000, 0x0000000367c00000|  0%| F|  |TAMS 0x0000000367800000, 0x0000000367800000| Untracked 
|2975|0x0000000367c00000, 0x0000000367c00000, 0x0000000368000000|  0%| F|  |TAMS 0x0000000367c00000, 0x0000000367c00000| Untracked 
|2976|0x0000000368000000, 0x0000000368000000, 0x0000000368400000|  0%| F|  |TAMS 0x0000000368000000, 0x0000000368000000| Untracked 
|2977|0x0000000368400000, 0x0000000368400000, 0x0000000368800000|  0%| F|  |TAMS 0x0000000368400000, 0x0000000368400000| Untracked 
|2978|0x0000000368800000, 0x0000000368800000, 0x0000000368c00000|  0%| F|  |TAMS 0x0000000368800000, 0x0000000368800000| Untracked 
|2979|0x0000000368c00000, 0x0000000368c00000, 0x0000000369000000|  0%| F|  |TAMS 0x0000000368c00000, 0x0000000368c00000| Untracked 
|2980|0x0000000369000000, 0x0000000369000000, 0x0000000369400000|  0%| F|  |TAMS 0x0000000369000000, 0x0000000369000000| Untracked 
|2981|0x0000000369400000, 0x0000000369400000, 0x0000000369800000|  0%| F|  |TAMS 0x0000000369400000, 0x0000000369400000| Untracked 
|2982|0x0000000369800000, 0x0000000369800000, 0x0000000369c00000|  0%| F|  |TAMS 0x0000000369800000, 0x0000000369800000| Untracked 
|2983|0x0000000369c00000, 0x0000000369c00000, 0x000000036a000000|  0%| F|  |TAMS 0x0000000369c00000, 0x0000000369c00000| Untracked 
|2984|0x000000036a000000, 0x000000036a000000, 0x000000036a400000|  0%| F|  |TAMS 0x000000036a000000, 0x000000036a000000| Untracked 
|2985|0x000000036a400000, 0x000000036a400000, 0x000000036a800000|  0%| F|  |TAMS 0x000000036a400000, 0x000000036a400000| Untracked 
|2986|0x000000036a800000, 0x000000036a800000, 0x000000036ac00000|  0%| F|  |TAMS 0x000000036a800000, 0x000000036a800000| Untracked 
|2987|0x000000036ac00000, 0x000000036ac00000, 0x000000036b000000|  0%| F|  |TAMS 0x000000036ac00000, 0x000000036ac00000| Untracked 
|2988|0x000000036b000000, 0x000000036b000000, 0x000000036b400000|  0%| F|  |TAMS 0x000000036b000000, 0x000000036b000000| Untracked 
|2989|0x000000036b400000, 0x000000036b400000, 0x000000036b800000|  0%| F|  |TAMS 0x000000036b400000, 0x000000036b400000| Untracked 
|2990|0x000000036b800000, 0x000000036b800000, 0x000000036bc00000|  0%| F|  |TAMS 0x000000036b800000, 0x000000036b800000| Untracked 
|2991|0x000000036bc00000, 0x000000036bc00000, 0x000000036c000000|  0%| F|  |TAMS 0x000000036bc00000, 0x000000036bc00000| Untracked 
|2992|0x000000036c000000, 0x000000036c000000, 0x000000036c400000|  0%| F|  |TAMS 0x000000036c000000, 0x000000036c000000| Untracked 
|2993|0x000000036c400000, 0x000000036c400000, 0x000000036c800000|  0%| F|  |TAMS 0x000000036c400000, 0x000000036c400000| Untracked 
|2994|0x000000036c800000, 0x000000036c800000, 0x000000036cc00000|  0%| F|  |TAMS 0x000000036c800000, 0x000000036c800000| Untracked 
|2995|0x000000036cc00000, 0x000000036cc00000, 0x000000036d000000|  0%| F|  |TAMS 0x000000036cc00000, 0x000000036cc00000| Untracked 
|2996|0x000000036d000000, 0x000000036d000000, 0x000000036d400000|  0%| F|  |TAMS 0x000000036d000000, 0x000000036d000000| Untracked 
|2997|0x000000036d400000, 0x000000036d400000, 0x000000036d800000|  0%| F|  |TAMS 0x000000036d400000, 0x000000036d400000| Untracked 
|2998|0x000000036d800000, 0x000000036d800000, 0x000000036dc00000|  0%| F|  |TAMS 0x000000036d800000, 0x000000036d800000| Untracked 
|2999|0x000000036dc00000, 0x000000036dc00000, 0x000000036e000000|  0%| F|  |TAMS 0x000000036dc00000, 0x000000036dc00000| Untracked 
|3000|0x000000036e000000, 0x000000036e000000, 0x000000036e400000|  0%| F|  |TAMS 0x000000036e000000, 0x000000036e000000| Untracked 
|3001|0x000000036e400000, 0x000000036e400000, 0x000000036e800000|  0%| F|  |TAMS 0x000000036e400000, 0x000000036e400000| Untracked 
|3002|0x000000036e800000, 0x000000036e800000, 0x000000036ec00000|  0%| F|  |TAMS 0x000000036e800000, 0x000000036e800000| Untracked 
|3003|0x000000036ec00000, 0x000000036ec00000, 0x000000036f000000|  0%| F|  |TAMS 0x000000036ec00000, 0x000000036ec00000| Untracked 
|3004|0x000000036f000000, 0x000000036f000000, 0x000000036f400000|  0%| F|  |TAMS 0x000000036f000000, 0x000000036f000000| Untracked 
|3005|0x000000036f400000, 0x000000036f400000, 0x000000036f800000|  0%| F|  |TAMS 0x000000036f400000, 0x000000036f400000| Untracked 
|3006|0x000000036f800000, 0x000000036f800000, 0x000000036fc00000|  0%| F|  |TAMS 0x000000036f800000, 0x000000036f800000| Untracked 
|3007|0x000000036fc00000, 0x000000036fc00000, 0x0000000370000000|  0%| F|  |TAMS 0x000000036fc00000, 0x000000036fc00000| Untracked 
|3008|0x0000000370000000, 0x0000000370000000, 0x0000000370400000|  0%| F|  |TAMS 0x0000000370000000, 0x0000000370000000| Untracked 
|3009|0x0000000370400000, 0x0000000370400000, 0x0000000370800000|  0%| F|  |TAMS 0x0000000370400000, 0x0000000370400000| Untracked 
|3010|0x0000000370800000, 0x0000000370800000, 0x0000000370c00000|  0%| F|  |TAMS 0x0000000370800000, 0x0000000370800000| Untracked 
|3011|0x0000000370c00000, 0x0000000370c00000, 0x0000000371000000|  0%| F|  |TAMS 0x0000000370c00000, 0x0000000370c00000| Untracked 
|3012|0x0000000371000000, 0x0000000371000000, 0x0000000371400000|  0%| F|  |TAMS 0x0000000371000000, 0x0000000371000000| Untracked 
|3013|0x0000000371400000, 0x0000000371400000, 0x0000000371800000|  0%| F|  |TAMS 0x0000000371400000, 0x0000000371400000| Untracked 
|3014|0x0000000371800000, 0x0000000371800000, 0x0000000371c00000|  0%| F|  |TAMS 0x0000000371800000, 0x0000000371800000| Untracked 
|3015|0x0000000371c00000, 0x0000000371c00000, 0x0000000372000000|  0%| F|  |TAMS 0x0000000371c00000, 0x0000000371c00000| Untracked 
|3016|0x0000000372000000, 0x0000000372000000, 0x0000000372400000|  0%| F|  |TAMS 0x0000000372000000, 0x0000000372000000| Untracked 
|3017|0x0000000372400000, 0x0000000372400000, 0x0000000372800000|  0%| F|  |TAMS 0x0000000372400000, 0x0000000372400000| Untracked 
|3018|0x0000000372800000, 0x0000000372800000, 0x0000000372c00000|  0%| F|  |TAMS 0x0000000372800000, 0x0000000372800000| Untracked 
|3019|0x0000000372c00000, 0x0000000372c00000, 0x0000000373000000|  0%| F|  |TAMS 0x0000000372c00000, 0x0000000372c00000| Untracked 
|3020|0x0000000373000000, 0x0000000373000000, 0x0000000373400000|  0%| F|  |TAMS 0x0000000373000000, 0x0000000373000000| Untracked 
|3021|0x0000000373400000, 0x0000000373400000, 0x0000000373800000|  0%| F|  |TAMS 0x0000000373400000, 0x0000000373400000| Untracked 
|3022|0x0000000373800000, 0x0000000373800000, 0x0000000373c00000|  0%| F|  |TAMS 0x0000000373800000, 0x0000000373800000| Untracked 
|3023|0x0000000373c00000, 0x0000000373c00000, 0x0000000374000000|  0%| F|  |TAMS 0x0000000373c00000, 0x0000000373c00000| Untracked 
|3024|0x0000000374000000, 0x0000000374000000, 0x0000000374400000|  0%| F|  |TAMS 0x0000000374000000, 0x0000000374000000| Untracked 
|3025|0x0000000374400000, 0x0000000374400000, 0x0000000374800000|  0%| F|  |TAMS 0x0000000374400000, 0x0000000374400000| Untracked 
|3026|0x0000000374800000, 0x0000000374800000, 0x0000000374c00000|  0%| F|  |TAMS 0x0000000374800000, 0x0000000374800000| Untracked 
|3027|0x0000000374c00000, 0x0000000374c00000, 0x0000000375000000|  0%| F|  |TAMS 0x0000000374c00000, 0x0000000374c00000| Untracked 
|3028|0x0000000375000000, 0x0000000375000000, 0x0000000375400000|  0%| F|  |TAMS 0x0000000375000000, 0x0000000375000000| Untracked 
|3029|0x0000000375400000, 0x0000000375400000, 0x0000000375800000|  0%| F|  |TAMS 0x0000000375400000, 0x0000000375400000| Untracked 
|3030|0x0000000375800000, 0x0000000375800000, 0x0000000375c00000|  0%| F|  |TAMS 0x0000000375800000, 0x0000000375800000| Untracked 
|3031|0x0000000375c00000, 0x0000000375c00000, 0x0000000376000000|  0%| F|  |TAMS 0x0000000375c00000, 0x0000000375c00000| Untracked 
|3032|0x0000000376000000, 0x0000000376000000, 0x0000000376400000|  0%| F|  |TAMS 0x0000000376000000, 0x0000000376000000| Untracked 
|3033|0x0000000376400000, 0x0000000376400000, 0x0000000376800000|  0%| F|  |TAMS 0x0000000376400000, 0x0000000376400000| Untracked 
|3034|0x0000000376800000, 0x0000000376800000, 0x0000000376c00000|  0%| F|  |TAMS 0x0000000376800000, 0x0000000376800000| Untracked 
|3035|0x0000000376c00000, 0x0000000376c00000, 0x0000000377000000|  0%| F|  |TAMS 0x0000000376c00000, 0x0000000376c00000| Untracked 
|3036|0x0000000377000000, 0x0000000377000000, 0x0000000377400000|  0%| F|  |TAMS 0x0000000377000000, 0x0000000377000000| Untracked 
|3037|0x0000000377400000, 0x0000000377400000, 0x0000000377800000|  0%| F|  |TAMS 0x0000000377400000, 0x0000000377400000| Untracked 
|3038|0x0000000377800000, 0x0000000377800000, 0x0000000377c00000|  0%| F|  |TAMS 0x0000000377800000, 0x0000000377800000| Untracked 
|3039|0x0000000377c00000, 0x0000000377c00000, 0x0000000378000000|  0%| F|  |TAMS 0x0000000377c00000, 0x0000000377c00000| Untracked 
|3040|0x0000000378000000, 0x0000000378000000, 0x0000000378400000|  0%| F|  |TAMS 0x0000000378000000, 0x0000000378000000| Untracked 
|3041|0x0000000378400000, 0x0000000378400000, 0x0000000378800000|  0%| F|  |TAMS 0x0000000378400000, 0x0000000378400000| Untracked 
|3042|0x0000000378800000, 0x0000000378800000, 0x0000000378c00000|  0%| F|  |TAMS 0x0000000378800000, 0x0000000378800000| Untracked 
|3043|0x0000000378c00000, 0x0000000378c00000, 0x0000000379000000|  0%| F|  |TAMS 0x0000000378c00000, 0x0000000378c00000| Untracked 
|3044|0x0000000379000000, 0x0000000379000000, 0x0000000379400000|  0%| F|  |TAMS 0x0000000379000000, 0x0000000379000000| Untracked 
|3045|0x0000000379400000, 0x0000000379400000, 0x0000000379800000|  0%| F|  |TAMS 0x0000000379400000, 0x0000000379400000| Untracked 
|3046|0x0000000379800000, 0x0000000379800000, 0x0000000379c00000|  0%| F|  |TAMS 0x0000000379800000, 0x0000000379800000| Untracked 
|3047|0x0000000379c00000, 0x0000000379c00000, 0x000000037a000000|  0%| F|  |TAMS 0x0000000379c00000, 0x0000000379c00000| Untracked 
|3048|0x000000037a000000, 0x000000037a000000, 0x000000037a400000|  0%| F|  |TAMS 0x000000037a000000, 0x000000037a000000| Untracked 
|3049|0x000000037a400000, 0x000000037a400000, 0x000000037a800000|  0%| F|  |TAMS 0x000000037a400000, 0x000000037a400000| Untracked 
|3050|0x000000037a800000, 0x000000037a800000, 0x000000037ac00000|  0%| F|  |TAMS 0x000000037a800000, 0x000000037a800000| Untracked 
|3051|0x000000037ac00000, 0x000000037ac00000, 0x000000037b000000|  0%| F|  |TAMS 0x000000037ac00000, 0x000000037ac00000| Untracked 
|3052|0x000000037b000000, 0x000000037b000000, 0x000000037b400000|  0%| F|  |TAMS 0x000000037b000000, 0x000000037b000000| Untracked 
|3053|0x000000037b400000, 0x000000037b400000, 0x000000037b800000|  0%| F|  |TAMS 0x000000037b400000, 0x000000037b400000| Untracked 
|3054|0x000000037b800000, 0x000000037b800000, 0x000000037bc00000|  0%| F|  |TAMS 0x000000037b800000, 0x000000037b800000| Untracked 
|3055|0x000000037bc00000, 0x000000037bc00000, 0x000000037c000000|  0%| F|  |TAMS 0x000000037bc00000, 0x000000037bc00000| Untracked 
|3056|0x000000037c000000, 0x000000037c000000, 0x000000037c400000|  0%| F|  |TAMS 0x000000037c000000, 0x000000037c000000| Untracked 
|3057|0x000000037c400000, 0x000000037c400000, 0x000000037c800000|  0%| F|  |TAMS 0x000000037c400000, 0x000000037c400000| Untracked 
|3058|0x000000037c800000, 0x000000037c800000, 0x000000037cc00000|  0%| F|  |TAMS 0x000000037c800000, 0x000000037c800000| Untracked 
|3059|0x000000037cc00000, 0x000000037cc00000, 0x000000037d000000|  0%| F|  |TAMS 0x000000037cc00000, 0x000000037cc00000| Untracked 
|3060|0x000000037d000000, 0x000000037d000000, 0x000000037d400000|  0%| F|  |TAMS 0x000000037d000000, 0x000000037d000000| Untracked 
|3061|0x000000037d400000, 0x000000037d400000, 0x000000037d800000|  0%| F|  |TAMS 0x000000037d400000, 0x000000037d400000| Untracked 
|3062|0x000000037d800000, 0x000000037d800000, 0x000000037dc00000|  0%| F|  |TAMS 0x000000037d800000, 0x000000037d800000| Untracked 
|3063|0x000000037dc00000, 0x000000037dc00000, 0x000000037e000000|  0%| F|  |TAMS 0x000000037dc00000, 0x000000037dc00000| Untracked 
|3064|0x000000037e000000, 0x000000037e000000, 0x000000037e400000|  0%| F|  |TAMS 0x000000037e000000, 0x000000037e000000| Untracked 
|3065|0x000000037e400000, 0x000000037e400000, 0x000000037e800000|  0%| F|  |TAMS 0x000000037e400000, 0x000000037e400000| Untracked 
|3066|0x000000037e800000, 0x000000037e800000, 0x000000037ec00000|  0%| F|  |TAMS 0x000000037e800000, 0x000000037e800000| Untracked 
|3067|0x000000037ec00000, 0x000000037ec00000, 0x000000037f000000|  0%| F|  |TAMS 0x000000037ec00000, 0x000000037ec00000| Untracked 
|3068|0x000000037f000000, 0x000000037f000000, 0x000000037f400000|  0%| F|  |TAMS 0x000000037f000000, 0x000000037f000000| Untracked 
|3069|0x000000037f400000, 0x000000037f400000, 0x000000037f800000|  0%| F|  |TAMS 0x000000037f400000, 0x000000037f400000| Untracked 
|3070|0x000000037f800000, 0x000000037f800000, 0x000000037fc00000|  0%| F|  |TAMS 0x000000037f800000, 0x000000037f800000| Untracked 
|3071|0x000000037fc00000, 0x000000037fc00000, 0x0000000380000000|  0%| F|  |TAMS 0x000000037fc00000, 0x000000037fc00000| Untracked 
|3072|0x0000000380000000, 0x0000000380000000, 0x0000000380400000|  0%| F|  |TAMS 0x0000000380000000, 0x0000000380000000| Untracked 
|3073|0x0000000380400000, 0x0000000380400000, 0x0000000380800000|  0%| F|  |TAMS 0x0000000380400000, 0x0000000380400000| Untracked 
|3074|0x0000000380800000, 0x0000000380800000, 0x0000000380c00000|  0%| F|  |TAMS 0x0000000380800000, 0x0000000380800000| Untracked 
|3075|0x0000000380c00000, 0x0000000380c00000, 0x0000000381000000|  0%| F|  |TAMS 0x0000000380c00000, 0x0000000380c00000| Untracked 
|3076|0x0000000381000000, 0x0000000381000000, 0x0000000381400000|  0%| F|  |TAMS 0x0000000381000000, 0x0000000381000000| Untracked 
|3077|0x0000000381400000, 0x0000000381400000, 0x0000000381800000|  0%| F|  |TAMS 0x0000000381400000, 0x0000000381400000| Untracked 
|3078|0x0000000381800000, 0x0000000381800000, 0x0000000381c00000|  0%| F|  |TAMS 0x0000000381800000, 0x0000000381800000| Untracked 
|3079|0x0000000381c00000, 0x0000000381c00000, 0x0000000382000000|  0%| F|  |TAMS 0x0000000381c00000, 0x0000000381c00000| Untracked 
|3080|0x0000000382000000, 0x0000000382000000, 0x0000000382400000|  0%| F|  |TAMS 0x0000000382000000, 0x0000000382000000| Untracked 
|3081|0x0000000382400000, 0x0000000382400000, 0x0000000382800000|  0%| F|  |TAMS 0x0000000382400000, 0x0000000382400000| Untracked 
|3082|0x0000000382800000, 0x0000000382800000, 0x0000000382c00000|  0%| F|  |TAMS 0x0000000382800000, 0x0000000382800000| Untracked 
|3083|0x0000000382c00000, 0x0000000382c00000, 0x0000000383000000|  0%| F|  |TAMS 0x0000000382c00000, 0x0000000382c00000| Untracked 
|3084|0x0000000383000000, 0x0000000383000000, 0x0000000383400000|  0%| F|  |TAMS 0x0000000383000000, 0x0000000383000000| Untracked 
|3085|0x0000000383400000, 0x0000000383400000, 0x0000000383800000|  0%| F|  |TAMS 0x0000000383400000, 0x0000000383400000| Untracked 
|3086|0x0000000383800000, 0x0000000383800000, 0x0000000383c00000|  0%| F|  |TAMS 0x0000000383800000, 0x0000000383800000| Untracked 
|3087|0x0000000383c00000, 0x0000000383c00000, 0x0000000384000000|  0%| F|  |TAMS 0x0000000383c00000, 0x0000000383c00000| Untracked 
|3088|0x0000000384000000, 0x0000000384000000, 0x0000000384400000|  0%| F|  |TAMS 0x0000000384000000, 0x0000000384000000| Untracked 
|3089|0x0000000384400000, 0x0000000384400000, 0x0000000384800000|  0%| F|  |TAMS 0x0000000384400000, 0x0000000384400000| Untracked 
|3090|0x0000000384800000, 0x0000000384800000, 0x0000000384c00000|  0%| F|  |TAMS 0x0000000384800000, 0x0000000384800000| Untracked 
|3091|0x0000000384c00000, 0x0000000384c00000, 0x0000000385000000|  0%| F|  |TAMS 0x0000000384c00000, 0x0000000384c00000| Untracked 
|3092|0x0000000385000000, 0x0000000385000000, 0x0000000385400000|  0%| F|  |TAMS 0x0000000385000000, 0x0000000385000000| Untracked 
|3093|0x0000000385400000, 0x0000000385400000, 0x0000000385800000|  0%| F|  |TAMS 0x0000000385400000, 0x0000000385400000| Untracked 
|3094|0x0000000385800000, 0x0000000385800000, 0x0000000385c00000|  0%| F|  |TAMS 0x0000000385800000, 0x0000000385800000| Untracked 
|3095|0x0000000385c00000, 0x0000000385c00000, 0x0000000386000000|  0%| F|  |TAMS 0x0000000385c00000, 0x0000000385c00000| Untracked 
|3096|0x0000000386000000, 0x0000000386000000, 0x0000000386400000|  0%| F|  |TAMS 0x0000000386000000, 0x0000000386000000| Untracked 
|3097|0x0000000386400000, 0x0000000386400000, 0x0000000386800000|  0%| F|  |TAMS 0x0000000386400000, 0x0000000386400000| Untracked 
|3098|0x0000000386800000, 0x0000000386800000, 0x0000000386c00000|  0%| F|  |TAMS 0x0000000386800000, 0x0000000386800000| Untracked 
|3099|0x0000000386c00000, 0x0000000386c00000, 0x0000000387000000|  0%| F|  |TAMS 0x0000000386c00000, 0x0000000386c00000| Untracked 
|3100|0x0000000387000000, 0x0000000387000000, 0x0000000387400000|  0%| F|  |TAMS 0x0000000387000000, 0x0000000387000000| Untracked 
|3101|0x0000000387400000, 0x0000000387400000, 0x0000000387800000|  0%| F|  |TAMS 0x0000000387400000, 0x0000000387400000| Untracked 
|3102|0x0000000387800000, 0x0000000387800000, 0x0000000387c00000|  0%| F|  |TAMS 0x0000000387800000, 0x0000000387800000| Untracked 
|3103|0x0000000387c00000, 0x0000000387c00000, 0x0000000388000000|  0%| F|  |TAMS 0x0000000387c00000, 0x0000000387c00000| Untracked 
|3104|0x0000000388000000, 0x0000000388000000, 0x0000000388400000|  0%| F|  |TAMS 0x0000000388000000, 0x0000000388000000| Untracked 
|3105|0x0000000388400000, 0x0000000388400000, 0x0000000388800000|  0%| F|  |TAMS 0x0000000388400000, 0x0000000388400000| Untracked 
|3106|0x0000000388800000, 0x0000000388800000, 0x0000000388c00000|  0%| F|  |TAMS 0x0000000388800000, 0x0000000388800000| Untracked 
|3107|0x0000000388c00000, 0x0000000388c00000, 0x0000000389000000|  0%| F|  |TAMS 0x0000000388c00000, 0x0000000388c00000| Untracked 
|3108|0x0000000389000000, 0x0000000389000000, 0x0000000389400000|  0%| F|  |TAMS 0x0000000389000000, 0x0000000389000000| Untracked 
|3109|0x0000000389400000, 0x0000000389400000, 0x0000000389800000|  0%| F|  |TAMS 0x0000000389400000, 0x0000000389400000| Untracked 
|3110|0x0000000389800000, 0x0000000389800000, 0x0000000389c00000|  0%| F|  |TAMS 0x0000000389800000, 0x0000000389800000| Untracked 
|3111|0x0000000389c00000, 0x0000000389c00000, 0x000000038a000000|  0%| F|  |TAMS 0x0000000389c00000, 0x0000000389c00000| Untracked 
|3112|0x000000038a000000, 0x000000038a000000, 0x000000038a400000|  0%| F|  |TAMS 0x000000038a000000, 0x000000038a000000| Untracked 
|3113|0x000000038a400000, 0x000000038a400000, 0x000000038a800000|  0%| F|  |TAMS 0x000000038a400000, 0x000000038a400000| Untracked 
|3114|0x000000038a800000, 0x000000038a800000, 0x000000038ac00000|  0%| F|  |TAMS 0x000000038a800000, 0x000000038a800000| Untracked 
|3115|0x000000038ac00000, 0x000000038ac00000, 0x000000038b000000|  0%| F|  |TAMS 0x000000038ac00000, 0x000000038ac00000| Untracked 
|3116|0x000000038b000000, 0x000000038b000000, 0x000000038b400000|  0%| F|  |TAMS 0x000000038b000000, 0x000000038b000000| Untracked 
|3117|0x000000038b400000, 0x000000038b400000, 0x000000038b800000|  0%| F|  |TAMS 0x000000038b400000, 0x000000038b400000| Untracked 
|3118|0x000000038b800000, 0x000000038b800000, 0x000000038bc00000|  0%| F|  |TAMS 0x000000038b800000, 0x000000038b800000| Untracked 
|3119|0x000000038bc00000, 0x000000038bc00000, 0x000000038c000000|  0%| F|  |TAMS 0x000000038bc00000, 0x000000038bc00000| Untracked 
|3120|0x000000038c000000, 0x000000038c000000, 0x000000038c400000|  0%| F|  |TAMS 0x000000038c000000, 0x000000038c000000| Untracked 
|3121|0x000000038c400000, 0x000000038c400000, 0x000000038c800000|  0%| F|  |TAMS 0x000000038c400000, 0x000000038c400000| Untracked 
|3122|0x000000038c800000, 0x000000038c800000, 0x000000038cc00000|  0%| F|  |TAMS 0x000000038c800000, 0x000000038c800000| Untracked 
|3123|0x000000038cc00000, 0x000000038cc00000, 0x000000038d000000|  0%| F|  |TAMS 0x000000038cc00000, 0x000000038cc00000| Untracked 
|3124|0x000000038d000000, 0x000000038d000000, 0x000000038d400000|  0%| F|  |TAMS 0x000000038d000000, 0x000000038d000000| Untracked 
|3125|0x000000038d400000, 0x000000038d400000, 0x000000038d800000|  0%| F|  |TAMS 0x000000038d400000, 0x000000038d400000| Untracked 
|3126|0x000000038d800000, 0x000000038d800000, 0x000000038dc00000|  0%| F|  |TAMS 0x000000038d800000, 0x000000038d800000| Untracked 
|3127|0x000000038dc00000, 0x000000038dc00000, 0x000000038e000000|  0%| F|  |TAMS 0x000000038dc00000, 0x000000038dc00000| Untracked 
|3128|0x000000038e000000, 0x000000038e000000, 0x000000038e400000|  0%| F|  |TAMS 0x000000038e000000, 0x000000038e000000| Untracked 
|3129|0x000000038e400000, 0x000000038e400000, 0x000000038e800000|  0%| F|  |TAMS 0x000000038e400000, 0x000000038e400000| Untracked 
|3130|0x000000038e800000, 0x000000038e800000, 0x000000038ec00000|  0%| F|  |TAMS 0x000000038e800000, 0x000000038e800000| Untracked 
|3131|0x000000038ec00000, 0x000000038ec00000, 0x000000038f000000|  0%| F|  |TAMS 0x000000038ec00000, 0x000000038ec00000| Untracked 
|3132|0x000000038f000000, 0x000000038f000000, 0x000000038f400000|  0%| F|  |TAMS 0x000000038f000000, 0x000000038f000000| Untracked 
|3133|0x000000038f400000, 0x000000038f400000, 0x000000038f800000|  0%| F|  |TAMS 0x000000038f400000, 0x000000038f400000| Untracked 
|3134|0x000000038f800000, 0x000000038f800000, 0x000000038fc00000|  0%| F|  |TAMS 0x000000038f800000, 0x000000038f800000| Untracked 
|3135|0x000000038fc00000, 0x000000038fc00000, 0x0000000390000000|  0%| F|  |TAMS 0x000000038fc00000, 0x000000038fc00000| Untracked 
|3136|0x0000000390000000, 0x0000000390000000, 0x0000000390400000|  0%| F|  |TAMS 0x0000000390000000, 0x0000000390000000| Untracked 
|3137|0x0000000390400000, 0x0000000390400000, 0x0000000390800000|  0%| F|  |TAMS 0x0000000390400000, 0x0000000390400000| Untracked 
|3138|0x0000000390800000, 0x0000000390800000, 0x0000000390c00000|  0%| F|  |TAMS 0x0000000390800000, 0x0000000390800000| Untracked 
|3139|0x0000000390c00000, 0x0000000390c00000, 0x0000000391000000|  0%| F|  |TAMS 0x0000000390c00000, 0x0000000390c00000| Untracked 
|3140|0x0000000391000000, 0x0000000391000000, 0x0000000391400000|  0%| F|  |TAMS 0x0000000391000000, 0x0000000391000000| Untracked 
|3141|0x0000000391400000, 0x0000000391400000, 0x0000000391800000|  0%| F|  |TAMS 0x0000000391400000, 0x0000000391400000| Untracked 
|3142|0x0000000391800000, 0x0000000391800000, 0x0000000391c00000|  0%| F|  |TAMS 0x0000000391800000, 0x0000000391800000| Untracked 
|3143|0x0000000391c00000, 0x0000000391c00000, 0x0000000392000000|  0%| F|  |TAMS 0x0000000391c00000, 0x0000000391c00000| Untracked 
|3144|0x0000000392000000, 0x0000000392000000, 0x0000000392400000|  0%| F|  |TAMS 0x0000000392000000, 0x0000000392000000| Untracked 
|3145|0x0000000392400000, 0x0000000392400000, 0x0000000392800000|  0%| F|  |TAMS 0x0000000392400000, 0x0000000392400000| Untracked 
|3146|0x0000000392800000, 0x0000000392800000, 0x0000000392c00000|  0%| F|  |TAMS 0x0000000392800000, 0x0000000392800000| Untracked 
|3147|0x0000000392c00000, 0x0000000392c00000, 0x0000000393000000|  0%| F|  |TAMS 0x0000000392c00000, 0x0000000392c00000| Untracked 
|3148|0x0000000393000000, 0x0000000393000000, 0x0000000393400000|  0%| F|  |TAMS 0x0000000393000000, 0x0000000393000000| Untracked 
|3149|0x0000000393400000, 0x0000000393400000, 0x0000000393800000|  0%| F|  |TAMS 0x0000000393400000, 0x0000000393400000| Untracked 
|3150|0x0000000393800000, 0x0000000393800000, 0x0000000393c00000|  0%| F|  |TAMS 0x0000000393800000, 0x0000000393800000| Untracked 
|3151|0x0000000393c00000, 0x0000000393c00000, 0x0000000394000000|  0%| F|  |TAMS 0x0000000393c00000, 0x0000000393c00000| Untracked 
|3152|0x0000000394000000, 0x0000000394000000, 0x0000000394400000|  0%| F|  |TAMS 0x0000000394000000, 0x0000000394000000| Untracked 
|3153|0x0000000394400000, 0x0000000394400000, 0x0000000394800000|  0%| F|  |TAMS 0x0000000394400000, 0x0000000394400000| Untracked 
|3154|0x0000000394800000, 0x0000000394800000, 0x0000000394c00000|  0%| F|  |TAMS 0x0000000394800000, 0x0000000394800000| Untracked 
|3155|0x0000000394c00000, 0x0000000394c00000, 0x0000000395000000|  0%| F|  |TAMS 0x0000000394c00000, 0x0000000394c00000| Untracked 
|3156|0x0000000395000000, 0x0000000395000000, 0x0000000395400000|  0%| F|  |TAMS 0x0000000395000000, 0x0000000395000000| Untracked 
|3157|0x0000000395400000, 0x0000000395400000, 0x0000000395800000|  0%| F|  |TAMS 0x0000000395400000, 0x0000000395400000| Untracked 
|3158|0x0000000395800000, 0x0000000395800000, 0x0000000395c00000|  0%| F|  |TAMS 0x0000000395800000, 0x0000000395800000| Untracked 
|3159|0x0000000395c00000, 0x0000000395c00000, 0x0000000396000000|  0%| F|  |TAMS 0x0000000395c00000, 0x0000000395c00000| Untracked 
|3160|0x0000000396000000, 0x0000000396000000, 0x0000000396400000|  0%| F|  |TAMS 0x0000000396000000, 0x0000000396000000| Untracked 
|3161|0x0000000396400000, 0x0000000396400000, 0x0000000396800000|  0%| F|  |TAMS 0x0000000396400000, 0x0000000396400000| Untracked 
|3162|0x0000000396800000, 0x0000000396800000, 0x0000000396c00000|  0%| F|  |TAMS 0x0000000396800000, 0x0000000396800000| Untracked 
|3163|0x0000000396c00000, 0x0000000396c00000, 0x0000000397000000|  0%| F|  |TAMS 0x0000000396c00000, 0x0000000396c00000| Untracked 
|3164|0x0000000397000000, 0x0000000397000000, 0x0000000397400000|  0%| F|  |TAMS 0x0000000397000000, 0x0000000397000000| Untracked 
|3165|0x0000000397400000, 0x0000000397400000, 0x0000000397800000|  0%| F|  |TAMS 0x0000000397400000, 0x0000000397400000| Untracked 
|3166|0x0000000397800000, 0x0000000397800000, 0x0000000397c00000|  0%| F|  |TAMS 0x0000000397800000, 0x0000000397800000| Untracked 
|3167|0x0000000397c00000, 0x0000000397c00000, 0x0000000398000000|  0%| F|  |TAMS 0x0000000397c00000, 0x0000000397c00000| Untracked 
|3168|0x0000000398000000, 0x0000000398000000, 0x0000000398400000|  0%| F|  |TAMS 0x0000000398000000, 0x0000000398000000| Untracked 
|3169|0x0000000398400000, 0x0000000398400000, 0x0000000398800000|  0%| F|  |TAMS 0x0000000398400000, 0x0000000398400000| Untracked 
|3170|0x0000000398800000, 0x0000000398800000, 0x0000000398c00000|  0%| F|  |TAMS 0x0000000398800000, 0x0000000398800000| Untracked 
|3171|0x0000000398c00000, 0x0000000398c00000, 0x0000000399000000|  0%| F|  |TAMS 0x0000000398c00000, 0x0000000398c00000| Untracked 
|3172|0x0000000399000000, 0x0000000399000000, 0x0000000399400000|  0%| F|  |TAMS 0x0000000399000000, 0x0000000399000000| Untracked 
|3173|0x0000000399400000, 0x0000000399400000, 0x0000000399800000|  0%| F|  |TAMS 0x0000000399400000, 0x0000000399400000| Untracked 
|3174|0x0000000399800000, 0x0000000399800000, 0x0000000399c00000|  0%| F|  |TAMS 0x0000000399800000, 0x0000000399800000| Untracked 
|3175|0x0000000399c00000, 0x0000000399c00000, 0x000000039a000000|  0%| F|  |TAMS 0x0000000399c00000, 0x0000000399c00000| Untracked 
|3176|0x000000039a000000, 0x000000039a000000, 0x000000039a400000|  0%| F|  |TAMS 0x000000039a000000, 0x000000039a000000| Untracked 
|3177|0x000000039a400000, 0x000000039a400000, 0x000000039a800000|  0%| F|  |TAMS 0x000000039a400000, 0x000000039a400000| Untracked 
|3178|0x000000039a800000, 0x000000039a800000, 0x000000039ac00000|  0%| F|  |TAMS 0x000000039a800000, 0x000000039a800000| Untracked 
|3179|0x000000039ac00000, 0x000000039ac00000, 0x000000039b000000|  0%| F|  |TAMS 0x000000039ac00000, 0x000000039ac00000| Untracked 
|3180|0x000000039b000000, 0x000000039b000000, 0x000000039b400000|  0%| F|  |TAMS 0x000000039b000000, 0x000000039b000000| Untracked 
|3181|0x000000039b400000, 0x000000039b400000, 0x000000039b800000|  0%| F|  |TAMS 0x000000039b400000, 0x000000039b400000| Untracked 
|3182|0x000000039b800000, 0x000000039b800000, 0x000000039bc00000|  0%| F|  |TAMS 0x000000039b800000, 0x000000039b800000| Untracked 
|3183|0x000000039bc00000, 0x000000039bc00000, 0x000000039c000000|  0%| F|  |TAMS 0x000000039bc00000, 0x000000039bc00000| Untracked 
|3184|0x000000039c000000, 0x000000039c000000, 0x000000039c400000|  0%| F|  |TAMS 0x000000039c000000, 0x000000039c000000| Untracked 
|3185|0x000000039c400000, 0x000000039c400000, 0x000000039c800000|  0%| F|  |TAMS 0x000000039c400000, 0x000000039c400000| Untracked 
|3186|0x000000039c800000, 0x000000039c800000, 0x000000039cc00000|  0%| F|  |TAMS 0x000000039c800000, 0x000000039c800000| Untracked 
|3187|0x000000039cc00000, 0x000000039cc00000, 0x000000039d000000|  0%| F|  |TAMS 0x000000039cc00000, 0x000000039cc00000| Untracked 
|3188|0x000000039d000000, 0x000000039d000000, 0x000000039d400000|  0%| F|  |TAMS 0x000000039d000000, 0x000000039d000000| Untracked 
|3189|0x000000039d400000, 0x000000039d400000, 0x000000039d800000|  0%| F|  |TAMS 0x000000039d400000, 0x000000039d400000| Untracked 
|3190|0x000000039d800000, 0x000000039d800000, 0x000000039dc00000|  0%| F|  |TAMS 0x000000039d800000, 0x000000039d800000| Untracked 
|3191|0x000000039dc00000, 0x000000039dc00000, 0x000000039e000000|  0%| F|  |TAMS 0x000000039dc00000, 0x000000039dc00000| Untracked 
|3192|0x000000039e000000, 0x000000039e000000, 0x000000039e400000|  0%| F|  |TAMS 0x000000039e000000, 0x000000039e000000| Untracked 
|3193|0x000000039e400000, 0x000000039e400000, 0x000000039e800000|  0%| F|  |TAMS 0x000000039e400000, 0x000000039e400000| Untracked 
|3194|0x000000039e800000, 0x000000039e800000, 0x000000039ec00000|  0%| F|  |TAMS 0x000000039e800000, 0x000000039e800000| Untracked 
|3195|0x000000039ec00000, 0x000000039ec00000, 0x000000039f000000|  0%| F|  |TAMS 0x000000039ec00000, 0x000000039ec00000| Untracked 
|3196|0x000000039f000000, 0x000000039f000000, 0x000000039f400000|  0%| F|  |TAMS 0x000000039f000000, 0x000000039f000000| Untracked 
|3197|0x000000039f400000, 0x000000039f400000, 0x000000039f800000|  0%| F|  |TAMS 0x000000039f400000, 0x000000039f400000| Untracked 
|3198|0x000000039f800000, 0x000000039f800000, 0x000000039fc00000|  0%| F|  |TAMS 0x000000039f800000, 0x000000039f800000| Untracked 
|3199|0x000000039fc00000, 0x000000039fc00000, 0x00000003a0000000|  0%| F|  |TAMS 0x000000039fc00000, 0x000000039fc00000| Untracked 
|3200|0x00000003a0000000, 0x00000003a0000000, 0x00000003a0400000|  0%| F|  |TAMS 0x00000003a0000000, 0x00000003a0000000| Untracked 
|3201|0x00000003a0400000, 0x00000003a0400000, 0x00000003a0800000|  0%| F|  |TAMS 0x00000003a0400000, 0x00000003a0400000| Untracked 
|3202|0x00000003a0800000, 0x00000003a0800000, 0x00000003a0c00000|  0%| F|  |TAMS 0x00000003a0800000, 0x00000003a0800000| Untracked 
|3203|0x00000003a0c00000, 0x00000003a0c00000, 0x00000003a1000000|  0%| F|  |TAMS 0x00000003a0c00000, 0x00000003a0c00000| Untracked 
|3204|0x00000003a1000000, 0x00000003a1000000, 0x00000003a1400000|  0%| F|  |TAMS 0x00000003a1000000, 0x00000003a1000000| Untracked 
|3205|0x00000003a1400000, 0x00000003a1400000, 0x00000003a1800000|  0%| F|  |TAMS 0x00000003a1400000, 0x00000003a1400000| Untracked 
|3206|0x00000003a1800000, 0x00000003a1800000, 0x00000003a1c00000|  0%| F|  |TAMS 0x00000003a1800000, 0x00000003a1800000| Untracked 
|3207|0x00000003a1c00000, 0x00000003a1c00000, 0x00000003a2000000|  0%| F|  |TAMS 0x00000003a1c00000, 0x00000003a1c00000| Untracked 
|3208|0x00000003a2000000, 0x00000003a2000000, 0x00000003a2400000|  0%| F|  |TAMS 0x00000003a2000000, 0x00000003a2000000| Untracked 
|3209|0x00000003a2400000, 0x00000003a2400000, 0x00000003a2800000|  0%| F|  |TAMS 0x00000003a2400000, 0x00000003a2400000| Untracked 
|3210|0x00000003a2800000, 0x00000003a2800000, 0x00000003a2c00000|  0%| F|  |TAMS 0x00000003a2800000, 0x00000003a2800000| Untracked 
|3211|0x00000003a2c00000, 0x00000003a2c00000, 0x00000003a3000000|  0%| F|  |TAMS 0x00000003a2c00000, 0x00000003a2c00000| Untracked 
|3212|0x00000003a3000000, 0x00000003a3000000, 0x00000003a3400000|  0%| F|  |TAMS 0x00000003a3000000, 0x00000003a3000000| Untracked 
|3213|0x00000003a3400000, 0x00000003a3400000, 0x00000003a3800000|  0%| F|  |TAMS 0x00000003a3400000, 0x00000003a3400000| Untracked 
|3214|0x00000003a3800000, 0x00000003a3800000, 0x00000003a3c00000|  0%| F|  |TAMS 0x00000003a3800000, 0x00000003a3800000| Untracked 
|3215|0x00000003a3c00000, 0x00000003a3c00000, 0x00000003a4000000|  0%| F|  |TAMS 0x00000003a3c00000, 0x00000003a3c00000| Untracked 
|3216|0x00000003a4000000, 0x00000003a4000000, 0x00000003a4400000|  0%| F|  |TAMS 0x00000003a4000000, 0x00000003a4000000| Untracked 
|3217|0x00000003a4400000, 0x00000003a4400000, 0x00000003a4800000|  0%| F|  |TAMS 0x00000003a4400000, 0x00000003a4400000| Untracked 
|3218|0x00000003a4800000, 0x00000003a4800000, 0x00000003a4c00000|  0%| F|  |TAMS 0x00000003a4800000, 0x00000003a4800000| Untracked 
|3219|0x00000003a4c00000, 0x00000003a4c00000, 0x00000003a5000000|  0%| F|  |TAMS 0x00000003a4c00000, 0x00000003a4c00000| Untracked 
|3220|0x00000003a5000000, 0x00000003a5000000, 0x00000003a5400000|  0%| F|  |TAMS 0x00000003a5000000, 0x00000003a5000000| Untracked 
|3221|0x00000003a5400000, 0x00000003a5400000, 0x00000003a5800000|  0%| F|  |TAMS 0x00000003a5400000, 0x00000003a5400000| Untracked 
|3222|0x00000003a5800000, 0x00000003a5800000, 0x00000003a5c00000|  0%| F|  |TAMS 0x00000003a5800000, 0x00000003a5800000| Untracked 
|3223|0x00000003a5c00000, 0x00000003a5c00000, 0x00000003a6000000|  0%| F|  |TAMS 0x00000003a5c00000, 0x00000003a5c00000| Untracked 
|3224|0x00000003a6000000, 0x00000003a6000000, 0x00000003a6400000|  0%| F|  |TAMS 0x00000003a6000000, 0x00000003a6000000| Untracked 
|3225|0x00000003a6400000, 0x00000003a6400000, 0x00000003a6800000|  0%| F|  |TAMS 0x00000003a6400000, 0x00000003a6400000| Untracked 
|3226|0x00000003a6800000, 0x00000003a6800000, 0x00000003a6c00000|  0%| F|  |TAMS 0x00000003a6800000, 0x00000003a6800000| Untracked 
|3227|0x00000003a6c00000, 0x00000003a6c00000, 0x00000003a7000000|  0%| F|  |TAMS 0x00000003a6c00000, 0x00000003a6c00000| Untracked 
|3228|0x00000003a7000000, 0x00000003a7000000, 0x00000003a7400000|  0%| F|  |TAMS 0x00000003a7000000, 0x00000003a7000000| Untracked 
|3229|0x00000003a7400000, 0x00000003a7400000, 0x00000003a7800000|  0%| F|  |TAMS 0x00000003a7400000, 0x00000003a7400000| Untracked 
|3230|0x00000003a7800000, 0x00000003a7800000, 0x00000003a7c00000|  0%| F|  |TAMS 0x00000003a7800000, 0x00000003a7800000| Untracked 
|3231|0x00000003a7c00000, 0x00000003a7c00000, 0x00000003a8000000|  0%| F|  |TAMS 0x00000003a7c00000, 0x00000003a7c00000| Untracked 
|3232|0x00000003a8000000, 0x00000003a8000000, 0x00000003a8400000|  0%| F|  |TAMS 0x00000003a8000000, 0x00000003a8000000| Untracked 
|3233|0x00000003a8400000, 0x00000003a8400000, 0x00000003a8800000|  0%| F|  |TAMS 0x00000003a8400000, 0x00000003a8400000| Untracked 
|3234|0x00000003a8800000, 0x00000003a8800000, 0x00000003a8c00000|  0%| F|  |TAMS 0x00000003a8800000, 0x00000003a8800000| Untracked 
|3235|0x00000003a8c00000, 0x00000003a8c00000, 0x00000003a9000000|  0%| F|  |TAMS 0x00000003a8c00000, 0x00000003a8c00000| Untracked 
|3236|0x00000003a9000000, 0x00000003a9000000, 0x00000003a9400000|  0%| F|  |TAMS 0x00000003a9000000, 0x00000003a9000000| Untracked 
|3237|0x00000003a9400000, 0x00000003a9400000, 0x00000003a9800000|  0%| F|  |TAMS 0x00000003a9400000, 0x00000003a9400000| Untracked 
|3238|0x00000003a9800000, 0x00000003a9800000, 0x00000003a9c00000|  0%| F|  |TAMS 0x00000003a9800000, 0x00000003a9800000| Untracked 
|3239|0x00000003a9c00000, 0x00000003a9c00000, 0x00000003aa000000|  0%| F|  |TAMS 0x00000003a9c00000, 0x00000003a9c00000| Untracked 
|3240|0x00000003aa000000, 0x00000003aa000000, 0x00000003aa400000|  0%| F|  |TAMS 0x00000003aa000000, 0x00000003aa000000| Untracked 
|3241|0x00000003aa400000, 0x00000003aa400000, 0x00000003aa800000|  0%| F|  |TAMS 0x00000003aa400000, 0x00000003aa400000| Untracked 
|3242|0x00000003aa800000, 0x00000003aa800000, 0x00000003aac00000|  0%| F|  |TAMS 0x00000003aa800000, 0x00000003aa800000| Untracked 
|3243|0x00000003aac00000, 0x00000003aac00000, 0x00000003ab000000|  0%| F|  |TAMS 0x00000003aac00000, 0x00000003aac00000| Untracked 
|3244|0x00000003ab000000, 0x00000003ab000000, 0x00000003ab400000|  0%| F|  |TAMS 0x00000003ab000000, 0x00000003ab000000| Untracked 
|3245|0x00000003ab400000, 0x00000003ab400000, 0x00000003ab800000|  0%| F|  |TAMS 0x00000003ab400000, 0x00000003ab400000| Untracked 
|3246|0x00000003ab800000, 0x00000003ab800000, 0x00000003abc00000|  0%| F|  |TAMS 0x00000003ab800000, 0x00000003ab800000| Untracked 
|3247|0x00000003abc00000, 0x00000003abc00000, 0x00000003ac000000|  0%| F|  |TAMS 0x00000003abc00000, 0x00000003abc00000| Untracked 
|3248|0x00000003ac000000, 0x00000003ac000000, 0x00000003ac400000|  0%| F|  |TAMS 0x00000003ac000000, 0x00000003ac000000| Untracked 
|3249|0x00000003ac400000, 0x00000003ac400000, 0x00000003ac800000|  0%| F|  |TAMS 0x00000003ac400000, 0x00000003ac400000| Untracked 
|3250|0x00000003ac800000, 0x00000003ac800000, 0x00000003acc00000|  0%| F|  |TAMS 0x00000003ac800000, 0x00000003ac800000| Untracked 
|3251|0x00000003acc00000, 0x00000003acc00000, 0x00000003ad000000|  0%| F|  |TAMS 0x00000003acc00000, 0x00000003acc00000| Untracked 
|3252|0x00000003ad000000, 0x00000003ad000000, 0x00000003ad400000|  0%| F|  |TAMS 0x00000003ad000000, 0x00000003ad000000| Untracked 
|3253|0x00000003ad400000, 0x00000003ad400000, 0x00000003ad800000|  0%| F|  |TAMS 0x00000003ad400000, 0x00000003ad400000| Untracked 
|3254|0x00000003ad800000, 0x00000003ad800000, 0x00000003adc00000|  0%| F|  |TAMS 0x00000003ad800000, 0x00000003ad800000| Untracked 
|3255|0x00000003adc00000, 0x00000003adc00000, 0x00000003ae000000|  0%| F|  |TAMS 0x00000003adc00000, 0x00000003adc00000| Untracked 
|3256|0x00000003ae000000, 0x00000003ae000000, 0x00000003ae400000|  0%| F|  |TAMS 0x00000003ae000000, 0x00000003ae000000| Untracked 
|3257|0x00000003ae400000, 0x00000003ae400000, 0x00000003ae800000|  0%| F|  |TAMS 0x00000003ae400000, 0x00000003ae400000| Untracked 
|3258|0x00000003ae800000, 0x00000003ae800000, 0x00000003aec00000|  0%| F|  |TAMS 0x00000003ae800000, 0x00000003ae800000| Untracked 
|3259|0x00000003aec00000, 0x00000003aec00000, 0x00000003af000000|  0%| F|  |TAMS 0x00000003aec00000, 0x00000003aec00000| Untracked 
|3260|0x00000003af000000, 0x00000003af000000, 0x00000003af400000|  0%| F|  |TAMS 0x00000003af000000, 0x00000003af000000| Untracked 
|3261|0x00000003af400000, 0x00000003af400000, 0x00000003af800000|  0%| F|  |TAMS 0x00000003af400000, 0x00000003af400000| Untracked 
|3262|0x00000003af800000, 0x00000003af800000, 0x00000003afc00000|  0%| F|  |TAMS 0x00000003af800000, 0x00000003af800000| Untracked 
|3263|0x00000003afc00000, 0x00000003afc00000, 0x00000003b0000000|  0%| F|  |TAMS 0x00000003afc00000, 0x00000003afc00000| Untracked 
|3264|0x00000003b0000000, 0x00000003b0000000, 0x00000003b0400000|  0%| F|  |TAMS 0x00000003b0000000, 0x00000003b0000000| Untracked 
|3265|0x00000003b0400000, 0x00000003b0400000, 0x00000003b0800000|  0%| F|  |TAMS 0x00000003b0400000, 0x00000003b0400000| Untracked 
|3266|0x00000003b0800000, 0x00000003b0800000, 0x00000003b0c00000|  0%| F|  |TAMS 0x00000003b0800000, 0x00000003b0800000| Untracked 
|3267|0x00000003b0c00000, 0x00000003b0c00000, 0x00000003b1000000|  0%| F|  |TAMS 0x00000003b0c00000, 0x00000003b0c00000| Untracked 
|3268|0x00000003b1000000, 0x00000003b1000000, 0x00000003b1400000|  0%| F|  |TAMS 0x00000003b1000000, 0x00000003b1000000| Untracked 
|3269|0x00000003b1400000, 0x00000003b1400000, 0x00000003b1800000|  0%| F|  |TAMS 0x00000003b1400000, 0x00000003b1400000| Untracked 
|3270|0x00000003b1800000, 0x00000003b1800000, 0x00000003b1c00000|  0%| F|  |TAMS 0x00000003b1800000, 0x00000003b1800000| Untracked 
|3271|0x00000003b1c00000, 0x00000003b1c00000, 0x00000003b2000000|  0%| F|  |TAMS 0x00000003b1c00000, 0x00000003b1c00000| Untracked 
|3272|0x00000003b2000000, 0x00000003b2000000, 0x00000003b2400000|  0%| F|  |TAMS 0x00000003b2000000, 0x00000003b2000000| Untracked 
|3273|0x00000003b2400000, 0x00000003b2400000, 0x00000003b2800000|  0%| F|  |TAMS 0x00000003b2400000, 0x00000003b2400000| Untracked 
|3274|0x00000003b2800000, 0x00000003b2800000, 0x00000003b2c00000|  0%| F|  |TAMS 0x00000003b2800000, 0x00000003b2800000| Untracked 
|3275|0x00000003b2c00000, 0x00000003b2c00000, 0x00000003b3000000|  0%| F|  |TAMS 0x00000003b2c00000, 0x00000003b2c00000| Untracked 
|3276|0x00000003b3000000, 0x00000003b3000000, 0x00000003b3400000|  0%| F|  |TAMS 0x00000003b3000000, 0x00000003b3000000| Untracked 
|3277|0x00000003b3400000, 0x00000003b3400000, 0x00000003b3800000|  0%| F|  |TAMS 0x00000003b3400000, 0x00000003b3400000| Untracked 
|3278|0x00000003b3800000, 0x00000003b3800000, 0x00000003b3c00000|  0%| F|  |TAMS 0x00000003b3800000, 0x00000003b3800000| Untracked 
|3279|0x00000003b3c00000, 0x00000003b3c00000, 0x00000003b4000000|  0%| F|  |TAMS 0x00000003b3c00000, 0x00000003b3c00000| Untracked 
|3280|0x00000003b4000000, 0x00000003b4000000, 0x00000003b4400000|  0%| F|  |TAMS 0x00000003b4000000, 0x00000003b4000000| Untracked 
|3281|0x00000003b4400000, 0x00000003b4400000, 0x00000003b4800000|  0%| F|  |TAMS 0x00000003b4400000, 0x00000003b4400000| Untracked 
|3282|0x00000003b4800000, 0x00000003b4800000, 0x00000003b4c00000|  0%| F|  |TAMS 0x00000003b4800000, 0x00000003b4800000| Untracked 
|3283|0x00000003b4c00000, 0x00000003b4c00000, 0x00000003b5000000|  0%| F|  |TAMS 0x00000003b4c00000, 0x00000003b4c00000| Untracked 
|3284|0x00000003b5000000, 0x00000003b5000000, 0x00000003b5400000|  0%| F|  |TAMS 0x00000003b5000000, 0x00000003b5000000| Untracked 
|3285|0x00000003b5400000, 0x00000003b5400000, 0x00000003b5800000|  0%| F|  |TAMS 0x00000003b5400000, 0x00000003b5400000| Untracked 
|3286|0x00000003b5800000, 0x00000003b5800000, 0x00000003b5c00000|  0%| F|  |TAMS 0x00000003b5800000, 0x00000003b5800000| Untracked 
|3287|0x00000003b5c00000, 0x00000003b5c00000, 0x00000003b6000000|  0%| F|  |TAMS 0x00000003b5c00000, 0x00000003b5c00000| Untracked 
|3288|0x00000003b6000000, 0x00000003b6000000, 0x00000003b6400000|  0%| F|  |TAMS 0x00000003b6000000, 0x00000003b6000000| Untracked 
|3289|0x00000003b6400000, 0x00000003b6400000, 0x00000003b6800000|  0%| F|  |TAMS 0x00000003b6400000, 0x00000003b6400000| Untracked 
|3290|0x00000003b6800000, 0x00000003b6800000, 0x00000003b6c00000|  0%| F|  |TAMS 0x00000003b6800000, 0x00000003b6800000| Untracked 
|3291|0x00000003b6c00000, 0x00000003b6c00000, 0x00000003b7000000|  0%| F|  |TAMS 0x00000003b6c00000, 0x00000003b6c00000| Untracked 
|3292|0x00000003b7000000, 0x00000003b7000000, 0x00000003b7400000|  0%| F|  |TAMS 0x00000003b7000000, 0x00000003b7000000| Untracked 
|3293|0x00000003b7400000, 0x00000003b7400000, 0x00000003b7800000|  0%| F|  |TAMS 0x00000003b7400000, 0x00000003b7400000| Untracked 
|3294|0x00000003b7800000, 0x00000003b7800000, 0x00000003b7c00000|  0%| F|  |TAMS 0x00000003b7800000, 0x00000003b7800000| Untracked 
|3295|0x00000003b7c00000, 0x00000003b7c00000, 0x00000003b8000000|  0%| F|  |TAMS 0x00000003b7c00000, 0x00000003b7c00000| Untracked 
|3296|0x00000003b8000000, 0x00000003b8000000, 0x00000003b8400000|  0%| F|  |TAMS 0x00000003b8000000, 0x00000003b8000000| Untracked 
|3297|0x00000003b8400000, 0x00000003b8400000, 0x00000003b8800000|  0%| F|  |TAMS 0x00000003b8400000, 0x00000003b8400000| Untracked 
|3298|0x00000003b8800000, 0x00000003b8800000, 0x00000003b8c00000|  0%| F|  |TAMS 0x00000003b8800000, 0x00000003b8800000| Untracked 
|3299|0x00000003b8c00000, 0x00000003b8c00000, 0x00000003b9000000|  0%| F|  |TAMS 0x00000003b8c00000, 0x00000003b8c00000| Untracked 
|3300|0x00000003b9000000, 0x00000003b9000000, 0x00000003b9400000|  0%| F|  |TAMS 0x00000003b9000000, 0x00000003b9000000| Untracked 
|3301|0x00000003b9400000, 0x00000003b9400000, 0x00000003b9800000|  0%| F|  |TAMS 0x00000003b9400000, 0x00000003b9400000| Untracked 
|3302|0x00000003b9800000, 0x00000003b9800000, 0x00000003b9c00000|  0%| F|  |TAMS 0x00000003b9800000, 0x00000003b9800000| Untracked 
|3303|0x00000003b9c00000, 0x00000003b9c00000, 0x00000003ba000000|  0%| F|  |TAMS 0x00000003b9c00000, 0x00000003b9c00000| Untracked 
|3304|0x00000003ba000000, 0x00000003ba000000, 0x00000003ba400000|  0%| F|  |TAMS 0x00000003ba000000, 0x00000003ba000000| Untracked 
|3305|0x00000003ba400000, 0x00000003ba400000, 0x00000003ba800000|  0%| F|  |TAMS 0x00000003ba400000, 0x00000003ba400000| Untracked 
|3306|0x00000003ba800000, 0x00000003ba800000, 0x00000003bac00000|  0%| F|  |TAMS 0x00000003ba800000, 0x00000003ba800000| Untracked 
|3307|0x00000003bac00000, 0x00000003bac00000, 0x00000003bb000000|  0%| F|  |TAMS 0x00000003bac00000, 0x00000003bac00000| Untracked 
|3308|0x00000003bb000000, 0x00000003bb000000, 0x00000003bb400000|  0%| F|  |TAMS 0x00000003bb000000, 0x00000003bb000000| Untracked 
|3309|0x00000003bb400000, 0x00000003bb400000, 0x00000003bb800000|  0%| F|  |TAMS 0x00000003bb400000, 0x00000003bb400000| Untracked 
|3310|0x00000003bb800000, 0x00000003bb800000, 0x00000003bbc00000|  0%| F|  |TAMS 0x00000003bb800000, 0x00000003bb800000| Untracked 
|3311|0x00000003bbc00000, 0x00000003bbc00000, 0x00000003bc000000|  0%| F|  |TAMS 0x00000003bbc00000, 0x00000003bbc00000| Untracked 
|3312|0x00000003bc000000, 0x00000003bc000000, 0x00000003bc400000|  0%| F|  |TAMS 0x00000003bc000000, 0x00000003bc000000| Untracked 
|3313|0x00000003bc400000, 0x00000003bc400000, 0x00000003bc800000|  0%| F|  |TAMS 0x00000003bc400000, 0x00000003bc400000| Untracked 
|3314|0x00000003bc800000, 0x00000003bc800000, 0x00000003bcc00000|  0%| F|  |TAMS 0x00000003bc800000, 0x00000003bc800000| Untracked 
|3315|0x00000003bcc00000, 0x00000003bcc00000, 0x00000003bd000000|  0%| F|  |TAMS 0x00000003bcc00000, 0x00000003bcc00000| Untracked 
|3316|0x00000003bd000000, 0x00000003bd000000, 0x00000003bd400000|  0%| F|  |TAMS 0x00000003bd000000, 0x00000003bd000000| Untracked 
|3317|0x00000003bd400000, 0x00000003bd400000, 0x00000003bd800000|  0%| F|  |TAMS 0x00000003bd400000, 0x00000003bd400000| Untracked 
|3318|0x00000003bd800000, 0x00000003bd800000, 0x00000003bdc00000|  0%| F|  |TAMS 0x00000003bd800000, 0x00000003bd800000| Untracked 
|3319|0x00000003bdc00000, 0x00000003bdc00000, 0x00000003be000000|  0%| F|  |TAMS 0x00000003bdc00000, 0x00000003bdc00000| Untracked 
|3320|0x00000003be000000, 0x00000003be000000, 0x00000003be400000|  0%| F|  |TAMS 0x00000003be000000, 0x00000003be000000| Untracked 
|3321|0x00000003be400000, 0x00000003be400000, 0x00000003be800000|  0%| F|  |TAMS 0x00000003be400000, 0x00000003be400000| Untracked 
|3322|0x00000003be800000, 0x00000003be800000, 0x00000003bec00000|  0%| F|  |TAMS 0x00000003be800000, 0x00000003be800000| Untracked 
|3323|0x00000003bec00000, 0x00000003bec00000, 0x00000003bf000000|  0%| F|  |TAMS 0x00000003bec00000, 0x00000003bec00000| Untracked 
|3324|0x00000003bf000000, 0x00000003bf000000, 0x00000003bf400000|  0%| F|  |TAMS 0x00000003bf000000, 0x00000003bf000000| Untracked 
|3325|0x00000003bf400000, 0x00000003bf400000, 0x00000003bf800000|  0%| F|  |TAMS 0x00000003bf400000, 0x00000003bf400000| Untracked 
|3326|0x00000003bf800000, 0x00000003bf800000, 0x00000003bfc00000|  0%| F|  |TAMS 0x00000003bf800000, 0x00000003bf800000| Untracked 
|3327|0x00000003bfc00000, 0x00000003bfc00000, 0x00000003c0000000|  0%| F|  |TAMS 0x00000003bfc00000, 0x00000003bfc00000| Untracked 
|3328|0x00000003c0000000, 0x00000003c0000000, 0x00000003c0400000|  0%| F|  |TAMS 0x00000003c0000000, 0x00000003c0000000| Untracked 
|3329|0x00000003c0400000, 0x00000003c0400000, 0x00000003c0800000|  0%| F|  |TAMS 0x00000003c0400000, 0x00000003c0400000| Untracked 
|3330|0x00000003c0800000, 0x00000003c0800000, 0x00000003c0c00000|  0%| F|  |TAMS 0x00000003c0800000, 0x00000003c0800000| Untracked 
|3331|0x00000003c0c00000, 0x00000003c0c00000, 0x00000003c1000000|  0%| F|  |TAMS 0x00000003c0c00000, 0x00000003c0c00000| Untracked 
|3332|0x00000003c1000000, 0x00000003c1000000, 0x00000003c1400000|  0%| F|  |TAMS 0x00000003c1000000, 0x00000003c1000000| Untracked 
|3333|0x00000003c1400000, 0x00000003c1400000, 0x00000003c1800000|  0%| F|  |TAMS 0x00000003c1400000, 0x00000003c1400000| Untracked 
|3334|0x00000003c1800000, 0x00000003c1800000, 0x00000003c1c00000|  0%| F|  |TAMS 0x00000003c1800000, 0x00000003c1800000| Untracked 
|3335|0x00000003c1c00000, 0x00000003c1c00000, 0x00000003c2000000|  0%| F|  |TAMS 0x00000003c1c00000, 0x00000003c1c00000| Untracked 
|3336|0x00000003c2000000, 0x00000003c2000000, 0x00000003c2400000|  0%| F|  |TAMS 0x00000003c2000000, 0x00000003c2000000| Untracked 
|3337|0x00000003c2400000, 0x00000003c2400000, 0x00000003c2800000|  0%| F|  |TAMS 0x00000003c2400000, 0x00000003c2400000| Untracked 
|3338|0x00000003c2800000, 0x00000003c2800000, 0x00000003c2c00000|  0%| F|  |TAMS 0x00000003c2800000, 0x00000003c2800000| Untracked 
|3339|0x00000003c2c00000, 0x00000003c2c00000, 0x00000003c3000000|  0%| F|  |TAMS 0x00000003c2c00000, 0x00000003c2c00000| Untracked 
|3340|0x00000003c3000000, 0x00000003c3000000, 0x00000003c3400000|  0%| F|  |TAMS 0x00000003c3000000, 0x00000003c3000000| Untracked 
|3341|0x00000003c3400000, 0x00000003c3400000, 0x00000003c3800000|  0%| F|  |TAMS 0x00000003c3400000, 0x00000003c3400000| Untracked 
|3342|0x00000003c3800000, 0x00000003c3800000, 0x00000003c3c00000|  0%| F|  |TAMS 0x00000003c3800000, 0x00000003c3800000| Untracked 
|3343|0x00000003c3c00000, 0x00000003c3c00000, 0x00000003c4000000|  0%| F|  |TAMS 0x00000003c3c00000, 0x00000003c3c00000| Untracked 
|3344|0x00000003c4000000, 0x00000003c4000000, 0x00000003c4400000|  0%| F|  |TAMS 0x00000003c4000000, 0x00000003c4000000| Untracked 
|3345|0x00000003c4400000, 0x00000003c4400000, 0x00000003c4800000|  0%| F|  |TAMS 0x00000003c4400000, 0x00000003c4400000| Untracked 
|3346|0x00000003c4800000, 0x00000003c4800000, 0x00000003c4c00000|  0%| F|  |TAMS 0x00000003c4800000, 0x00000003c4800000| Untracked 
|3347|0x00000003c4c00000, 0x00000003c4c00000, 0x00000003c5000000|  0%| F|  |TAMS 0x00000003c4c00000, 0x00000003c4c00000| Untracked 
|3348|0x00000003c5000000, 0x00000003c5000000, 0x00000003c5400000|  0%| F|  |TAMS 0x00000003c5000000, 0x00000003c5000000| Untracked 
|3349|0x00000003c5400000, 0x00000003c5400000, 0x00000003c5800000|  0%| F|  |TAMS 0x00000003c5400000, 0x00000003c5400000| Untracked 
|3350|0x00000003c5800000, 0x00000003c5800000, 0x00000003c5c00000|  0%| F|  |TAMS 0x00000003c5800000, 0x00000003c5800000| Untracked 
|3351|0x00000003c5c00000, 0x00000003c5c00000, 0x00000003c6000000|  0%| F|  |TAMS 0x00000003c5c00000, 0x00000003c5c00000| Untracked 
|3352|0x00000003c6000000, 0x00000003c6000000, 0x00000003c6400000|  0%| F|  |TAMS 0x00000003c6000000, 0x00000003c6000000| Untracked 
|3353|0x00000003c6400000, 0x00000003c6400000, 0x00000003c6800000|  0%| F|  |TAMS 0x00000003c6400000, 0x00000003c6400000| Untracked 
|3354|0x00000003c6800000, 0x00000003c6800000, 0x00000003c6c00000|  0%| F|  |TAMS 0x00000003c6800000, 0x00000003c6800000| Untracked 
|3355|0x00000003c6c00000, 0x00000003c6c00000, 0x00000003c7000000|  0%| F|  |TAMS 0x00000003c6c00000, 0x00000003c6c00000| Untracked 
|3356|0x00000003c7000000, 0x00000003c7000000, 0x00000003c7400000|  0%| F|  |TAMS 0x00000003c7000000, 0x00000003c7000000| Untracked 
|3357|0x00000003c7400000, 0x00000003c7400000, 0x00000003c7800000|  0%| F|  |TAMS 0x00000003c7400000, 0x00000003c7400000| Untracked 
|3358|0x00000003c7800000, 0x00000003c7800000, 0x00000003c7c00000|  0%| F|  |TAMS 0x00000003c7800000, 0x00000003c7800000| Untracked 
|3359|0x00000003c7c00000, 0x00000003c7c00000, 0x00000003c8000000|  0%| F|  |TAMS 0x00000003c7c00000, 0x00000003c7c00000| Untracked 
|3360|0x00000003c8000000, 0x00000003c8000000, 0x00000003c8400000|  0%| F|  |TAMS 0x00000003c8000000, 0x00000003c8000000| Untracked 
|3361|0x00000003c8400000, 0x00000003c8400000, 0x00000003c8800000|  0%| F|  |TAMS 0x00000003c8400000, 0x00000003c8400000| Untracked 
|3362|0x00000003c8800000, 0x00000003c8800000, 0x00000003c8c00000|  0%| F|  |TAMS 0x00000003c8800000, 0x00000003c8800000| Untracked 
|3363|0x00000003c8c00000, 0x00000003c8c00000, 0x00000003c9000000|  0%| F|  |TAMS 0x00000003c8c00000, 0x00000003c8c00000| Untracked 
|3364|0x00000003c9000000, 0x00000003c9000000, 0x00000003c9400000|  0%| F|  |TAMS 0x00000003c9000000, 0x00000003c9000000| Untracked 
|3365|0x00000003c9400000, 0x00000003c9400000, 0x00000003c9800000|  0%| F|  |TAMS 0x00000003c9400000, 0x00000003c9400000| Untracked 
|3366|0x00000003c9800000, 0x00000003c9800000, 0x00000003c9c00000|  0%| F|  |TAMS 0x00000003c9800000, 0x00000003c9800000| Untracked 
|3367|0x00000003c9c00000, 0x00000003c9c00000, 0x00000003ca000000|  0%| F|  |TAMS 0x00000003c9c00000, 0x00000003c9c00000| Untracked 
|3368|0x00000003ca000000, 0x00000003ca000000, 0x00000003ca400000|  0%| F|  |TAMS 0x00000003ca000000, 0x00000003ca000000| Untracked 
|3369|0x00000003ca400000, 0x00000003ca400000, 0x00000003ca800000|  0%| F|  |TAMS 0x00000003ca400000, 0x00000003ca400000| Untracked 
|3370|0x00000003ca800000, 0x00000003ca800000, 0x00000003cac00000|  0%| F|  |TAMS 0x00000003ca800000, 0x00000003ca800000| Untracked 
|3371|0x00000003cac00000, 0x00000003cac00000, 0x00000003cb000000|  0%| F|  |TAMS 0x00000003cac00000, 0x00000003cac00000| Untracked 
|3372|0x00000003cb000000, 0x00000003cb000000, 0x00000003cb400000|  0%| F|  |TAMS 0x00000003cb000000, 0x00000003cb000000| Untracked 
|3373|0x00000003cb400000, 0x00000003cb400000, 0x00000003cb800000|  0%| F|  |TAMS 0x00000003cb400000, 0x00000003cb400000| Untracked 
|3374|0x00000003cb800000, 0x00000003cb800000, 0x00000003cbc00000|  0%| F|  |TAMS 0x00000003cb800000, 0x00000003cb800000| Untracked 
|3375|0x00000003cbc00000, 0x00000003cbc00000, 0x00000003cc000000|  0%| F|  |TAMS 0x00000003cbc00000, 0x00000003cbc00000| Untracked 
|3376|0x00000003cc000000, 0x00000003cc000000, 0x00000003cc400000|  0%| F|  |TAMS 0x00000003cc000000, 0x00000003cc000000| Untracked 
|3377|0x00000003cc400000, 0x00000003cc400000, 0x00000003cc800000|  0%| F|  |TAMS 0x00000003cc400000, 0x00000003cc400000| Untracked 
|3378|0x00000003cc800000, 0x00000003cc800000, 0x00000003ccc00000|  0%| F|  |TAMS 0x00000003cc800000, 0x00000003cc800000| Untracked 
|3379|0x00000003ccc00000, 0x00000003ccc00000, 0x00000003cd000000|  0%| F|  |TAMS 0x00000003ccc00000, 0x00000003ccc00000| Untracked 
|3380|0x00000003cd000000, 0x00000003cd000000, 0x00000003cd400000|  0%| F|  |TAMS 0x00000003cd000000, 0x00000003cd000000| Untracked 
|3381|0x00000003cd400000, 0x00000003cd400000, 0x00000003cd800000|  0%| F|  |TAMS 0x00000003cd400000, 0x00000003cd400000| Untracked 
|3382|0x00000003cd800000, 0x00000003cd800000, 0x00000003cdc00000|  0%| F|  |TAMS 0x00000003cd800000, 0x00000003cd800000| Untracked 
|3383|0x00000003cdc00000, 0x00000003cdc00000, 0x00000003ce000000|  0%| F|  |TAMS 0x00000003cdc00000, 0x00000003cdc00000| Untracked 
|3384|0x00000003ce000000, 0x00000003ce000000, 0x00000003ce400000|  0%| F|  |TAMS 0x00000003ce000000, 0x00000003ce000000| Untracked 
|3385|0x00000003ce400000, 0x00000003ce400000, 0x00000003ce800000|  0%| F|  |TAMS 0x00000003ce400000, 0x00000003ce400000| Untracked 
|3386|0x00000003ce800000, 0x00000003ce800000, 0x00000003cec00000|  0%| F|  |TAMS 0x00000003ce800000, 0x00000003ce800000| Untracked 
|3387|0x00000003cec00000, 0x00000003cec00000, 0x00000003cf000000|  0%| F|  |TAMS 0x00000003cec00000, 0x00000003cec00000| Untracked 
|3388|0x00000003cf000000, 0x00000003cf000000, 0x00000003cf400000|  0%| F|  |TAMS 0x00000003cf000000, 0x00000003cf000000| Untracked 
|3389|0x00000003cf400000, 0x00000003cf400000, 0x00000003cf800000|  0%| F|  |TAMS 0x00000003cf400000, 0x00000003cf400000| Untracked 
|3390|0x00000003cf800000, 0x00000003cf800000, 0x00000003cfc00000|  0%| F|  |TAMS 0x00000003cf800000, 0x00000003cf800000| Untracked 
|3391|0x00000003cfc00000, 0x00000003cfc00000, 0x00000003d0000000|  0%| F|  |TAMS 0x00000003cfc00000, 0x00000003cfc00000| Untracked 
|3392|0x00000003d0000000, 0x00000003d0000000, 0x00000003d0400000|  0%| F|  |TAMS 0x00000003d0000000, 0x00000003d0000000| Untracked 
|3393|0x00000003d0400000, 0x00000003d0400000, 0x00000003d0800000|  0%| F|  |TAMS 0x00000003d0400000, 0x00000003d0400000| Untracked 
|3394|0x00000003d0800000, 0x00000003d0800000, 0x00000003d0c00000|  0%| F|  |TAMS 0x00000003d0800000, 0x00000003d0800000| Untracked 
|3395|0x00000003d0c00000, 0x00000003d0c00000, 0x00000003d1000000|  0%| F|  |TAMS 0x00000003d0c00000, 0x00000003d0c00000| Untracked 
|3396|0x00000003d1000000, 0x00000003d1000000, 0x00000003d1400000|  0%| F|  |TAMS 0x00000003d1000000, 0x00000003d1000000| Untracked 
|3397|0x00000003d1400000, 0x00000003d1400000, 0x00000003d1800000|  0%| F|  |TAMS 0x00000003d1400000, 0x00000003d1400000| Untracked 
|3398|0x00000003d1800000, 0x00000003d1800000, 0x00000003d1c00000|  0%| F|  |TAMS 0x00000003d1800000, 0x00000003d1800000| Untracked 
|3399|0x00000003d1c00000, 0x00000003d1c00000, 0x00000003d2000000|  0%| F|  |TAMS 0x00000003d1c00000, 0x00000003d1c00000| Untracked 
|3400|0x00000003d2000000, 0x00000003d2000000, 0x00000003d2400000|  0%| F|  |TAMS 0x00000003d2000000, 0x00000003d2000000| Untracked 
|3401|0x00000003d2400000, 0x00000003d2400000, 0x00000003d2800000|  0%| F|  |TAMS 0x00000003d2400000, 0x00000003d2400000| Untracked 
|3402|0x00000003d2800000, 0x00000003d2800000, 0x00000003d2c00000|  0%| F|  |TAMS 0x00000003d2800000, 0x00000003d2800000| Untracked 
|3403|0x00000003d2c00000, 0x00000003d2c00000, 0x00000003d3000000|  0%| F|  |TAMS 0x00000003d2c00000, 0x00000003d2c00000| Untracked 
|3404|0x00000003d3000000, 0x00000003d3000000, 0x00000003d3400000|  0%| F|  |TAMS 0x00000003d3000000, 0x00000003d3000000| Untracked 
|3405|0x00000003d3400000, 0x00000003d3400000, 0x00000003d3800000|  0%| F|  |TAMS 0x00000003d3400000, 0x00000003d3400000| Untracked 
|3406|0x00000003d3800000, 0x00000003d3800000, 0x00000003d3c00000|  0%| F|  |TAMS 0x00000003d3800000, 0x00000003d3800000| Untracked 
|3407|0x00000003d3c00000, 0x00000003d3c00000, 0x00000003d4000000|  0%| F|  |TAMS 0x00000003d3c00000, 0x00000003d3c00000| Untracked 
|3408|0x00000003d4000000, 0x00000003d4000000, 0x00000003d4400000|  0%| F|  |TAMS 0x00000003d4000000, 0x00000003d4000000| Untracked 
|3409|0x00000003d4400000, 0x00000003d4400000, 0x00000003d4800000|  0%| F|  |TAMS 0x00000003d4400000, 0x00000003d4400000| Untracked 
|3410|0x00000003d4800000, 0x00000003d4800000, 0x00000003d4c00000|  0%| F|  |TAMS 0x00000003d4800000, 0x00000003d4800000| Untracked 
|3411|0x00000003d4c00000, 0x00000003d4c00000, 0x00000003d5000000|  0%| F|  |TAMS 0x00000003d4c00000, 0x00000003d4c00000| Untracked 
|3412|0x00000003d5000000, 0x00000003d5000000, 0x00000003d5400000|  0%| F|  |TAMS 0x00000003d5000000, 0x00000003d5000000| Untracked 
|3413|0x00000003d5400000, 0x00000003d5400000, 0x00000003d5800000|  0%| F|  |TAMS 0x00000003d5400000, 0x00000003d5400000| Untracked 
|3414|0x00000003d5800000, 0x00000003d5800000, 0x00000003d5c00000|  0%| F|  |TAMS 0x00000003d5800000, 0x00000003d5800000| Untracked 
|3415|0x00000003d5c00000, 0x00000003d5c00000, 0x00000003d6000000|  0%| F|  |TAMS 0x00000003d5c00000, 0x00000003d5c00000| Untracked 
|3416|0x00000003d6000000, 0x00000003d6000000, 0x00000003d6400000|  0%| F|  |TAMS 0x00000003d6000000, 0x00000003d6000000| Untracked 
|3417|0x00000003d6400000, 0x00000003d6400000, 0x00000003d6800000|  0%| F|  |TAMS 0x00000003d6400000, 0x00000003d6400000| Untracked 
|3418|0x00000003d6800000, 0x00000003d6800000, 0x00000003d6c00000|  0%| F|  |TAMS 0x00000003d6800000, 0x00000003d6800000| Untracked 
|3419|0x00000003d6c00000, 0x00000003d6c00000, 0x00000003d7000000|  0%| F|  |TAMS 0x00000003d6c00000, 0x00000003d6c00000| Untracked 
|3420|0x00000003d7000000, 0x00000003d7000000, 0x00000003d7400000|  0%| F|  |TAMS 0x00000003d7000000, 0x00000003d7000000| Untracked 
|3421|0x00000003d7400000, 0x00000003d7400000, 0x00000003d7800000|  0%| F|  |TAMS 0x00000003d7400000, 0x00000003d7400000| Untracked 
|3422|0x00000003d7800000, 0x00000003d7800000, 0x00000003d7c00000|  0%| F|  |TAMS 0x00000003d7800000, 0x00000003d7800000| Untracked 
|3423|0x00000003d7c00000, 0x00000003d7c00000, 0x00000003d8000000|  0%| F|  |TAMS 0x00000003d7c00000, 0x00000003d7c00000| Untracked 
|3424|0x00000003d8000000, 0x00000003d8000000, 0x00000003d8400000|  0%| F|  |TAMS 0x00000003d8000000, 0x00000003d8000000| Untracked 
|3425|0x00000003d8400000, 0x00000003d8400000, 0x00000003d8800000|  0%| F|  |TAMS 0x00000003d8400000, 0x00000003d8400000| Untracked 
|3426|0x00000003d8800000, 0x00000003d8800000, 0x00000003d8c00000|  0%| F|  |TAMS 0x00000003d8800000, 0x00000003d8800000| Untracked 
|3427|0x00000003d8c00000, 0x00000003d8c00000, 0x00000003d9000000|  0%| F|  |TAMS 0x00000003d8c00000, 0x00000003d8c00000| Untracked 
|3428|0x00000003d9000000, 0x00000003d9000000, 0x00000003d9400000|  0%| F|  |TAMS 0x00000003d9000000, 0x00000003d9000000| Untracked 
|3429|0x00000003d9400000, 0x00000003d9400000, 0x00000003d9800000|  0%| F|  |TAMS 0x00000003d9400000, 0x00000003d9400000| Untracked 
|3430|0x00000003d9800000, 0x00000003d9800000, 0x00000003d9c00000|  0%| F|  |TAMS 0x00000003d9800000, 0x00000003d9800000| Untracked 
|3431|0x00000003d9c00000, 0x00000003d9c00000, 0x00000003da000000|  0%| F|  |TAMS 0x00000003d9c00000, 0x00000003d9c00000| Untracked 
|3432|0x00000003da000000, 0x00000003da000000, 0x00000003da400000|  0%| F|  |TAMS 0x00000003da000000, 0x00000003da000000| Untracked 
|3433|0x00000003da400000, 0x00000003da400000, 0x00000003da800000|  0%| F|  |TAMS 0x00000003da400000, 0x00000003da400000| Untracked 
|3434|0x00000003da800000, 0x00000003da800000, 0x00000003dac00000|  0%| F|  |TAMS 0x00000003da800000, 0x00000003da800000| Untracked 
|3435|0x00000003dac00000, 0x00000003dac00000, 0x00000003db000000|  0%| F|  |TAMS 0x00000003dac00000, 0x00000003dac00000| Untracked 
|3436|0x00000003db000000, 0x00000003db000000, 0x00000003db400000|  0%| F|  |TAMS 0x00000003db000000, 0x00000003db000000| Untracked 
|3437|0x00000003db400000, 0x00000003db400000, 0x00000003db800000|  0%| F|  |TAMS 0x00000003db400000, 0x00000003db400000| Untracked 
|3438|0x00000003db800000, 0x00000003db800000, 0x00000003dbc00000|  0%| F|  |TAMS 0x00000003db800000, 0x00000003db800000| Untracked 
|3439|0x00000003dbc00000, 0x00000003dbc00000, 0x00000003dc000000|  0%| F|  |TAMS 0x00000003dbc00000, 0x00000003dbc00000| Untracked 
|3440|0x00000003dc000000, 0x00000003dc000000, 0x00000003dc400000|  0%| F|  |TAMS 0x00000003dc000000, 0x00000003dc000000| Untracked 
|3441|0x00000003dc400000, 0x00000003dc400000, 0x00000003dc800000|  0%| F|  |TAMS 0x00000003dc400000, 0x00000003dc400000| Untracked 
|3442|0x00000003dc800000, 0x00000003dc800000, 0x00000003dcc00000|  0%| F|  |TAMS 0x00000003dc800000, 0x00000003dc800000| Untracked 
|3443|0x00000003dcc00000, 0x00000003dcc00000, 0x00000003dd000000|  0%| F|  |TAMS 0x00000003dcc00000, 0x00000003dcc00000| Untracked 
|3444|0x00000003dd000000, 0x00000003dd000000, 0x00000003dd400000|  0%| F|  |TAMS 0x00000003dd000000, 0x00000003dd000000| Untracked 
|3445|0x00000003dd400000, 0x00000003dd400000, 0x00000003dd800000|  0%| F|  |TAMS 0x00000003dd400000, 0x00000003dd400000| Untracked 
|3446|0x00000003dd800000, 0x00000003dd800000, 0x00000003ddc00000|  0%| F|  |TAMS 0x00000003dd800000, 0x00000003dd800000| Untracked 
|3447|0x00000003ddc00000, 0x00000003ddc00000, 0x00000003de000000|  0%| F|  |TAMS 0x00000003ddc00000, 0x00000003ddc00000| Untracked 
|3448|0x00000003de000000, 0x00000003de000000, 0x00000003de400000|  0%| F|  |TAMS 0x00000003de000000, 0x00000003de000000| Untracked 
|3449|0x00000003de400000, 0x00000003de400000, 0x00000003de800000|  0%| F|  |TAMS 0x00000003de400000, 0x00000003de400000| Untracked 
|3450|0x00000003de800000, 0x00000003de800000, 0x00000003dec00000|  0%| F|  |TAMS 0x00000003de800000, 0x00000003de800000| Untracked 
|3451|0x00000003dec00000, 0x00000003dec00000, 0x00000003df000000|  0%| F|  |TAMS 0x00000003dec00000, 0x00000003dec00000| Untracked 
|3452|0x00000003df000000, 0x00000003df000000, 0x00000003df400000|  0%| F|  |TAMS 0x00000003df000000, 0x00000003df000000| Untracked 
|3453|0x00000003df400000, 0x00000003df400000, 0x00000003df800000|  0%| F|  |TAMS 0x00000003df400000, 0x00000003df400000| Untracked 
|3454|0x00000003df800000, 0x00000003df800000, 0x00000003dfc00000|  0%| F|  |TAMS 0x00000003df800000, 0x00000003df800000| Untracked 
|3455|0x00000003dfc00000, 0x00000003dfc00000, 0x00000003e0000000|  0%| F|  |TAMS 0x00000003dfc00000, 0x00000003dfc00000| Untracked 
|3456|0x00000003e0000000, 0x00000003e0000000, 0x00000003e0400000|  0%| F|  |TAMS 0x00000003e0000000, 0x00000003e0000000| Untracked 
|3457|0x00000003e0400000, 0x00000003e0400000, 0x00000003e0800000|  0%| F|  |TAMS 0x00000003e0400000, 0x00000003e0400000| Untracked 
|3458|0x00000003e0800000, 0x00000003e0800000, 0x00000003e0c00000|  0%| F|  |TAMS 0x00000003e0800000, 0x00000003e0800000| Untracked 
|3459|0x00000003e0c00000, 0x00000003e0c00000, 0x00000003e1000000|  0%| F|  |TAMS 0x00000003e0c00000, 0x00000003e0c00000| Untracked 
|3460|0x00000003e1000000, 0x00000003e1000000, 0x00000003e1400000|  0%| F|  |TAMS 0x00000003e1000000, 0x00000003e1000000| Untracked 
|3461|0x00000003e1400000, 0x00000003e1400000, 0x00000003e1800000|  0%| F|  |TAMS 0x00000003e1400000, 0x00000003e1400000| Untracked 
|3462|0x00000003e1800000, 0x00000003e1800000, 0x00000003e1c00000|  0%| F|  |TAMS 0x00000003e1800000, 0x00000003e1800000| Untracked 
|3463|0x00000003e1c00000, 0x00000003e1c00000, 0x00000003e2000000|  0%| F|  |TAMS 0x00000003e1c00000, 0x00000003e1c00000| Untracked 
|3464|0x00000003e2000000, 0x00000003e2000000, 0x00000003e2400000|  0%| F|  |TAMS 0x00000003e2000000, 0x00000003e2000000| Untracked 
|3465|0x00000003e2400000, 0x00000003e2400000, 0x00000003e2800000|  0%| F|  |TAMS 0x00000003e2400000, 0x00000003e2400000| Untracked 
|3466|0x00000003e2800000, 0x00000003e2800000, 0x00000003e2c00000|  0%| F|  |TAMS 0x00000003e2800000, 0x00000003e2800000| Untracked 
|3467|0x00000003e2c00000, 0x00000003e2c00000, 0x00000003e3000000|  0%| F|  |TAMS 0x00000003e2c00000, 0x00000003e2c00000| Untracked 
|3468|0x00000003e3000000, 0x00000003e3000000, 0x00000003e3400000|  0%| F|  |TAMS 0x00000003e3000000, 0x00000003e3000000| Untracked 
|3469|0x00000003e3400000, 0x00000003e3400000, 0x00000003e3800000|  0%| F|  |TAMS 0x00000003e3400000, 0x00000003e3400000| Untracked 
|3470|0x00000003e3800000, 0x00000003e3800000, 0x00000003e3c00000|  0%| F|  |TAMS 0x00000003e3800000, 0x00000003e3800000| Untracked 
|3471|0x00000003e3c00000, 0x00000003e3c00000, 0x00000003e4000000|  0%| F|  |TAMS 0x00000003e3c00000, 0x00000003e3c00000| Untracked 
|3472|0x00000003e4000000, 0x00000003e4000000, 0x00000003e4400000|  0%| F|  |TAMS 0x00000003e4000000, 0x00000003e4000000| Untracked 
|3473|0x00000003e4400000, 0x00000003e4400000, 0x00000003e4800000|  0%| F|  |TAMS 0x00000003e4400000, 0x00000003e4400000| Untracked 
|3474|0x00000003e4800000, 0x00000003e4800000, 0x00000003e4c00000|  0%| F|  |TAMS 0x00000003e4800000, 0x00000003e4800000| Untracked 
|3475|0x00000003e4c00000, 0x00000003e4c00000, 0x00000003e5000000|  0%| F|  |TAMS 0x00000003e4c00000, 0x00000003e4c00000| Untracked 
|3476|0x00000003e5000000, 0x00000003e5000000, 0x00000003e5400000|  0%| F|  |TAMS 0x00000003e5000000, 0x00000003e5000000| Untracked 
|3477|0x00000003e5400000, 0x00000003e5400000, 0x00000003e5800000|  0%| F|  |TAMS 0x00000003e5400000, 0x00000003e5400000| Untracked 
|3478|0x00000003e5800000, 0x00000003e5800000, 0x00000003e5c00000|  0%| F|  |TAMS 0x00000003e5800000, 0x00000003e5800000| Untracked 
|3479|0x00000003e5c00000, 0x00000003e5c00000, 0x00000003e6000000|  0%| F|  |TAMS 0x00000003e5c00000, 0x00000003e5c00000| Untracked 
|3480|0x00000003e6000000, 0x00000003e6000000, 0x00000003e6400000|  0%| F|  |TAMS 0x00000003e6000000, 0x00000003e6000000| Untracked 
|3481|0x00000003e6400000, 0x00000003e6400000, 0x00000003e6800000|  0%| F|  |TAMS 0x00000003e6400000, 0x00000003e6400000| Untracked 
|3482|0x00000003e6800000, 0x00000003e6800000, 0x00000003e6c00000|  0%| F|  |TAMS 0x00000003e6800000, 0x00000003e6800000| Untracked 
|3483|0x00000003e6c00000, 0x00000003e6c00000, 0x00000003e7000000|  0%| F|  |TAMS 0x00000003e6c00000, 0x00000003e6c00000| Untracked 
|3484|0x00000003e7000000, 0x00000003e7000000, 0x00000003e7400000|  0%| F|  |TAMS 0x00000003e7000000, 0x00000003e7000000| Untracked 
|3485|0x00000003e7400000, 0x00000003e7400000, 0x00000003e7800000|  0%| F|  |TAMS 0x00000003e7400000, 0x00000003e7400000| Untracked 
|3486|0x00000003e7800000, 0x00000003e7800000, 0x00000003e7c00000|  0%| F|  |TAMS 0x00000003e7800000, 0x00000003e7800000| Untracked 
|3487|0x00000003e7c00000, 0x00000003e7c00000, 0x00000003e8000000|  0%| F|  |TAMS 0x00000003e7c00000, 0x00000003e7c00000| Untracked 
|3488|0x00000003e8000000, 0x00000003e8000000, 0x00000003e8400000|  0%| F|  |TAMS 0x00000003e8000000, 0x00000003e8000000| Untracked 
|3489|0x00000003e8400000, 0x00000003e8400000, 0x00000003e8800000|  0%| F|  |TAMS 0x00000003e8400000, 0x00000003e8400000| Untracked 
|3490|0x00000003e8800000, 0x00000003e8800000, 0x00000003e8c00000|  0%| F|  |TAMS 0x00000003e8800000, 0x00000003e8800000| Untracked 
|3491|0x00000003e8c00000, 0x00000003e8c00000, 0x00000003e9000000|  0%| F|  |TAMS 0x00000003e8c00000, 0x00000003e8c00000| Untracked 
|3492|0x00000003e9000000, 0x00000003e9000000, 0x00000003e9400000|  0%| F|  |TAMS 0x00000003e9000000, 0x00000003e9000000| Untracked 
|3493|0x00000003e9400000, 0x00000003e9400000, 0x00000003e9800000|  0%| F|  |TAMS 0x00000003e9400000, 0x00000003e9400000| Untracked 
|3494|0x00000003e9800000, 0x00000003e9800000, 0x00000003e9c00000|  0%| F|  |TAMS 0x00000003e9800000, 0x00000003e9800000| Untracked 
|3495|0x00000003e9c00000, 0x00000003e9c00000, 0x00000003ea000000|  0%| F|  |TAMS 0x00000003e9c00000, 0x00000003e9c00000| Untracked 
|3496|0x00000003ea000000, 0x00000003ea000000, 0x00000003ea400000|  0%| F|  |TAMS 0x00000003ea000000, 0x00000003ea000000| Untracked 
|3497|0x00000003ea400000, 0x00000003ea400000, 0x00000003ea800000|  0%| F|  |TAMS 0x00000003ea400000, 0x00000003ea400000| Untracked 
|3498|0x00000003ea800000, 0x00000003ea800000, 0x00000003eac00000|  0%| F|  |TAMS 0x00000003ea800000, 0x00000003ea800000| Untracked 
|3499|0x00000003eac00000, 0x00000003eac00000, 0x00000003eb000000|  0%| F|  |TAMS 0x00000003eac00000, 0x00000003eac00000| Untracked 
|3500|0x00000003eb000000, 0x00000003eb000000, 0x00000003eb400000|  0%| F|  |TAMS 0x00000003eb000000, 0x00000003eb000000| Untracked 
|3501|0x00000003eb400000, 0x00000003eb400000, 0x00000003eb800000|  0%| F|  |TAMS 0x00000003eb400000, 0x00000003eb400000| Untracked 
|3502|0x00000003eb800000, 0x00000003eb800000, 0x00000003ebc00000|  0%| F|  |TAMS 0x00000003eb800000, 0x00000003eb800000| Untracked 
|3503|0x00000003ebc00000, 0x00000003ebc00000, 0x00000003ec000000|  0%| F|  |TAMS 0x00000003ebc00000, 0x00000003ebc00000| Untracked 
|3504|0x00000003ec000000, 0x00000003ec000000, 0x00000003ec400000|  0%| F|  |TAMS 0x00000003ec000000, 0x00000003ec000000| Untracked 
|3505|0x00000003ec400000, 0x00000003ec400000, 0x00000003ec800000|  0%| F|  |TAMS 0x00000003ec400000, 0x00000003ec400000| Untracked 
|3506|0x00000003ec800000, 0x00000003ec800000, 0x00000003ecc00000|  0%| F|  |TAMS 0x00000003ec800000, 0x00000003ec800000| Untracked 
|3507|0x00000003ecc00000, 0x00000003ecc00000, 0x00000003ed000000|  0%| F|  |TAMS 0x00000003ecc00000, 0x00000003ecc00000| Untracked 
|3508|0x00000003ed000000, 0x00000003ed000000, 0x00000003ed400000|  0%| F|  |TAMS 0x00000003ed000000, 0x00000003ed000000| Untracked 
|3509|0x00000003ed400000, 0x00000003ed400000, 0x00000003ed800000|  0%| F|  |TAMS 0x00000003ed400000, 0x00000003ed400000| Untracked 
|3510|0x00000003ed800000, 0x00000003ed800000, 0x00000003edc00000|  0%| F|  |TAMS 0x00000003ed800000, 0x00000003ed800000| Untracked 
|3511|0x00000003edc00000, 0x00000003edc00000, 0x00000003ee000000|  0%| F|  |TAMS 0x00000003edc00000, 0x00000003edc00000| Untracked 
|3512|0x00000003ee000000, 0x00000003ee000000, 0x00000003ee400000|  0%| F|  |TAMS 0x00000003ee000000, 0x00000003ee000000| Untracked 
|3513|0x00000003ee400000, 0x00000003ee400000, 0x00000003ee800000|  0%| F|  |TAMS 0x00000003ee400000, 0x00000003ee400000| Untracked 
|3514|0x00000003ee800000, 0x00000003ee800000, 0x00000003eec00000|  0%| F|  |TAMS 0x00000003ee800000, 0x00000003ee800000| Untracked 
|3515|0x00000003eec00000, 0x00000003eec00000, 0x00000003ef000000|  0%| F|  |TAMS 0x00000003eec00000, 0x00000003eec00000| Untracked 
|3516|0x00000003ef000000, 0x00000003ef000000, 0x00000003ef400000|  0%| F|  |TAMS 0x00000003ef000000, 0x00000003ef000000| Untracked 
|3517|0x00000003ef400000, 0x00000003ef400000, 0x00000003ef800000|  0%| F|  |TAMS 0x00000003ef400000, 0x00000003ef400000| Untracked 
|3518|0x00000003ef800000, 0x00000003ef800000, 0x00000003efc00000|  0%| F|  |TAMS 0x00000003ef800000, 0x00000003ef800000| Untracked 
|3519|0x00000003efc00000, 0x00000003efc00000, 0x00000003f0000000|  0%| F|  |TAMS 0x00000003efc00000, 0x00000003efc00000| Untracked 
|3520|0x00000003f0000000, 0x00000003f0000000, 0x00000003f0400000|  0%| F|  |TAMS 0x00000003f0000000, 0x00000003f0000000| Untracked 
|3521|0x00000003f0400000, 0x00000003f0400000, 0x00000003f0800000|  0%| F|  |TAMS 0x00000003f0400000, 0x00000003f0400000| Untracked 
|3522|0x00000003f0800000, 0x00000003f0800000, 0x00000003f0c00000|  0%| F|  |TAMS 0x00000003f0800000, 0x00000003f0800000| Untracked 
|3523|0x00000003f0c00000, 0x00000003f0c00000, 0x00000003f1000000|  0%| F|  |TAMS 0x00000003f0c00000, 0x00000003f0c00000| Untracked 
|3524|0x00000003f1000000, 0x00000003f1000000, 0x00000003f1400000|  0%| F|  |TAMS 0x00000003f1000000, 0x00000003f1000000| Untracked 
|3525|0x00000003f1400000, 0x00000003f1400000, 0x00000003f1800000|  0%| F|  |TAMS 0x00000003f1400000, 0x00000003f1400000| Untracked 
|3526|0x00000003f1800000, 0x00000003f1800000, 0x00000003f1c00000|  0%| F|  |TAMS 0x00000003f1800000, 0x00000003f1800000| Untracked 
|3527|0x00000003f1c00000, 0x00000003f1c00000, 0x00000003f2000000|  0%| F|  |TAMS 0x00000003f1c00000, 0x00000003f1c00000| Untracked 
|3528|0x00000003f2000000, 0x00000003f2000000, 0x00000003f2400000|  0%| F|  |TAMS 0x00000003f2000000, 0x00000003f2000000| Untracked 
|3529|0x00000003f2400000, 0x00000003f2400000, 0x00000003f2800000|  0%| F|  |TAMS 0x00000003f2400000, 0x00000003f2400000| Untracked 
|3530|0x00000003f2800000, 0x00000003f2800000, 0x00000003f2c00000|  0%| F|  |TAMS 0x00000003f2800000, 0x00000003f2800000| Untracked 
|3531|0x00000003f2c00000, 0x00000003f2c00000, 0x00000003f3000000|  0%| F|  |TAMS 0x00000003f2c00000, 0x00000003f2c00000| Untracked 
|3532|0x00000003f3000000, 0x00000003f3000000, 0x00000003f3400000|  0%| F|  |TAMS 0x00000003f3000000, 0x00000003f3000000| Untracked 
|3533|0x00000003f3400000, 0x00000003f3400000, 0x00000003f3800000|  0%| F|  |TAMS 0x00000003f3400000, 0x00000003f3400000| Untracked 
|3534|0x00000003f3800000, 0x00000003f3800000, 0x00000003f3c00000|  0%| F|  |TAMS 0x00000003f3800000, 0x00000003f3800000| Untracked 
|3535|0x00000003f3c00000, 0x00000003f3c00000, 0x00000003f4000000|  0%| F|  |TAMS 0x00000003f3c00000, 0x00000003f3c00000| Untracked 
|3536|0x00000003f4000000, 0x00000003f4000000, 0x00000003f4400000|  0%| F|  |TAMS 0x00000003f4000000, 0x00000003f4000000| Untracked 
|3537|0x00000003f4400000, 0x00000003f4400000, 0x00000003f4800000|  0%| F|  |TAMS 0x00000003f4400000, 0x00000003f4400000| Untracked 
|3538|0x00000003f4800000, 0x00000003f4800000, 0x00000003f4c00000|  0%| F|  |TAMS 0x00000003f4800000, 0x00000003f4800000| Untracked 
|3539|0x00000003f4c00000, 0x00000003f4c00000, 0x00000003f5000000|  0%| F|  |TAMS 0x00000003f4c00000, 0x00000003f4c00000| Untracked 
|3540|0x00000003f5000000, 0x00000003f5000000, 0x00000003f5400000|  0%| F|  |TAMS 0x00000003f5000000, 0x00000003f5000000| Untracked 
|3541|0x00000003f5400000, 0x00000003f5400000, 0x00000003f5800000|  0%| F|  |TAMS 0x00000003f5400000, 0x00000003f5400000| Untracked 
|3542|0x00000003f5800000, 0x00000003f5800000, 0x00000003f5c00000|  0%| F|  |TAMS 0x00000003f5800000, 0x00000003f5800000| Untracked 
|3543|0x00000003f5c00000, 0x00000003f5c00000, 0x00000003f6000000|  0%| F|  |TAMS 0x00000003f5c00000, 0x00000003f5c00000| Untracked 
|3544|0x00000003f6000000, 0x00000003f6000000, 0x00000003f6400000|  0%| F|  |TAMS 0x00000003f6000000, 0x00000003f6000000| Untracked 
|3545|0x00000003f6400000, 0x00000003f6400000, 0x00000003f6800000|  0%| F|  |TAMS 0x00000003f6400000, 0x00000003f6400000| Untracked 
|3546|0x00000003f6800000, 0x00000003f6800000, 0x00000003f6c00000|  0%| F|  |TAMS 0x00000003f6800000, 0x00000003f6800000| Untracked 
|3547|0x00000003f6c00000, 0x00000003f6c00000, 0x00000003f7000000|  0%| F|  |TAMS 0x00000003f6c00000, 0x00000003f6c00000| Untracked 
|3548|0x00000003f7000000, 0x00000003f7000000, 0x00000003f7400000|  0%| F|  |TAMS 0x00000003f7000000, 0x00000003f7000000| Untracked 
|3549|0x00000003f7400000, 0x00000003f7400000, 0x00000003f7800000|  0%| F|  |TAMS 0x00000003f7400000, 0x00000003f7400000| Untracked 
|3550|0x00000003f7800000, 0x00000003f7800000, 0x00000003f7c00000|  0%| F|  |TAMS 0x00000003f7800000, 0x00000003f7800000| Untracked 
|3551|0x00000003f7c00000, 0x00000003f7c00000, 0x00000003f8000000|  0%| F|  |TAMS 0x00000003f7c00000, 0x00000003f7c00000| Untracked 
|3552|0x00000003f8000000, 0x00000003f8000000, 0x00000003f8400000|  0%| F|  |TAMS 0x00000003f8000000, 0x00000003f8000000| Untracked 
|3553|0x00000003f8400000, 0x00000003f8400000, 0x00000003f8800000|  0%| F|  |TAMS 0x00000003f8400000, 0x00000003f8400000| Untracked 
|3554|0x00000003f8800000, 0x00000003f8800000, 0x00000003f8c00000|  0%| F|  |TAMS 0x00000003f8800000, 0x00000003f8800000| Untracked 
|3555|0x00000003f8c00000, 0x00000003f8c00000, 0x00000003f9000000|  0%| F|  |TAMS 0x00000003f8c00000, 0x00000003f8c00000| Untracked 
|3556|0x00000003f9000000, 0x00000003f9000000, 0x00000003f9400000|  0%| F|  |TAMS 0x00000003f9000000, 0x00000003f9000000| Untracked 
|3557|0x00000003f9400000, 0x00000003f9400000, 0x00000003f9800000|  0%| F|  |TAMS 0x00000003f9400000, 0x00000003f9400000| Untracked 
|3558|0x00000003f9800000, 0x00000003f9800000, 0x00000003f9c00000|  0%| F|  |TAMS 0x00000003f9800000, 0x00000003f9800000| Untracked 
|3559|0x00000003f9c00000, 0x00000003f9c00000, 0x00000003fa000000|  0%| F|  |TAMS 0x00000003f9c00000, 0x00000003f9c00000| Untracked 
|3560|0x00000003fa000000, 0x00000003fa000000, 0x00000003fa400000|  0%| F|  |TAMS 0x00000003fa000000, 0x00000003fa000000| Untracked 
|3561|0x00000003fa400000, 0x00000003fa400000, 0x00000003fa800000|  0%| F|  |TAMS 0x00000003fa400000, 0x00000003fa400000| Untracked 
|3562|0x00000003fa800000, 0x00000003fa800000, 0x00000003fac00000|  0%| F|  |TAMS 0x00000003fa800000, 0x00000003fa800000| Untracked 
|3563|0x00000003fac00000, 0x00000003fac00000, 0x00000003fb000000|  0%| F|  |TAMS 0x00000003fac00000, 0x00000003fac00000| Untracked 
|3564|0x00000003fb000000, 0x00000003fb000000, 0x00000003fb400000|  0%| F|  |TAMS 0x00000003fb000000, 0x00000003fb000000| Untracked 
|3565|0x00000003fb400000, 0x00000003fb400000, 0x00000003fb800000|  0%| F|  |TAMS 0x00000003fb400000, 0x00000003fb400000| Untracked 
|3566|0x00000003fb800000, 0x00000003fb800000, 0x00000003fbc00000|  0%| F|  |TAMS 0x00000003fb800000, 0x00000003fb800000| Untracked 
|3567|0x00000003fbc00000, 0x00000003fbc00000, 0x00000003fc000000|  0%| F|  |TAMS 0x00000003fbc00000, 0x00000003fbc00000| Untracked 
|3568|0x00000003fc000000, 0x00000003fc000000, 0x00000003fc400000|  0%| F|  |TAMS 0x00000003fc000000, 0x00000003fc000000| Untracked 
|3569|0x00000003fc400000, 0x00000003fc400000, 0x00000003fc800000|  0%| F|  |TAMS 0x00000003fc400000, 0x00000003fc400000| Untracked 
|3570|0x00000003fc800000, 0x00000003fc800000, 0x00000003fcc00000|  0%| F|  |TAMS 0x00000003fc800000, 0x00000003fc800000| Untracked 
|3571|0x00000003fcc00000, 0x00000003fcc00000, 0x00000003fd000000|  0%| F|  |TAMS 0x00000003fcc00000, 0x00000003fcc00000| Untracked 
|3572|0x00000003fd000000, 0x00000003fd000000, 0x00000003fd400000|  0%| F|  |TAMS 0x00000003fd000000, 0x00000003fd000000| Untracked 
|3573|0x00000003fd400000, 0x00000003fd400000, 0x00000003fd800000|  0%| F|  |TAMS 0x00000003fd400000, 0x00000003fd400000| Untracked 
|3574|0x00000003fd800000, 0x00000003fd800000, 0x00000003fdc00000|  0%| F|  |TAMS 0x00000003fd800000, 0x00000003fd800000| Untracked 
|3575|0x00000003fdc00000, 0x00000003fdc00000, 0x00000003fe000000|  0%| F|  |TAMS 0x00000003fdc00000, 0x00000003fdc00000| Untracked 
|3576|0x00000003fe000000, 0x00000003fe000000, 0x00000003fe400000|  0%| F|  |TAMS 0x00000003fe000000, 0x00000003fe000000| Untracked 
|3577|0x00000003fe400000, 0x00000003fe400000, 0x00000003fe800000|  0%| F|  |TAMS 0x00000003fe400000, 0x00000003fe400000| Untracked 
|3578|0x00000003fe800000, 0x00000003fe800000, 0x00000003fec00000|  0%| F|  |TAMS 0x00000003fe800000, 0x00000003fe800000| Untracked 
|3579|0x00000003fec00000, 0x00000003fec00000, 0x00000003ff000000|  0%| F|  |TAMS 0x00000003fec00000, 0x00000003fec00000| Untracked 
|3580|0x00000003ff000000, 0x00000003ff000000, 0x00000003ff400000|  0%| F|  |TAMS 0x00000003ff000000, 0x00000003ff000000| Untracked 
|3581|0x00000003ff400000, 0x00000003ff400000, 0x00000003ff800000|  0%| F|  |TAMS 0x00000003ff400000, 0x00000003ff400000| Untracked 
|3582|0x00000003ff800000, 0x00000003ff800000, 0x00000003ffc00000|  0%| F|  |TAMS 0x00000003ff800000, 0x00000003ff800000| Untracked 
|3583|0x00000003ffc00000, 0x00000003ffc00000, 0x0000000400000000|  0%| F|  |TAMS 0x00000003ffc00000, 0x00000003ffc00000| Untracked 
|3584|0x0000000400000000, 0x0000000400000000, 0x0000000400400000|  0%| F|  |TAMS 0x0000000400000000, 0x0000000400000000| Untracked 
|3585|0x0000000400400000, 0x0000000400400000, 0x0000000400800000|  0%| F|  |TAMS 0x0000000400400000, 0x0000000400400000| Untracked 
|3586|0x0000000400800000, 0x0000000400800000, 0x0000000400c00000|  0%| F|  |TAMS 0x0000000400800000, 0x0000000400800000| Untracked 
|3587|0x0000000400c00000, 0x0000000400c00000, 0x0000000401000000|  0%| F|  |TAMS 0x0000000400c00000, 0x0000000400c00000| Untracked 
|3588|0x0000000401000000, 0x0000000401000000, 0x0000000401400000|  0%| F|  |TAMS 0x0000000401000000, 0x0000000401000000| Untracked 
|3589|0x0000000401400000, 0x0000000401400000, 0x0000000401800000|  0%| F|  |TAMS 0x0000000401400000, 0x0000000401400000| Untracked 
|3590|0x0000000401800000, 0x0000000401800000, 0x0000000401c00000|  0%| F|  |TAMS 0x0000000401800000, 0x0000000401800000| Untracked 
|3591|0x0000000401c00000, 0x0000000401c00000, 0x0000000402000000|  0%| F|  |TAMS 0x0000000401c00000, 0x0000000401c00000| Untracked 
|3592|0x0000000402000000, 0x0000000402000000, 0x0000000402400000|  0%| F|  |TAMS 0x0000000402000000, 0x0000000402000000| Untracked 
|3593|0x0000000402400000, 0x0000000402400000, 0x0000000402800000|  0%| F|  |TAMS 0x0000000402400000, 0x0000000402400000| Untracked 
|3594|0x0000000402800000, 0x0000000402800000, 0x0000000402c00000|  0%| F|  |TAMS 0x0000000402800000, 0x0000000402800000| Untracked 
|3595|0x0000000402c00000, 0x0000000402c00000, 0x0000000403000000|  0%| F|  |TAMS 0x0000000402c00000, 0x0000000402c00000| Untracked 
|3596|0x0000000403000000, 0x0000000403000000, 0x0000000403400000|  0%| F|  |TAMS 0x0000000403000000, 0x0000000403000000| Untracked 
|3597|0x0000000403400000, 0x0000000403400000, 0x0000000403800000|  0%| F|  |TAMS 0x0000000403400000, 0x0000000403400000| Untracked 
|3598|0x0000000403800000, 0x0000000403800000, 0x0000000403c00000|  0%| F|  |TAMS 0x0000000403800000, 0x0000000403800000| Untracked 
|3599|0x0000000403c00000, 0x0000000403c00000, 0x0000000404000000|  0%| F|  |TAMS 0x0000000403c00000, 0x0000000403c00000| Untracked 
|3600|0x0000000404000000, 0x0000000404000000, 0x0000000404400000|  0%| F|  |TAMS 0x0000000404000000, 0x0000000404000000| Untracked 
|3601|0x0000000404400000, 0x0000000404400000, 0x0000000404800000|  0%| F|  |TAMS 0x0000000404400000, 0x0000000404400000| Untracked 
|3602|0x0000000404800000, 0x0000000404800000, 0x0000000404c00000|  0%| F|  |TAMS 0x0000000404800000, 0x0000000404800000| Untracked 
|3603|0x0000000404c00000, 0x0000000404c00000, 0x0000000405000000|  0%| F|  |TAMS 0x0000000404c00000, 0x0000000404c00000| Untracked 
|3604|0x0000000405000000, 0x0000000405000000, 0x0000000405400000|  0%| F|  |TAMS 0x0000000405000000, 0x0000000405000000| Untracked 
|3605|0x0000000405400000, 0x0000000405400000, 0x0000000405800000|  0%| F|  |TAMS 0x0000000405400000, 0x0000000405400000| Untracked 
|3606|0x0000000405800000, 0x0000000405800000, 0x0000000405c00000|  0%| F|  |TAMS 0x0000000405800000, 0x0000000405800000| Untracked 
|3607|0x0000000405c00000, 0x0000000405c00000, 0x0000000406000000|  0%| F|  |TAMS 0x0000000405c00000, 0x0000000405c00000| Untracked 
|3608|0x0000000406000000, 0x0000000406000000, 0x0000000406400000|  0%| F|  |TAMS 0x0000000406000000, 0x0000000406000000| Untracked 
|3609|0x0000000406400000, 0x0000000406400000, 0x0000000406800000|  0%| F|  |TAMS 0x0000000406400000, 0x0000000406400000| Untracked 
|3610|0x0000000406800000, 0x0000000406800000, 0x0000000406c00000|  0%| F|  |TAMS 0x0000000406800000, 0x0000000406800000| Untracked 
|3611|0x0000000406c00000, 0x0000000406c00000, 0x0000000407000000|  0%| F|  |TAMS 0x0000000406c00000, 0x0000000406c00000| Untracked 
|3612|0x0000000407000000, 0x0000000407000000, 0x0000000407400000|  0%| F|  |TAMS 0x0000000407000000, 0x0000000407000000| Untracked 
|3613|0x0000000407400000, 0x0000000407400000, 0x0000000407800000|  0%| F|  |TAMS 0x0000000407400000, 0x0000000407400000| Untracked 
|3614|0x0000000407800000, 0x0000000407800000, 0x0000000407c00000|  0%| F|  |TAMS 0x0000000407800000, 0x0000000407800000| Untracked 
|3615|0x0000000407c00000, 0x0000000407c00000, 0x0000000408000000|  0%| F|  |TAMS 0x0000000407c00000, 0x0000000407c00000| Untracked 
|3616|0x0000000408000000, 0x0000000408000000, 0x0000000408400000|  0%| F|  |TAMS 0x0000000408000000, 0x0000000408000000| Untracked 
|3617|0x0000000408400000, 0x0000000408400000, 0x0000000408800000|  0%| F|  |TAMS 0x0000000408400000, 0x0000000408400000| Untracked 
|3618|0x0000000408800000, 0x0000000408800000, 0x0000000408c00000|  0%| F|  |TAMS 0x0000000408800000, 0x0000000408800000| Untracked 
|3619|0x0000000408c00000, 0x0000000408c00000, 0x0000000409000000|  0%| F|  |TAMS 0x0000000408c00000, 0x0000000408c00000| Untracked 
|3620|0x0000000409000000, 0x0000000409000000, 0x0000000409400000|  0%| F|  |TAMS 0x0000000409000000, 0x0000000409000000| Untracked 
|3621|0x0000000409400000, 0x0000000409400000, 0x0000000409800000|  0%| F|  |TAMS 0x0000000409400000, 0x0000000409400000| Untracked 
|3622|0x0000000409800000, 0x0000000409800000, 0x0000000409c00000|  0%| F|  |TAMS 0x0000000409800000, 0x0000000409800000| Untracked 
|3623|0x0000000409c00000, 0x0000000409c00000, 0x000000040a000000|  0%| F|  |TAMS 0x0000000409c00000, 0x0000000409c00000| Untracked 
|3624|0x000000040a000000, 0x000000040a000000, 0x000000040a400000|  0%| F|  |TAMS 0x000000040a000000, 0x000000040a000000| Untracked 
|3625|0x000000040a400000, 0x000000040a400000, 0x000000040a800000|  0%| F|  |TAMS 0x000000040a400000, 0x000000040a400000| Untracked 
|3626|0x000000040a800000, 0x000000040a800000, 0x000000040ac00000|  0%| F|  |TAMS 0x000000040a800000, 0x000000040a800000| Untracked 
|3627|0x000000040ac00000, 0x000000040ac00000, 0x000000040b000000|  0%| F|  |TAMS 0x000000040ac00000, 0x000000040ac00000| Untracked 
|3628|0x000000040b000000, 0x000000040b000000, 0x000000040b400000|  0%| F|  |TAMS 0x000000040b000000, 0x000000040b000000| Untracked 
|3629|0x000000040b400000, 0x000000040b400000, 0x000000040b800000|  0%| F|  |TAMS 0x000000040b400000, 0x000000040b400000| Untracked 
|3630|0x000000040b800000, 0x000000040b800000, 0x000000040bc00000|  0%| F|  |TAMS 0x000000040b800000, 0x000000040b800000| Untracked 
|3631|0x000000040bc00000, 0x000000040bc00000, 0x000000040c000000|  0%| F|  |TAMS 0x000000040bc00000, 0x000000040bc00000| Untracked 
|3632|0x000000040c000000, 0x000000040c000000, 0x000000040c400000|  0%| F|  |TAMS 0x000000040c000000, 0x000000040c000000| Untracked 
|3633|0x000000040c400000, 0x000000040c400000, 0x000000040c800000|  0%| F|  |TAMS 0x000000040c400000, 0x000000040c400000| Untracked 
|3634|0x000000040c800000, 0x000000040c800000, 0x000000040cc00000|  0%| F|  |TAMS 0x000000040c800000, 0x000000040c800000| Untracked 
|3635|0x000000040cc00000, 0x000000040cc00000, 0x000000040d000000|  0%| F|  |TAMS 0x000000040cc00000, 0x000000040cc00000| Untracked 
|3636|0x000000040d000000, 0x000000040d000000, 0x000000040d400000|  0%| F|  |TAMS 0x000000040d000000, 0x000000040d000000| Untracked 
|3637|0x000000040d400000, 0x000000040d400000, 0x000000040d800000|  0%| F|  |TAMS 0x000000040d400000, 0x000000040d400000| Untracked 
|3638|0x000000040d800000, 0x000000040d800000, 0x000000040dc00000|  0%| F|  |TAMS 0x000000040d800000, 0x000000040d800000| Untracked 
|3639|0x000000040dc00000, 0x000000040dc00000, 0x000000040e000000|  0%| F|  |TAMS 0x000000040dc00000, 0x000000040dc00000| Untracked 
|3640|0x000000040e000000, 0x000000040e000000, 0x000000040e400000|  0%| F|  |TAMS 0x000000040e000000, 0x000000040e000000| Untracked 
|3641|0x000000040e400000, 0x000000040e400000, 0x000000040e800000|  0%| F|  |TAMS 0x000000040e400000, 0x000000040e400000| Untracked 
|3642|0x000000040e800000, 0x000000040e800000, 0x000000040ec00000|  0%| F|  |TAMS 0x000000040e800000, 0x000000040e800000| Untracked 
|3643|0x000000040ec00000, 0x000000040ec00000, 0x000000040f000000|  0%| F|  |TAMS 0x000000040ec00000, 0x000000040ec00000| Untracked 
|3644|0x000000040f000000, 0x000000040f000000, 0x000000040f400000|  0%| F|  |TAMS 0x000000040f000000, 0x000000040f000000| Untracked 
|3645|0x000000040f400000, 0x000000040f400000, 0x000000040f800000|  0%| F|  |TAMS 0x000000040f400000, 0x000000040f400000| Untracked 
|3646|0x000000040f800000, 0x000000040f800000, 0x000000040fc00000|  0%| F|  |TAMS 0x000000040f800000, 0x000000040f800000| Untracked 
|3647|0x000000040fc00000, 0x000000040fc00000, 0x0000000410000000|  0%| F|  |TAMS 0x000000040fc00000, 0x000000040fc00000| Untracked 
|3648|0x0000000410000000, 0x0000000410000000, 0x0000000410400000|  0%| F|  |TAMS 0x0000000410000000, 0x0000000410000000| Untracked 
|3649|0x0000000410400000, 0x0000000410400000, 0x0000000410800000|  0%| F|  |TAMS 0x0000000410400000, 0x0000000410400000| Untracked 
|3650|0x0000000410800000, 0x0000000410800000, 0x0000000410c00000|  0%| F|  |TAMS 0x0000000410800000, 0x0000000410800000| Untracked 
|3651|0x0000000410c00000, 0x0000000410c00000, 0x0000000411000000|  0%| F|  |TAMS 0x0000000410c00000, 0x0000000410c00000| Untracked 
|3652|0x0000000411000000, 0x0000000411000000, 0x0000000411400000|  0%| F|  |TAMS 0x0000000411000000, 0x0000000411000000| Untracked 
|3653|0x0000000411400000, 0x0000000411400000, 0x0000000411800000|  0%| F|  |TAMS 0x0000000411400000, 0x0000000411400000| Untracked 
|3654|0x0000000411800000, 0x0000000411800000, 0x0000000411c00000|  0%| F|  |TAMS 0x0000000411800000, 0x0000000411800000| Untracked 
|3655|0x0000000411c00000, 0x0000000411c00000, 0x0000000412000000|  0%| F|  |TAMS 0x0000000411c00000, 0x0000000411c00000| Untracked 
|3656|0x0000000412000000, 0x0000000412000000, 0x0000000412400000|  0%| F|  |TAMS 0x0000000412000000, 0x0000000412000000| Untracked 
|3657|0x0000000412400000, 0x0000000412400000, 0x0000000412800000|  0%| F|  |TAMS 0x0000000412400000, 0x0000000412400000| Untracked 
|3658|0x0000000412800000, 0x0000000412800000, 0x0000000412c00000|  0%| F|  |TAMS 0x0000000412800000, 0x0000000412800000| Untracked 
|3659|0x0000000412c00000, 0x0000000412c00000, 0x0000000413000000|  0%| F|  |TAMS 0x0000000412c00000, 0x0000000412c00000| Untracked 
|3660|0x0000000413000000, 0x0000000413000000, 0x0000000413400000|  0%| F|  |TAMS 0x0000000413000000, 0x0000000413000000| Untracked 
|3661|0x0000000413400000, 0x0000000413400000, 0x0000000413800000|  0%| F|  |TAMS 0x0000000413400000, 0x0000000413400000| Untracked 
|3662|0x0000000413800000, 0x0000000413800000, 0x0000000413c00000|  0%| F|  |TAMS 0x0000000413800000, 0x0000000413800000| Untracked 
|3663|0x0000000413c00000, 0x0000000413c00000, 0x0000000414000000|  0%| F|  |TAMS 0x0000000413c00000, 0x0000000413c00000| Untracked 
|3664|0x0000000414000000, 0x0000000414000000, 0x0000000414400000|  0%| F|  |TAMS 0x0000000414000000, 0x0000000414000000| Untracked 
|3665|0x0000000414400000, 0x0000000414400000, 0x0000000414800000|  0%| F|  |TAMS 0x0000000414400000, 0x0000000414400000| Untracked 
|3666|0x0000000414800000, 0x0000000414800000, 0x0000000414c00000|  0%| F|  |TAMS 0x0000000414800000, 0x0000000414800000| Untracked 
|3667|0x0000000414c00000, 0x0000000414c00000, 0x0000000415000000|  0%| F|  |TAMS 0x0000000414c00000, 0x0000000414c00000| Untracked 
|3668|0x0000000415000000, 0x0000000415000000, 0x0000000415400000|  0%| F|  |TAMS 0x0000000415000000, 0x0000000415000000| Untracked 
|3669|0x0000000415400000, 0x0000000415400000, 0x0000000415800000|  0%| F|  |TAMS 0x0000000415400000, 0x0000000415400000| Untracked 
|3670|0x0000000415800000, 0x0000000415800000, 0x0000000415c00000|  0%| F|  |TAMS 0x0000000415800000, 0x0000000415800000| Untracked 
|3671|0x0000000415c00000, 0x0000000415c00000, 0x0000000416000000|  0%| F|  |TAMS 0x0000000415c00000, 0x0000000415c00000| Untracked 
|3672|0x0000000416000000, 0x0000000416000000, 0x0000000416400000|  0%| F|  |TAMS 0x0000000416000000, 0x0000000416000000| Untracked 
|3673|0x0000000416400000, 0x0000000416400000, 0x0000000416800000|  0%| F|  |TAMS 0x0000000416400000, 0x0000000416400000| Untracked 
|3674|0x0000000416800000, 0x0000000416800000, 0x0000000416c00000|  0%| F|  |TAMS 0x0000000416800000, 0x0000000416800000| Untracked 
|3675|0x0000000416c00000, 0x0000000416c00000, 0x0000000417000000|  0%| F|  |TAMS 0x0000000416c00000, 0x0000000416c00000| Untracked 
|3676|0x0000000417000000, 0x0000000417000000, 0x0000000417400000|  0%| F|  |TAMS 0x0000000417000000, 0x0000000417000000| Untracked 
|3677|0x0000000417400000, 0x0000000417400000, 0x0000000417800000|  0%| F|  |TAMS 0x0000000417400000, 0x0000000417400000| Untracked 
|3678|0x0000000417800000, 0x0000000417800000, 0x0000000417c00000|  0%| F|  |TAMS 0x0000000417800000, 0x0000000417800000| Untracked 
|3679|0x0000000417c00000, 0x0000000417c00000, 0x0000000418000000|  0%| F|  |TAMS 0x0000000417c00000, 0x0000000417c00000| Untracked 
|3680|0x0000000418000000, 0x0000000418000000, 0x0000000418400000|  0%| F|  |TAMS 0x0000000418000000, 0x0000000418000000| Untracked 
|3681|0x0000000418400000, 0x0000000418400000, 0x0000000418800000|  0%| F|  |TAMS 0x0000000418400000, 0x0000000418400000| Untracked 
|3682|0x0000000418800000, 0x0000000418800000, 0x0000000418c00000|  0%| F|  |TAMS 0x0000000418800000, 0x0000000418800000| Untracked 
|3683|0x0000000418c00000, 0x0000000418c00000, 0x0000000419000000|  0%| F|  |TAMS 0x0000000418c00000, 0x0000000418c00000| Untracked 
|3684|0x0000000419000000, 0x0000000419000000, 0x0000000419400000|  0%| F|  |TAMS 0x0000000419000000, 0x0000000419000000| Untracked 
|3685|0x0000000419400000, 0x0000000419400000, 0x0000000419800000|  0%| F|  |TAMS 0x0000000419400000, 0x0000000419400000| Untracked 
|3686|0x0000000419800000, 0x0000000419800000, 0x0000000419c00000|  0%| F|  |TAMS 0x0000000419800000, 0x0000000419800000| Untracked 
|3687|0x0000000419c00000, 0x0000000419c00000, 0x000000041a000000|  0%| F|  |TAMS 0x0000000419c00000, 0x0000000419c00000| Untracked 
|3688|0x000000041a000000, 0x000000041a000000, 0x000000041a400000|  0%| F|  |TAMS 0x000000041a000000, 0x000000041a000000| Untracked 
|3689|0x000000041a400000, 0x000000041a400000, 0x000000041a800000|  0%| F|  |TAMS 0x000000041a400000, 0x000000041a400000| Untracked 
|3690|0x000000041a800000, 0x000000041a800000, 0x000000041ac00000|  0%| F|  |TAMS 0x000000041a800000, 0x000000041a800000| Untracked 
|3691|0x000000041ac00000, 0x000000041ac00000, 0x000000041b000000|  0%| F|  |TAMS 0x000000041ac00000, 0x000000041ac00000| Untracked 
|3692|0x000000041b000000, 0x000000041b000000, 0x000000041b400000|  0%| F|  |TAMS 0x000000041b000000, 0x000000041b000000| Untracked 
|3693|0x000000041b400000, 0x000000041b400000, 0x000000041b800000|  0%| F|  |TAMS 0x000000041b400000, 0x000000041b400000| Untracked 
|3694|0x000000041b800000, 0x000000041b800000, 0x000000041bc00000|  0%| F|  |TAMS 0x000000041b800000, 0x000000041b800000| Untracked 
|3695|0x000000041bc00000, 0x000000041bc00000, 0x000000041c000000|  0%| F|  |TAMS 0x000000041bc00000, 0x000000041bc00000| Untracked 
|3696|0x000000041c000000, 0x000000041c000000, 0x000000041c400000|  0%| F|  |TAMS 0x000000041c000000, 0x000000041c000000| Untracked 
|3697|0x000000041c400000, 0x000000041c400000, 0x000000041c800000|  0%| F|  |TAMS 0x000000041c400000, 0x000000041c400000| Untracked 
|3698|0x000000041c800000, 0x000000041c800000, 0x000000041cc00000|  0%| F|  |TAMS 0x000000041c800000, 0x000000041c800000| Untracked 
|3699|0x000000041cc00000, 0x000000041cc00000, 0x000000041d000000|  0%| F|  |TAMS 0x000000041cc00000, 0x000000041cc00000| Untracked 
|3700|0x000000041d000000, 0x000000041d000000, 0x000000041d400000|  0%| F|  |TAMS 0x000000041d000000, 0x000000041d000000| Untracked 
|3701|0x000000041d400000, 0x000000041d400000, 0x000000041d800000|  0%| F|  |TAMS 0x000000041d400000, 0x000000041d400000| Untracked 
|3702|0x000000041d800000, 0x000000041d800000, 0x000000041dc00000|  0%| F|  |TAMS 0x000000041d800000, 0x000000041d800000| Untracked 
|3703|0x000000041dc00000, 0x000000041dc00000, 0x000000041e000000|  0%| F|  |TAMS 0x000000041dc00000, 0x000000041dc00000| Untracked 
|3704|0x000000041e000000, 0x000000041e000000, 0x000000041e400000|  0%| F|  |TAMS 0x000000041e000000, 0x000000041e000000| Untracked 
|3705|0x000000041e400000, 0x000000041e400000, 0x000000041e800000|  0%| F|  |TAMS 0x000000041e400000, 0x000000041e400000| Untracked 
|3706|0x000000041e800000, 0x000000041e800000, 0x000000041ec00000|  0%| F|  |TAMS 0x000000041e800000, 0x000000041e800000| Untracked 
|3707|0x000000041ec00000, 0x000000041ec00000, 0x000000041f000000|  0%| F|  |TAMS 0x000000041ec00000, 0x000000041ec00000| Untracked 
|3708|0x000000041f000000, 0x000000041f000000, 0x000000041f400000|  0%| F|  |TAMS 0x000000041f000000, 0x000000041f000000| Untracked 
|3709|0x000000041f400000, 0x000000041f400000, 0x000000041f800000|  0%| F|  |TAMS 0x000000041f400000, 0x000000041f400000| Untracked 
|3710|0x000000041f800000, 0x000000041f800000, 0x000000041fc00000|  0%| F|  |TAMS 0x000000041f800000, 0x000000041f800000| Untracked 
|3711|0x000000041fc00000, 0x000000041fc00000, 0x0000000420000000|  0%| F|  |TAMS 0x000000041fc00000, 0x000000041fc00000| Untracked 
|3712|0x0000000420000000, 0x0000000420000000, 0x0000000420400000|  0%| F|  |TAMS 0x0000000420000000, 0x0000000420000000| Untracked 
|3713|0x0000000420400000, 0x0000000420400000, 0x0000000420800000|  0%| F|  |TAMS 0x0000000420400000, 0x0000000420400000| Untracked 
|3714|0x0000000420800000, 0x0000000420800000, 0x0000000420c00000|  0%| F|  |TAMS 0x0000000420800000, 0x0000000420800000| Untracked 
|3715|0x0000000420c00000, 0x0000000420c00000, 0x0000000421000000|  0%| F|  |TAMS 0x0000000420c00000, 0x0000000420c00000| Untracked 
|3716|0x0000000421000000, 0x0000000421000000, 0x0000000421400000|  0%| F|  |TAMS 0x0000000421000000, 0x0000000421000000| Untracked 
|3717|0x0000000421400000, 0x0000000421400000, 0x0000000421800000|  0%| F|  |TAMS 0x0000000421400000, 0x0000000421400000| Untracked 
|3718|0x0000000421800000, 0x0000000421800000, 0x0000000421c00000|  0%| F|  |TAMS 0x0000000421800000, 0x0000000421800000| Untracked 
|3719|0x0000000421c00000, 0x0000000421c00000, 0x0000000422000000|  0%| F|  |TAMS 0x0000000421c00000, 0x0000000421c00000| Untracked 
|3720|0x0000000422000000, 0x0000000422000000, 0x0000000422400000|  0%| F|  |TAMS 0x0000000422000000, 0x0000000422000000| Untracked 
|3721|0x0000000422400000, 0x0000000422400000, 0x0000000422800000|  0%| F|  |TAMS 0x0000000422400000, 0x0000000422400000| Untracked 
|3722|0x0000000422800000, 0x0000000422800000, 0x0000000422c00000|  0%| F|  |TAMS 0x0000000422800000, 0x0000000422800000| Untracked 
|3723|0x0000000422c00000, 0x0000000422c00000, 0x0000000423000000|  0%| F|  |TAMS 0x0000000422c00000, 0x0000000422c00000| Untracked 
|3724|0x0000000423000000, 0x0000000423000000, 0x0000000423400000|  0%| F|  |TAMS 0x0000000423000000, 0x0000000423000000| Untracked 
|3725|0x0000000423400000, 0x0000000423400000, 0x0000000423800000|  0%| F|  |TAMS 0x0000000423400000, 0x0000000423400000| Untracked 
|3726|0x0000000423800000, 0x0000000423800000, 0x0000000423c00000|  0%| F|  |TAMS 0x0000000423800000, 0x0000000423800000| Untracked 
|3727|0x0000000423c00000, 0x0000000423c00000, 0x0000000424000000|  0%| F|  |TAMS 0x0000000423c00000, 0x0000000423c00000| Untracked 
|3728|0x0000000424000000, 0x0000000424000000, 0x0000000424400000|  0%| F|  |TAMS 0x0000000424000000, 0x0000000424000000| Untracked 
|3729|0x0000000424400000, 0x0000000424400000, 0x0000000424800000|  0%| F|  |TAMS 0x0000000424400000, 0x0000000424400000| Untracked 
|3730|0x0000000424800000, 0x0000000424800000, 0x0000000424c00000|  0%| F|  |TAMS 0x0000000424800000, 0x0000000424800000| Untracked 
|3731|0x0000000424c00000, 0x0000000424c00000, 0x0000000425000000|  0%| F|  |TAMS 0x0000000424c00000, 0x0000000424c00000| Untracked 
|3732|0x0000000425000000, 0x0000000425000000, 0x0000000425400000|  0%| F|  |TAMS 0x0000000425000000, 0x0000000425000000| Untracked 
|3733|0x0000000425400000, 0x0000000425400000, 0x0000000425800000|  0%| F|  |TAMS 0x0000000425400000, 0x0000000425400000| Untracked 
|3734|0x0000000425800000, 0x0000000425800000, 0x0000000425c00000|  0%| F|  |TAMS 0x0000000425800000, 0x0000000425800000| Untracked 
|3735|0x0000000425c00000, 0x0000000425c00000, 0x0000000426000000|  0%| F|  |TAMS 0x0000000425c00000, 0x0000000425c00000| Untracked 
|3736|0x0000000426000000, 0x0000000426000000, 0x0000000426400000|  0%| F|  |TAMS 0x0000000426000000, 0x0000000426000000| Untracked 
|3737|0x0000000426400000, 0x0000000426400000, 0x0000000426800000|  0%| F|  |TAMS 0x0000000426400000, 0x0000000426400000| Untracked 
|3738|0x0000000426800000, 0x0000000426800000, 0x0000000426c00000|  0%| F|  |TAMS 0x0000000426800000, 0x0000000426800000| Untracked 
|3739|0x0000000426c00000, 0x0000000426c00000, 0x0000000427000000|  0%| F|  |TAMS 0x0000000426c00000, 0x0000000426c00000| Untracked 
|3740|0x0000000427000000, 0x0000000427000000, 0x0000000427400000|  0%| F|  |TAMS 0x0000000427000000, 0x0000000427000000| Untracked 
|3741|0x0000000427400000, 0x0000000427400000, 0x0000000427800000|  0%| F|  |TAMS 0x0000000427400000, 0x0000000427400000| Untracked 
|3742|0x0000000427800000, 0x0000000427800000, 0x0000000427c00000|  0%| F|  |TAMS 0x0000000427800000, 0x0000000427800000| Untracked 
|3743|0x0000000427c00000, 0x0000000427c00000, 0x0000000428000000|  0%| F|  |TAMS 0x0000000427c00000, 0x0000000427c00000| Untracked 
|3744|0x0000000428000000, 0x0000000428000000, 0x0000000428400000|  0%| F|  |TAMS 0x0000000428000000, 0x0000000428000000| Untracked 
|3745|0x0000000428400000, 0x0000000428400000, 0x0000000428800000|  0%| F|  |TAMS 0x0000000428400000, 0x0000000428400000| Untracked 
|3746|0x0000000428800000, 0x0000000428800000, 0x0000000428c00000|  0%| F|  |TAMS 0x0000000428800000, 0x0000000428800000| Untracked 
|3747|0x0000000428c00000, 0x0000000428c00000, 0x0000000429000000|  0%| F|  |TAMS 0x0000000428c00000, 0x0000000428c00000| Untracked 
|3748|0x0000000429000000, 0x0000000429000000, 0x0000000429400000|  0%| F|  |TAMS 0x0000000429000000, 0x0000000429000000| Untracked 
|3749|0x0000000429400000, 0x0000000429400000, 0x0000000429800000|  0%| F|  |TAMS 0x0000000429400000, 0x0000000429400000| Untracked 
|3750|0x0000000429800000, 0x0000000429800000, 0x0000000429c00000|  0%| F|  |TAMS 0x0000000429800000, 0x0000000429800000| Untracked 
|3751|0x0000000429c00000, 0x0000000429c00000, 0x000000042a000000|  0%| F|  |TAMS 0x0000000429c00000, 0x0000000429c00000| Untracked 
|3752|0x000000042a000000, 0x000000042a000000, 0x000000042a400000|  0%| F|  |TAMS 0x000000042a000000, 0x000000042a000000| Untracked 
|3753|0x000000042a400000, 0x000000042a400000, 0x000000042a800000|  0%| F|  |TAMS 0x000000042a400000, 0x000000042a400000| Untracked 
|3754|0x000000042a800000, 0x000000042a800000, 0x000000042ac00000|  0%| F|  |TAMS 0x000000042a800000, 0x000000042a800000| Untracked 
|3755|0x000000042ac00000, 0x000000042ac00000, 0x000000042b000000|  0%| F|  |TAMS 0x000000042ac00000, 0x000000042ac00000| Untracked 
|3756|0x000000042b000000, 0x000000042b000000, 0x000000042b400000|  0%| F|  |TAMS 0x000000042b000000, 0x000000042b000000| Untracked 
|3757|0x000000042b400000, 0x000000042b400000, 0x000000042b800000|  0%| F|  |TAMS 0x000000042b400000, 0x000000042b400000| Untracked 
|3758|0x000000042b800000, 0x000000042b800000, 0x000000042bc00000|  0%| F|  |TAMS 0x000000042b800000, 0x000000042b800000| Untracked 
|3759|0x000000042bc00000, 0x000000042bc00000, 0x000000042c000000|  0%| F|  |TAMS 0x000000042bc00000, 0x000000042bc00000| Untracked 
|3760|0x000000042c000000, 0x000000042c000000, 0x000000042c400000|  0%| F|  |TAMS 0x000000042c000000, 0x000000042c000000| Untracked 
|3761|0x000000042c400000, 0x000000042c400000, 0x000000042c800000|  0%| F|  |TAMS 0x000000042c400000, 0x000000042c400000| Untracked 
|3762|0x000000042c800000, 0x000000042c800000, 0x000000042cc00000|  0%| F|  |TAMS 0x000000042c800000, 0x000000042c800000| Untracked 
|3763|0x000000042cc00000, 0x000000042cc00000, 0x000000042d000000|  0%| F|  |TAMS 0x000000042cc00000, 0x000000042cc00000| Untracked 
|3764|0x000000042d000000, 0x000000042d000000, 0x000000042d400000|  0%| F|  |TAMS 0x000000042d000000, 0x000000042d000000| Untracked 
|3765|0x000000042d400000, 0x000000042d400000, 0x000000042d800000|  0%| F|  |TAMS 0x000000042d400000, 0x000000042d400000| Untracked 
|3766|0x000000042d800000, 0x000000042d800000, 0x000000042dc00000|  0%| F|  |TAMS 0x000000042d800000, 0x000000042d800000| Untracked 
|3767|0x000000042dc00000, 0x000000042dc00000, 0x000000042e000000|  0%| F|  |TAMS 0x000000042dc00000, 0x000000042dc00000| Untracked 
|3768|0x000000042e000000, 0x000000042e000000, 0x000000042e400000|  0%| F|  |TAMS 0x000000042e000000, 0x000000042e000000| Untracked 
|3769|0x000000042e400000, 0x000000042e400000, 0x000000042e800000|  0%| F|  |TAMS 0x000000042e400000, 0x000000042e400000| Untracked 
|3770|0x000000042e800000, 0x000000042e800000, 0x000000042ec00000|  0%| F|  |TAMS 0x000000042e800000, 0x000000042e800000| Untracked 
|3771|0x000000042ec00000, 0x000000042ec00000, 0x000000042f000000|  0%| F|  |TAMS 0x000000042ec00000, 0x000000042ec00000| Untracked 
|3772|0x000000042f000000, 0x000000042f000000, 0x000000042f400000|  0%| F|  |TAMS 0x000000042f000000, 0x000000042f000000| Untracked 
|3773|0x000000042f400000, 0x000000042f400000, 0x000000042f800000|  0%| F|  |TAMS 0x000000042f400000, 0x000000042f400000| Untracked 
|3774|0x000000042f800000, 0x000000042f800000, 0x000000042fc00000|  0%| F|  |TAMS 0x000000042f800000, 0x000000042f800000| Untracked 
|3775|0x000000042fc00000, 0x000000042fc00000, 0x0000000430000000|  0%| F|  |TAMS 0x000000042fc00000, 0x000000042fc00000| Untracked 
|3776|0x0000000430000000, 0x0000000430000000, 0x0000000430400000|  0%| F|  |TAMS 0x0000000430000000, 0x0000000430000000| Untracked 
|3777|0x0000000430400000, 0x0000000430400000, 0x0000000430800000|  0%| F|  |TAMS 0x0000000430400000, 0x0000000430400000| Untracked 
|3778|0x0000000430800000, 0x0000000430800000, 0x0000000430c00000|  0%| F|  |TAMS 0x0000000430800000, 0x0000000430800000| Untracked 
|3779|0x0000000430c00000, 0x0000000430c00000, 0x0000000431000000|  0%| F|  |TAMS 0x0000000430c00000, 0x0000000430c00000| Untracked 
|3780|0x0000000431000000, 0x0000000431000000, 0x0000000431400000|  0%| F|  |TAMS 0x0000000431000000, 0x0000000431000000| Untracked 
|3781|0x0000000431400000, 0x0000000431400000, 0x0000000431800000|  0%| F|  |TAMS 0x0000000431400000, 0x0000000431400000| Untracked 
|3782|0x0000000431800000, 0x0000000431800000, 0x0000000431c00000|  0%| F|  |TAMS 0x0000000431800000, 0x0000000431800000| Untracked 
|3783|0x0000000431c00000, 0x0000000431c00000, 0x0000000432000000|  0%| F|  |TAMS 0x0000000431c00000, 0x0000000431c00000| Untracked 
|3784|0x0000000432000000, 0x0000000432000000, 0x0000000432400000|  0%| F|  |TAMS 0x0000000432000000, 0x0000000432000000| Untracked 
|3785|0x0000000432400000, 0x0000000432400000, 0x0000000432800000|  0%| F|  |TAMS 0x0000000432400000, 0x0000000432400000| Untracked 
|3786|0x0000000432800000, 0x0000000432800000, 0x0000000432c00000|  0%| F|  |TAMS 0x0000000432800000, 0x0000000432800000| Untracked 
|3787|0x0000000432c00000, 0x0000000432c00000, 0x0000000433000000|  0%| F|  |TAMS 0x0000000432c00000, 0x0000000432c00000| Untracked 
|3788|0x0000000433000000, 0x0000000433000000, 0x0000000433400000|  0%| F|  |TAMS 0x0000000433000000, 0x0000000433000000| Untracked 
|3789|0x0000000433400000, 0x0000000433400000, 0x0000000433800000|  0%| F|  |TAMS 0x0000000433400000, 0x0000000433400000| Untracked 
|3790|0x0000000433800000, 0x0000000433800000, 0x0000000433c00000|  0%| F|  |TAMS 0x0000000433800000, 0x0000000433800000| Untracked 
|3791|0x0000000433c00000, 0x0000000433c00000, 0x0000000434000000|  0%| F|  |TAMS 0x0000000433c00000, 0x0000000433c00000| Untracked 
|3792|0x0000000434000000, 0x0000000434000000, 0x0000000434400000|  0%| F|  |TAMS 0x0000000434000000, 0x0000000434000000| Untracked 
|3793|0x0000000434400000, 0x0000000434400000, 0x0000000434800000|  0%| F|  |TAMS 0x0000000434400000, 0x0000000434400000| Untracked 
|3794|0x0000000434800000, 0x0000000434800000, 0x0000000434c00000|  0%| F|  |TAMS 0x0000000434800000, 0x0000000434800000| Untracked 
|3795|0x0000000434c00000, 0x0000000434c00000, 0x0000000435000000|  0%| F|  |TAMS 0x0000000434c00000, 0x0000000434c00000| Untracked 
|3796|0x0000000435000000, 0x0000000435000000, 0x0000000435400000|  0%| F|  |TAMS 0x0000000435000000, 0x0000000435000000| Untracked 
|3797|0x0000000435400000, 0x0000000435400000, 0x0000000435800000|  0%| F|  |TAMS 0x0000000435400000, 0x0000000435400000| Untracked 
|3798|0x0000000435800000, 0x0000000435800000, 0x0000000435c00000|  0%| F|  |TAMS 0x0000000435800000, 0x0000000435800000| Untracked 
|3799|0x0000000435c00000, 0x0000000435c00000, 0x0000000436000000|  0%| F|  |TAMS 0x0000000435c00000, 0x0000000435c00000| Untracked 
|3800|0x0000000436000000, 0x0000000436000000, 0x0000000436400000|  0%| F|  |TAMS 0x0000000436000000, 0x0000000436000000| Untracked 
|3801|0x0000000436400000, 0x0000000436400000, 0x0000000436800000|  0%| F|  |TAMS 0x0000000436400000, 0x0000000436400000| Untracked 
|3802|0x0000000436800000, 0x0000000436800000, 0x0000000436c00000|  0%| F|  |TAMS 0x0000000436800000, 0x0000000436800000| Untracked 
|3803|0x0000000436c00000, 0x0000000436c00000, 0x0000000437000000|  0%| F|  |TAMS 0x0000000436c00000, 0x0000000436c00000| Untracked 
|3804|0x0000000437000000, 0x0000000437000000, 0x0000000437400000|  0%| F|  |TAMS 0x0000000437000000, 0x0000000437000000| Untracked 
|3805|0x0000000437400000, 0x0000000437400000, 0x0000000437800000|  0%| F|  |TAMS 0x0000000437400000, 0x0000000437400000| Untracked 
|3806|0x0000000437800000, 0x0000000437800000, 0x0000000437c00000|  0%| F|  |TAMS 0x0000000437800000, 0x0000000437800000| Untracked 
|3807|0x0000000437c00000, 0x0000000437c00000, 0x0000000438000000|  0%| F|  |TAMS 0x0000000437c00000, 0x0000000437c00000| Untracked 
|3808|0x0000000438000000, 0x0000000438000000, 0x0000000438400000|  0%| F|  |TAMS 0x0000000438000000, 0x0000000438000000| Untracked 
|3809|0x0000000438400000, 0x0000000438400000, 0x0000000438800000|  0%| F|  |TAMS 0x0000000438400000, 0x0000000438400000| Untracked 
|3810|0x0000000438800000, 0x0000000438800000, 0x0000000438c00000|  0%| F|  |TAMS 0x0000000438800000, 0x0000000438800000| Untracked 
|3811|0x0000000438c00000, 0x0000000438c00000, 0x0000000439000000|  0%| F|  |TAMS 0x0000000438c00000, 0x0000000438c00000| Untracked 
|3812|0x0000000439000000, 0x0000000439000000, 0x0000000439400000|  0%| F|  |TAMS 0x0000000439000000, 0x0000000439000000| Untracked 
|3813|0x0000000439400000, 0x0000000439400000, 0x0000000439800000|  0%| F|  |TAMS 0x0000000439400000, 0x0000000439400000| Untracked 
|3814|0x0000000439800000, 0x0000000439800000, 0x0000000439c00000|  0%| F|  |TAMS 0x0000000439800000, 0x0000000439800000| Untracked 
|3815|0x0000000439c00000, 0x0000000439c00000, 0x000000043a000000|  0%| F|  |TAMS 0x0000000439c00000, 0x0000000439c00000| Untracked 
|3816|0x000000043a000000, 0x000000043a000000, 0x000000043a400000|  0%| F|  |TAMS 0x000000043a000000, 0x000000043a000000| Untracked 
|3817|0x000000043a400000, 0x000000043a400000, 0x000000043a800000|  0%| F|  |TAMS 0x000000043a400000, 0x000000043a400000| Untracked 
|3818|0x000000043a800000, 0x000000043a800000, 0x000000043ac00000|  0%| F|  |TAMS 0x000000043a800000, 0x000000043a800000| Untracked 
|3819|0x000000043ac00000, 0x000000043ac00000, 0x000000043b000000|  0%| F|  |TAMS 0x000000043ac00000, 0x000000043ac00000| Untracked 
|3820|0x000000043b000000, 0x000000043b000000, 0x000000043b400000|  0%| F|  |TAMS 0x000000043b000000, 0x000000043b000000| Untracked 
|3821|0x000000043b400000, 0x000000043b400000, 0x000000043b800000|  0%| F|  |TAMS 0x000000043b400000, 0x000000043b400000| Untracked 
|3822|0x000000043b800000, 0x000000043b800000, 0x000000043bc00000|  0%| F|  |TAMS 0x000000043b800000, 0x000000043b800000| Untracked 
|3823|0x000000043bc00000, 0x000000043bc00000, 0x000000043c000000|  0%| F|  |TAMS 0x000000043bc00000, 0x000000043bc00000| Untracked 
|3824|0x000000043c000000, 0x000000043c000000, 0x000000043c400000|  0%| F|  |TAMS 0x000000043c000000, 0x000000043c000000| Untracked 
|3825|0x000000043c400000, 0x000000043c400000, 0x000000043c800000|  0%| F|  |TAMS 0x000000043c400000, 0x000000043c400000| Untracked 
|3826|0x000000043c800000, 0x000000043c800000, 0x000000043cc00000|  0%| F|  |TAMS 0x000000043c800000, 0x000000043c800000| Untracked 
|3827|0x000000043cc00000, 0x000000043cc00000, 0x000000043d000000|  0%| F|  |TAMS 0x000000043cc00000, 0x000000043cc00000| Untracked 
|3828|0x000000043d000000, 0x000000043d000000, 0x000000043d400000|  0%| F|  |TAMS 0x000000043d000000, 0x000000043d000000| Untracked 
|3829|0x000000043d400000, 0x000000043d400000, 0x000000043d800000|  0%| F|  |TAMS 0x000000043d400000, 0x000000043d400000| Untracked 
|3830|0x000000043d800000, 0x000000043d800000, 0x000000043dc00000|  0%| F|  |TAMS 0x000000043d800000, 0x000000043d800000| Untracked 
|3831|0x000000043dc00000, 0x000000043dc00000, 0x000000043e000000|  0%| F|  |TAMS 0x000000043dc00000, 0x000000043dc00000| Untracked 
|3832|0x000000043e000000, 0x000000043e000000, 0x000000043e400000|  0%| F|  |TAMS 0x000000043e000000, 0x000000043e000000| Untracked 
|3833|0x000000043e400000, 0x000000043e400000, 0x000000043e800000|  0%| F|  |TAMS 0x000000043e400000, 0x000000043e400000| Untracked 
|3834|0x000000043e800000, 0x000000043e800000, 0x000000043ec00000|  0%| F|  |TAMS 0x000000043e800000, 0x000000043e800000| Untracked 
|3835|0x000000043ec00000, 0x000000043ec00000, 0x000000043f000000|  0%| F|  |TAMS 0x000000043ec00000, 0x000000043ec00000| Untracked 
|3836|0x000000043f000000, 0x000000043f000000, 0x000000043f400000|  0%| F|  |TAMS 0x000000043f000000, 0x000000043f000000| Untracked 
|3837|0x000000043f400000, 0x000000043f400000, 0x000000043f800000|  0%| F|  |TAMS 0x000000043f400000, 0x000000043f400000| Untracked 
|3838|0x000000043f800000, 0x000000043f800000, 0x000000043fc00000|  0%| F|  |TAMS 0x000000043f800000, 0x000000043f800000| Untracked 
|3839|0x000000043fc00000, 0x000000043fc00000, 0x0000000440000000|  0%| F|  |TAMS 0x000000043fc00000, 0x000000043fc00000| Untracked 
|3840|0x0000000440000000, 0x0000000440000000, 0x0000000440400000|  0%| F|  |TAMS 0x0000000440000000, 0x0000000440000000| Untracked 
|3841|0x0000000440400000, 0x0000000440400000, 0x0000000440800000|  0%| F|  |TAMS 0x0000000440400000, 0x0000000440400000| Untracked 
|3842|0x0000000440800000, 0x0000000440800000, 0x0000000440c00000|  0%| F|  |TAMS 0x0000000440800000, 0x0000000440800000| Untracked 
|3843|0x0000000440c00000, 0x0000000440c00000, 0x0000000441000000|  0%| F|  |TAMS 0x0000000440c00000, 0x0000000440c00000| Untracked 
|3844|0x0000000441000000, 0x0000000441000000, 0x0000000441400000|  0%| F|  |TAMS 0x0000000441000000, 0x0000000441000000| Untracked 
|3845|0x0000000441400000, 0x0000000441400000, 0x0000000441800000|  0%| F|  |TAMS 0x0000000441400000, 0x0000000441400000| Untracked 
|3846|0x0000000441800000, 0x0000000441800000, 0x0000000441c00000|  0%| F|  |TAMS 0x0000000441800000, 0x0000000441800000| Untracked 
|3847|0x0000000441c00000, 0x0000000441c00000, 0x0000000442000000|  0%| F|  |TAMS 0x0000000441c00000, 0x0000000441c00000| Untracked 
|3848|0x0000000442000000, 0x0000000442000000, 0x0000000442400000|  0%| F|  |TAMS 0x0000000442000000, 0x0000000442000000| Untracked 
|3849|0x0000000442400000, 0x0000000442400000, 0x0000000442800000|  0%| F|  |TAMS 0x0000000442400000, 0x0000000442400000| Untracked 
|3850|0x0000000442800000, 0x0000000442800000, 0x0000000442c00000|  0%| F|  |TAMS 0x0000000442800000, 0x0000000442800000| Untracked 
|3851|0x0000000442c00000, 0x0000000442c00000, 0x0000000443000000|  0%| F|  |TAMS 0x0000000442c00000, 0x0000000442c00000| Untracked 
|3852|0x0000000443000000, 0x0000000443000000, 0x0000000443400000|  0%| F|  |TAMS 0x0000000443000000, 0x0000000443000000| Untracked 
|3853|0x0000000443400000, 0x0000000443400000, 0x0000000443800000|  0%| F|  |TAMS 0x0000000443400000, 0x0000000443400000| Untracked 
|3854|0x0000000443800000, 0x0000000443800000, 0x0000000443c00000|  0%| F|  |TAMS 0x0000000443800000, 0x0000000443800000| Untracked 
|3855|0x0000000443c00000, 0x0000000443c00000, 0x0000000444000000|  0%| F|  |TAMS 0x0000000443c00000, 0x0000000443c00000| Untracked 
|3856|0x0000000444000000, 0x0000000444000000, 0x0000000444400000|  0%| F|  |TAMS 0x0000000444000000, 0x0000000444000000| Untracked 
|3857|0x0000000444400000, 0x0000000444400000, 0x0000000444800000|  0%| F|  |TAMS 0x0000000444400000, 0x0000000444400000| Untracked 
|3858|0x0000000444800000, 0x0000000444800000, 0x0000000444c00000|  0%| F|  |TAMS 0x0000000444800000, 0x0000000444800000| Untracked 
|3859|0x0000000444c00000, 0x0000000444c00000, 0x0000000445000000|  0%| F|  |TAMS 0x0000000444c00000, 0x0000000444c00000| Untracked 
|3860|0x0000000445000000, 0x0000000445000000, 0x0000000445400000|  0%| F|  |TAMS 0x0000000445000000, 0x0000000445000000| Untracked 
|3861|0x0000000445400000, 0x0000000445400000, 0x0000000445800000|  0%| F|  |TAMS 0x0000000445400000, 0x0000000445400000| Untracked 
|3862|0x0000000445800000, 0x0000000445800000, 0x0000000445c00000|  0%| F|  |TAMS 0x0000000445800000, 0x0000000445800000| Untracked 
|3863|0x0000000445c00000, 0x0000000445c00000, 0x0000000446000000|  0%| F|  |TAMS 0x0000000445c00000, 0x0000000445c00000| Untracked 
|3864|0x0000000446000000, 0x0000000446000000, 0x0000000446400000|  0%| F|  |TAMS 0x0000000446000000, 0x0000000446000000| Untracked 
|3865|0x0000000446400000, 0x0000000446400000, 0x0000000446800000|  0%| F|  |TAMS 0x0000000446400000, 0x0000000446400000| Untracked 
|3866|0x0000000446800000, 0x0000000446800000, 0x0000000446c00000|  0%| F|  |TAMS 0x0000000446800000, 0x0000000446800000| Untracked 
|3867|0x0000000446c00000, 0x0000000446c00000, 0x0000000447000000|  0%| F|  |TAMS 0x0000000446c00000, 0x0000000446c00000| Untracked 
|3868|0x0000000447000000, 0x0000000447000000, 0x0000000447400000|  0%| F|  |TAMS 0x0000000447000000, 0x0000000447000000| Untracked 
|3869|0x0000000447400000, 0x0000000447400000, 0x0000000447800000|  0%| F|  |TAMS 0x0000000447400000, 0x0000000447400000| Untracked 
|3870|0x0000000447800000, 0x0000000447800000, 0x0000000447c00000|  0%| F|  |TAMS 0x0000000447800000, 0x0000000447800000| Untracked 
|3871|0x0000000447c00000, 0x0000000447c00000, 0x0000000448000000|  0%| F|  |TAMS 0x0000000447c00000, 0x0000000447c00000| Untracked 
|3872|0x0000000448000000, 0x0000000448000000, 0x0000000448400000|  0%| F|  |TAMS 0x0000000448000000, 0x0000000448000000| Untracked 
|3873|0x0000000448400000, 0x0000000448400000, 0x0000000448800000|  0%| F|  |TAMS 0x0000000448400000, 0x0000000448400000| Untracked 
|3874|0x0000000448800000, 0x0000000448800000, 0x0000000448c00000|  0%| F|  |TAMS 0x0000000448800000, 0x0000000448800000| Untracked 
|3875|0x0000000448c00000, 0x0000000448c00000, 0x0000000449000000|  0%| F|  |TAMS 0x0000000448c00000, 0x0000000448c00000| Untracked 
|3876|0x0000000449000000, 0x0000000449000000, 0x0000000449400000|  0%| F|  |TAMS 0x0000000449000000, 0x0000000449000000| Untracked 
|3877|0x0000000449400000, 0x0000000449400000, 0x0000000449800000|  0%| F|  |TAMS 0x0000000449400000, 0x0000000449400000| Untracked 
|3878|0x0000000449800000, 0x0000000449800000, 0x0000000449c00000|  0%| F|  |TAMS 0x0000000449800000, 0x0000000449800000| Untracked 
|3879|0x0000000449c00000, 0x0000000449c00000, 0x000000044a000000|  0%| F|  |TAMS 0x0000000449c00000, 0x0000000449c00000| Untracked 
|3880|0x000000044a000000, 0x000000044a000000, 0x000000044a400000|  0%| F|  |TAMS 0x000000044a000000, 0x000000044a000000| Untracked 
|3881|0x000000044a400000, 0x000000044a400000, 0x000000044a800000|  0%| F|  |TAMS 0x000000044a400000, 0x000000044a400000| Untracked 
|3882|0x000000044a800000, 0x000000044a800000, 0x000000044ac00000|  0%| F|  |TAMS 0x000000044a800000, 0x000000044a800000| Untracked 
|3883|0x000000044ac00000, 0x000000044ac00000, 0x000000044b000000|  0%| F|  |TAMS 0x000000044ac00000, 0x000000044ac00000| Untracked 
|3884|0x000000044b000000, 0x000000044b000000, 0x000000044b400000|  0%| F|  |TAMS 0x000000044b000000, 0x000000044b000000| Untracked 
|3885|0x000000044b400000, 0x000000044b400000, 0x000000044b800000|  0%| F|  |TAMS 0x000000044b400000, 0x000000044b400000| Untracked 
|3886|0x000000044b800000, 0x000000044b800000, 0x000000044bc00000|  0%| F|  |TAMS 0x000000044b800000, 0x000000044b800000| Untracked 
|3887|0x000000044bc00000, 0x000000044bc00000, 0x000000044c000000|  0%| F|  |TAMS 0x000000044bc00000, 0x000000044bc00000| Untracked 
|3888|0x000000044c000000, 0x000000044c000000, 0x000000044c400000|  0%| F|  |TAMS 0x000000044c000000, 0x000000044c000000| Untracked 
|3889|0x000000044c400000, 0x000000044c400000, 0x000000044c800000|  0%| F|  |TAMS 0x000000044c400000, 0x000000044c400000| Untracked 
|3890|0x000000044c800000, 0x000000044c800000, 0x000000044cc00000|  0%| F|  |TAMS 0x000000044c800000, 0x000000044c800000| Untracked 
|3891|0x000000044cc00000, 0x000000044cc00000, 0x000000044d000000|  0%| F|  |TAMS 0x000000044cc00000, 0x000000044cc00000| Untracked 
|3892|0x000000044d000000, 0x000000044d000000, 0x000000044d400000|  0%| F|  |TAMS 0x000000044d000000, 0x000000044d000000| Untracked 
|3893|0x000000044d400000, 0x000000044d400000, 0x000000044d800000|  0%| F|  |TAMS 0x000000044d400000, 0x000000044d400000| Untracked 
|3894|0x000000044d800000, 0x000000044d800000, 0x000000044dc00000|  0%| F|  |TAMS 0x000000044d800000, 0x000000044d800000| Untracked 
|3895|0x000000044dc00000, 0x000000044dc00000, 0x000000044e000000|  0%| F|  |TAMS 0x000000044dc00000, 0x000000044dc00000| Untracked 
|3896|0x000000044e000000, 0x000000044e000000, 0x000000044e400000|  0%| F|  |TAMS 0x000000044e000000, 0x000000044e000000| Untracked 
|3897|0x000000044e400000, 0x000000044e400000, 0x000000044e800000|  0%| F|  |TAMS 0x000000044e400000, 0x000000044e400000| Untracked 
|3898|0x000000044e800000, 0x000000044e800000, 0x000000044ec00000|  0%| F|  |TAMS 0x000000044e800000, 0x000000044e800000| Untracked 
|3899|0x000000044ec00000, 0x000000044ec00000, 0x000000044f000000|  0%| F|  |TAMS 0x000000044ec00000, 0x000000044ec00000| Untracked 
|3900|0x000000044f000000, 0x000000044f000000, 0x000000044f400000|  0%| F|  |TAMS 0x000000044f000000, 0x000000044f000000| Untracked 
|3901|0x000000044f400000, 0x000000044f400000, 0x000000044f800000|  0%| F|  |TAMS 0x000000044f400000, 0x000000044f400000| Untracked 
|3902|0x000000044f800000, 0x000000044f800000, 0x000000044fc00000|  0%| F|  |TAMS 0x000000044f800000, 0x000000044f800000| Untracked 
|3903|0x000000044fc00000, 0x000000044fc00000, 0x0000000450000000|  0%| F|  |TAMS 0x000000044fc00000, 0x000000044fc00000| Untracked 
|3904|0x0000000450000000, 0x0000000450000000, 0x0000000450400000|  0%| F|  |TAMS 0x0000000450000000, 0x0000000450000000| Untracked 
|3905|0x0000000450400000, 0x0000000450400000, 0x0000000450800000|  0%| F|  |TAMS 0x0000000450400000, 0x0000000450400000| Untracked 
|3906|0x0000000450800000, 0x0000000450800000, 0x0000000450c00000|  0%| F|  |TAMS 0x0000000450800000, 0x0000000450800000| Untracked 
|3907|0x0000000450c00000, 0x0000000450c00000, 0x0000000451000000|  0%| F|  |TAMS 0x0000000450c00000, 0x0000000450c00000| Untracked 
|3908|0x0000000451000000, 0x0000000451000000, 0x0000000451400000|  0%| F|  |TAMS 0x0000000451000000, 0x0000000451000000| Untracked 
|3909|0x0000000451400000, 0x0000000451400000, 0x0000000451800000|  0%| F|  |TAMS 0x0000000451400000, 0x0000000451400000| Untracked 
|3910|0x0000000451800000, 0x0000000451800000, 0x0000000451c00000|  0%| F|  |TAMS 0x0000000451800000, 0x0000000451800000| Untracked 
|3911|0x0000000451c00000, 0x0000000451c00000, 0x0000000452000000|  0%| F|  |TAMS 0x0000000451c00000, 0x0000000451c00000| Untracked 
|3912|0x0000000452000000, 0x0000000452000000, 0x0000000452400000|  0%| F|  |TAMS 0x0000000452000000, 0x0000000452000000| Untracked 
|3913|0x0000000452400000, 0x0000000452400000, 0x0000000452800000|  0%| F|  |TAMS 0x0000000452400000, 0x0000000452400000| Untracked 
|3914|0x0000000452800000, 0x0000000452800000, 0x0000000452c00000|  0%| F|  |TAMS 0x0000000452800000, 0x0000000452800000| Untracked 
|3915|0x0000000452c00000, 0x0000000452c00000, 0x0000000453000000|  0%| F|  |TAMS 0x0000000452c00000, 0x0000000452c00000| Untracked 
|3916|0x0000000453000000, 0x0000000453000000, 0x0000000453400000|  0%| F|  |TAMS 0x0000000453000000, 0x0000000453000000| Untracked 
|3917|0x0000000453400000, 0x0000000453400000, 0x0000000453800000|  0%| F|  |TAMS 0x0000000453400000, 0x0000000453400000| Untracked 
|3918|0x0000000453800000, 0x0000000453800000, 0x0000000453c00000|  0%| F|  |TAMS 0x0000000453800000, 0x0000000453800000| Untracked 
|3919|0x0000000453c00000, 0x0000000453c00000, 0x0000000454000000|  0%| F|  |TAMS 0x0000000453c00000, 0x0000000453c00000| Untracked 
|3920|0x0000000454000000, 0x0000000454000000, 0x0000000454400000|  0%| F|  |TAMS 0x0000000454000000, 0x0000000454000000| Untracked 
|3921|0x0000000454400000, 0x0000000454400000, 0x0000000454800000|  0%| F|  |TAMS 0x0000000454400000, 0x0000000454400000| Untracked 
|3922|0x0000000454800000, 0x0000000454800000, 0x0000000454c00000|  0%| F|  |TAMS 0x0000000454800000, 0x0000000454800000| Untracked 
|3923|0x0000000454c00000, 0x0000000454c00000, 0x0000000455000000|  0%| F|  |TAMS 0x0000000454c00000, 0x0000000454c00000| Untracked 
|3924|0x0000000455000000, 0x0000000455000000, 0x0000000455400000|  0%| F|  |TAMS 0x0000000455000000, 0x0000000455000000| Untracked 
|3925|0x0000000455400000, 0x0000000455400000, 0x0000000455800000|  0%| F|  |TAMS 0x0000000455400000, 0x0000000455400000| Untracked 
|3926|0x0000000455800000, 0x0000000455800000, 0x0000000455c00000|  0%| F|  |TAMS 0x0000000455800000, 0x0000000455800000| Untracked 
|3927|0x0000000455c00000, 0x0000000455c00000, 0x0000000456000000|  0%| F|  |TAMS 0x0000000455c00000, 0x0000000455c00000| Untracked 
|3928|0x0000000456000000, 0x0000000456000000, 0x0000000456400000|  0%| F|  |TAMS 0x0000000456000000, 0x0000000456000000| Untracked 
|3929|0x0000000456400000, 0x0000000456400000, 0x0000000456800000|  0%| F|  |TAMS 0x0000000456400000, 0x0000000456400000| Untracked 
|3930|0x0000000456800000, 0x0000000456800000, 0x0000000456c00000|  0%| F|  |TAMS 0x0000000456800000, 0x0000000456800000| Untracked 
|3931|0x0000000456c00000, 0x0000000456c00000, 0x0000000457000000|  0%| F|  |TAMS 0x0000000456c00000, 0x0000000456c00000| Untracked 
|3932|0x0000000457000000, 0x0000000457000000, 0x0000000457400000|  0%| F|  |TAMS 0x0000000457000000, 0x0000000457000000| Untracked 
|3933|0x0000000457400000, 0x0000000457400000, 0x0000000457800000|  0%| F|  |TAMS 0x0000000457400000, 0x0000000457400000| Untracked 
|3934|0x0000000457800000, 0x0000000457800000, 0x0000000457c00000|  0%| F|  |TAMS 0x0000000457800000, 0x0000000457800000| Untracked 
|3935|0x0000000457c00000, 0x0000000457c00000, 0x0000000458000000|  0%| F|  |TAMS 0x0000000457c00000, 0x0000000457c00000| Untracked 
|3936|0x0000000458000000, 0x0000000458000000, 0x0000000458400000|  0%| F|  |TAMS 0x0000000458000000, 0x0000000458000000| Untracked 
|3937|0x0000000458400000, 0x0000000458400000, 0x0000000458800000|  0%| F|  |TAMS 0x0000000458400000, 0x0000000458400000| Untracked 
|3938|0x0000000458800000, 0x0000000458800000, 0x0000000458c00000|  0%| F|  |TAMS 0x0000000458800000, 0x0000000458800000| Untracked 
|3939|0x0000000458c00000, 0x0000000458c00000, 0x0000000459000000|  0%| F|  |TAMS 0x0000000458c00000, 0x0000000458c00000| Untracked 
|3940|0x0000000459000000, 0x0000000459000000, 0x0000000459400000|  0%| F|  |TAMS 0x0000000459000000, 0x0000000459000000| Untracked 
|3941|0x0000000459400000, 0x0000000459400000, 0x0000000459800000|  0%| F|  |TAMS 0x0000000459400000, 0x0000000459400000| Untracked 
|3942|0x0000000459800000, 0x0000000459800000, 0x0000000459c00000|  0%| F|  |TAMS 0x0000000459800000, 0x0000000459800000| Untracked 
|3943|0x0000000459c00000, 0x0000000459c00000, 0x000000045a000000|  0%| F|  |TAMS 0x0000000459c00000, 0x0000000459c00000| Untracked 
|3944|0x000000045a000000, 0x000000045a000000, 0x000000045a400000|  0%| F|  |TAMS 0x000000045a000000, 0x000000045a000000| Untracked 
|3945|0x000000045a400000, 0x000000045a400000, 0x000000045a800000|  0%| F|  |TAMS 0x000000045a400000, 0x000000045a400000| Untracked 
|3946|0x000000045a800000, 0x000000045a800000, 0x000000045ac00000|  0%| F|  |TAMS 0x000000045a800000, 0x000000045a800000| Untracked 
|3947|0x000000045ac00000, 0x000000045ac00000, 0x000000045b000000|  0%| F|  |TAMS 0x000000045ac00000, 0x000000045ac00000| Untracked 
|3948|0x000000045b000000, 0x000000045b000000, 0x000000045b400000|  0%| F|  |TAMS 0x000000045b000000, 0x000000045b000000| Untracked 
|3949|0x000000045b400000, 0x000000045b400000, 0x000000045b800000|  0%| F|  |TAMS 0x000000045b400000, 0x000000045b400000| Untracked 
|3950|0x000000045b800000, 0x000000045b800000, 0x000000045bc00000|  0%| F|  |TAMS 0x000000045b800000, 0x000000045b800000| Untracked 
|3951|0x000000045bc00000, 0x000000045bc00000, 0x000000045c000000|  0%| F|  |TAMS 0x000000045bc00000, 0x000000045bc00000| Untracked 
|3952|0x000000045c000000, 0x000000045c000000, 0x000000045c400000|  0%| F|  |TAMS 0x000000045c000000, 0x000000045c000000| Untracked 
|3953|0x000000045c400000, 0x000000045c400000, 0x000000045c800000|  0%| F|  |TAMS 0x000000045c400000, 0x000000045c400000| Untracked 
|3954|0x000000045c800000, 0x000000045c800000, 0x000000045cc00000|  0%| F|  |TAMS 0x000000045c800000, 0x000000045c800000| Untracked 
|3955|0x000000045cc00000, 0x000000045cc00000, 0x000000045d000000|  0%| F|  |TAMS 0x000000045cc00000, 0x000000045cc00000| Untracked 
|3956|0x000000045d000000, 0x000000045d000000, 0x000000045d400000|  0%| F|  |TAMS 0x000000045d000000, 0x000000045d000000| Untracked 
|3957|0x000000045d400000, 0x000000045d400000, 0x000000045d800000|  0%| F|  |TAMS 0x000000045d400000, 0x000000045d400000| Untracked 
|3958|0x000000045d800000, 0x000000045d800000, 0x000000045dc00000|  0%| F|  |TAMS 0x000000045d800000, 0x000000045d800000| Untracked 
|3959|0x000000045dc00000, 0x000000045dc00000, 0x000000045e000000|  0%| F|  |TAMS 0x000000045dc00000, 0x000000045dc00000| Untracked 
|3960|0x000000045e000000, 0x000000045e000000, 0x000000045e400000|  0%| F|  |TAMS 0x000000045e000000, 0x000000045e000000| Untracked 
|3961|0x000000045e400000, 0x000000045e400000, 0x000000045e800000|  0%| F|  |TAMS 0x000000045e400000, 0x000000045e400000| Untracked 
|3962|0x000000045e800000, 0x000000045e800000, 0x000000045ec00000|  0%| F|  |TAMS 0x000000045e800000, 0x000000045e800000| Untracked 
|3963|0x000000045ec00000, 0x000000045ec00000, 0x000000045f000000|  0%| F|  |TAMS 0x000000045ec00000, 0x000000045ec00000| Untracked 
|3964|0x000000045f000000, 0x000000045f000000, 0x000000045f400000|  0%| F|  |TAMS 0x000000045f000000, 0x000000045f000000| Untracked 
|3965|0x000000045f400000, 0x000000045f400000, 0x000000045f800000|  0%| F|  |TAMS 0x000000045f400000, 0x000000045f400000| Untracked 
|3966|0x000000045f800000, 0x000000045f800000, 0x000000045fc00000|  0%| F|  |TAMS 0x000000045f800000, 0x000000045f800000| Untracked 
|3967|0x000000045fc00000, 0x000000045fc00000, 0x0000000460000000|  0%| F|  |TAMS 0x000000045fc00000, 0x000000045fc00000| Untracked 
|3968|0x0000000460000000, 0x0000000460000000, 0x0000000460400000|  0%| F|  |TAMS 0x0000000460000000, 0x0000000460000000| Untracked 
|3969|0x0000000460400000, 0x0000000460400000, 0x0000000460800000|  0%| F|  |TAMS 0x0000000460400000, 0x0000000460400000| Untracked 
|3970|0x0000000460800000, 0x0000000460800000, 0x0000000460c00000|  0%| F|  |TAMS 0x0000000460800000, 0x0000000460800000| Untracked 
|3971|0x0000000460c00000, 0x0000000460c00000, 0x0000000461000000|  0%| F|  |TAMS 0x0000000460c00000, 0x0000000460c00000| Untracked 
|3972|0x0000000461000000, 0x0000000461000000, 0x0000000461400000|  0%| F|  |TAMS 0x0000000461000000, 0x0000000461000000| Untracked 
|3973|0x0000000461400000, 0x0000000461400000, 0x0000000461800000|  0%| F|  |TAMS 0x0000000461400000, 0x0000000461400000| Untracked 
|3974|0x0000000461800000, 0x0000000461800000, 0x0000000461c00000|  0%| F|  |TAMS 0x0000000461800000, 0x0000000461800000| Untracked 
|3975|0x0000000461c00000, 0x0000000461c00000, 0x0000000462000000|  0%| F|  |TAMS 0x0000000461c00000, 0x0000000461c00000| Untracked 
|3976|0x0000000462000000, 0x0000000462000000, 0x0000000462400000|  0%| F|  |TAMS 0x0000000462000000, 0x0000000462000000| Untracked 
|3977|0x0000000462400000, 0x0000000462400000, 0x0000000462800000|  0%| F|  |TAMS 0x0000000462400000, 0x0000000462400000| Untracked 
|3978|0x0000000462800000, 0x0000000462800000, 0x0000000462c00000|  0%| F|  |TAMS 0x0000000462800000, 0x0000000462800000| Untracked 
|3979|0x0000000462c00000, 0x0000000462c00000, 0x0000000463000000|  0%| F|  |TAMS 0x0000000462c00000, 0x0000000462c00000| Untracked 
|3980|0x0000000463000000, 0x0000000463000000, 0x0000000463400000|  0%| F|  |TAMS 0x0000000463000000, 0x0000000463000000| Untracked 
|3981|0x0000000463400000, 0x0000000463400000, 0x0000000463800000|  0%| F|  |TAMS 0x0000000463400000, 0x0000000463400000| Untracked 
|3982|0x0000000463800000, 0x0000000463800000, 0x0000000463c00000|  0%| F|  |TAMS 0x0000000463800000, 0x0000000463800000| Untracked 
|3983|0x0000000463c00000, 0x0000000463c00000, 0x0000000464000000|  0%| F|  |TAMS 0x0000000463c00000, 0x0000000463c00000| Untracked 
|3984|0x0000000464000000, 0x0000000464000000, 0x0000000464400000|  0%| F|  |TAMS 0x0000000464000000, 0x0000000464000000| Untracked 
|3985|0x0000000464400000, 0x0000000464400000, 0x0000000464800000|  0%| F|  |TAMS 0x0000000464400000, 0x0000000464400000| Untracked 
|3986|0x0000000464800000, 0x0000000464800000, 0x0000000464c00000|  0%| F|  |TAMS 0x0000000464800000, 0x0000000464800000| Untracked 
|3987|0x0000000464c00000, 0x0000000464c00000, 0x0000000465000000|  0%| F|  |TAMS 0x0000000464c00000, 0x0000000464c00000| Untracked 
|3988|0x0000000465000000, 0x0000000465000000, 0x0000000465400000|  0%| F|  |TAMS 0x0000000465000000, 0x0000000465000000| Untracked 
|3989|0x0000000465400000, 0x0000000465400000, 0x0000000465800000|  0%| F|  |TAMS 0x0000000465400000, 0x0000000465400000| Untracked 
|3990|0x0000000465800000, 0x0000000465800000, 0x0000000465c00000|  0%| F|  |TAMS 0x0000000465800000, 0x0000000465800000| Untracked 
|3991|0x0000000465c00000, 0x0000000465c00000, 0x0000000466000000|  0%| F|  |TAMS 0x0000000465c00000, 0x0000000465c00000| Untracked 
|3992|0x0000000466000000, 0x0000000466000000, 0x0000000466400000|  0%| F|  |TAMS 0x0000000466000000, 0x0000000466000000| Untracked 
|3993|0x0000000466400000, 0x0000000466400000, 0x0000000466800000|  0%| F|  |TAMS 0x0000000466400000, 0x0000000466400000| Untracked 
|3994|0x0000000466800000, 0x0000000466800000, 0x0000000466c00000|  0%| F|  |TAMS 0x0000000466800000, 0x0000000466800000| Untracked 
|3995|0x0000000466c00000, 0x0000000466c00000, 0x0000000467000000|  0%| F|  |TAMS 0x0000000466c00000, 0x0000000466c00000| Untracked 
|3996|0x0000000467000000, 0x0000000467000000, 0x0000000467400000|  0%| F|  |TAMS 0x0000000467000000, 0x0000000467000000| Untracked 
|3997|0x0000000467400000, 0x0000000467400000, 0x0000000467800000|  0%| F|  |TAMS 0x0000000467400000, 0x0000000467400000| Untracked 
|3998|0x0000000467800000, 0x0000000467800000, 0x0000000467c00000|  0%| F|  |TAMS 0x0000000467800000, 0x0000000467800000| Untracked 
|3999|0x0000000467c00000, 0x0000000467c00000, 0x0000000468000000|  0%| F|  |TAMS 0x0000000467c00000, 0x0000000467c00000| Untracked 
|4000|0x0000000468000000, 0x0000000468000000, 0x0000000468400000|  0%| F|  |TAMS 0x0000000468000000, 0x0000000468000000| Untracked 
|4001|0x0000000468400000, 0x0000000468400000, 0x0000000468800000|  0%| F|  |TAMS 0x0000000468400000, 0x0000000468400000| Untracked 
|4002|0x0000000468800000, 0x0000000468800000, 0x0000000468c00000|  0%| F|  |TAMS 0x0000000468800000, 0x0000000468800000| Untracked 
|4003|0x0000000468c00000, 0x0000000468c00000, 0x0000000469000000|  0%| F|  |TAMS 0x0000000468c00000, 0x0000000468c00000| Untracked 
|4004|0x0000000469000000, 0x0000000469000000, 0x0000000469400000|  0%| F|  |TAMS 0x0000000469000000, 0x0000000469000000| Untracked 
|4005|0x0000000469400000, 0x0000000469400000, 0x0000000469800000|  0%| F|  |TAMS 0x0000000469400000, 0x0000000469400000| Untracked 
|4006|0x0000000469800000, 0x0000000469800000, 0x0000000469c00000|  0%| F|  |TAMS 0x0000000469800000, 0x0000000469800000| Untracked 
|4007|0x0000000469c00000, 0x0000000469c00000, 0x000000046a000000|  0%| F|  |TAMS 0x0000000469c00000, 0x0000000469c00000| Untracked 
|4008|0x000000046a000000, 0x000000046a000000, 0x000000046a400000|  0%| F|  |TAMS 0x000000046a000000, 0x000000046a000000| Untracked 
|4009|0x000000046a400000, 0x000000046a400000, 0x000000046a800000|  0%| F|  |TAMS 0x000000046a400000, 0x000000046a400000| Untracked 
|4010|0x000000046a800000, 0x000000046a800000, 0x000000046ac00000|  0%| F|  |TAMS 0x000000046a800000, 0x000000046a800000| Untracked 
|4011|0x000000046ac00000, 0x000000046ac00000, 0x000000046b000000|  0%| F|  |TAMS 0x000000046ac00000, 0x000000046ac00000| Untracked 
|4012|0x000000046b000000, 0x000000046b000000, 0x000000046b400000|  0%| F|  |TAMS 0x000000046b000000, 0x000000046b000000| Untracked 
|4013|0x000000046b400000, 0x000000046b400000, 0x000000046b800000|  0%| F|  |TAMS 0x000000046b400000, 0x000000046b400000| Untracked 
|4014|0x000000046b800000, 0x000000046b800000, 0x000000046bc00000|  0%| F|  |TAMS 0x000000046b800000, 0x000000046b800000| Untracked 
|4015|0x000000046bc00000, 0x000000046bc00000, 0x000000046c000000|  0%| F|  |TAMS 0x000000046bc00000, 0x000000046bc00000| Untracked 
|4016|0x000000046c000000, 0x000000046c000000, 0x000000046c400000|  0%| F|  |TAMS 0x000000046c000000, 0x000000046c000000| Untracked 
|4017|0x000000046c400000, 0x000000046c400000, 0x000000046c800000|  0%| F|  |TAMS 0x000000046c400000, 0x000000046c400000| Untracked 
|4018|0x000000046c800000, 0x000000046c800000, 0x000000046cc00000|  0%| F|  |TAMS 0x000000046c800000, 0x000000046c800000| Untracked 
|4019|0x000000046cc00000, 0x000000046cc00000, 0x000000046d000000|  0%| F|  |TAMS 0x000000046cc00000, 0x000000046cc00000| Untracked 
|4020|0x000000046d000000, 0x000000046d000000, 0x000000046d400000|  0%| F|  |TAMS 0x000000046d000000, 0x000000046d000000| Untracked 
|4021|0x000000046d400000, 0x000000046d400000, 0x000000046d800000|  0%| F|  |TAMS 0x000000046d400000, 0x000000046d400000| Untracked 
|4022|0x000000046d800000, 0x000000046d800000, 0x000000046dc00000|  0%| F|  |TAMS 0x000000046d800000, 0x000000046d800000| Untracked 
|4023|0x000000046dc00000, 0x000000046dc00000, 0x000000046e000000|  0%| F|  |TAMS 0x000000046dc00000, 0x000000046dc00000| Untracked 
|4024|0x000000046e000000, 0x000000046e000000, 0x000000046e400000|  0%| F|  |TAMS 0x000000046e000000, 0x000000046e000000| Untracked 
|4025|0x000000046e400000, 0x000000046e400000, 0x000000046e800000|  0%| F|  |TAMS 0x000000046e400000, 0x000000046e400000| Untracked 
|4026|0x000000046e800000, 0x000000046e800000, 0x000000046ec00000|  0%| F|  |TAMS 0x000000046e800000, 0x000000046e800000| Untracked 
|4027|0x000000046ec00000, 0x000000046ec00000, 0x000000046f000000|  0%| F|  |TAMS 0x000000046ec00000, 0x000000046ec00000| Untracked 
|4028|0x000000046f000000, 0x000000046f000000, 0x000000046f400000|  0%| F|  |TAMS 0x000000046f000000, 0x000000046f000000| Untracked 
|4029|0x000000046f400000, 0x000000046f400000, 0x000000046f800000|  0%| F|  |TAMS 0x000000046f400000, 0x000000046f400000| Untracked 
|4030|0x000000046f800000, 0x000000046f800000, 0x000000046fc00000|  0%| F|  |TAMS 0x000000046f800000, 0x000000046f800000| Untracked 
|4031|0x000000046fc00000, 0x000000046fc00000, 0x0000000470000000|  0%| F|  |TAMS 0x000000046fc00000, 0x000000046fc00000| Untracked 
|4032|0x0000000470000000, 0x0000000470000000, 0x0000000470400000|  0%| F|  |TAMS 0x0000000470000000, 0x0000000470000000| Untracked 
|4033|0x0000000470400000, 0x0000000470400000, 0x0000000470800000|  0%| F|  |TAMS 0x0000000470400000, 0x0000000470400000| Untracked 
|4034|0x0000000470800000, 0x0000000470800000, 0x0000000470c00000|  0%| F|  |TAMS 0x0000000470800000, 0x0000000470800000| Untracked 
|4035|0x0000000470c00000, 0x0000000470c00000, 0x0000000471000000|  0%| F|  |TAMS 0x0000000470c00000, 0x0000000470c00000| Untracked 
|4036|0x0000000471000000, 0x0000000471000000, 0x0000000471400000|  0%| F|  |TAMS 0x0000000471000000, 0x0000000471000000| Untracked 
|4037|0x0000000471400000, 0x0000000471400000, 0x0000000471800000|  0%| F|  |TAMS 0x0000000471400000, 0x0000000471400000| Untracked 
|4038|0x0000000471800000, 0x0000000471800000, 0x0000000471c00000|  0%| F|  |TAMS 0x0000000471800000, 0x0000000471800000| Untracked 
|4039|0x0000000471c00000, 0x0000000471c00000, 0x0000000472000000|  0%| F|  |TAMS 0x0000000471c00000, 0x0000000471c00000| Untracked 
|4040|0x0000000472000000, 0x0000000472000000, 0x0000000472400000|  0%| F|  |TAMS 0x0000000472000000, 0x0000000472000000| Untracked 
|4041|0x0000000472400000, 0x0000000472400000, 0x0000000472800000|  0%| F|  |TAMS 0x0000000472400000, 0x0000000472400000| Untracked 
|4042|0x0000000472800000, 0x0000000472800000, 0x0000000472c00000|  0%| F|  |TAMS 0x0000000472800000, 0x0000000472800000| Untracked 
|4043|0x0000000472c00000, 0x0000000472c00000, 0x0000000473000000|  0%| F|  |TAMS 0x0000000472c00000, 0x0000000472c00000| Untracked 
|4044|0x0000000473000000, 0x0000000473000000, 0x0000000473400000|  0%| F|  |TAMS 0x0000000473000000, 0x0000000473000000| Untracked 
|4045|0x0000000473400000, 0x0000000473400000, 0x0000000473800000|  0%| F|  |TAMS 0x0000000473400000, 0x0000000473400000| Untracked 
|4046|0x0000000473800000, 0x0000000473800000, 0x0000000473c00000|  0%| F|  |TAMS 0x0000000473800000, 0x0000000473800000| Untracked 
|4047|0x0000000473c00000, 0x0000000473c00000, 0x0000000474000000|  0%| F|  |TAMS 0x0000000473c00000, 0x0000000473c00000| Untracked 
|4048|0x0000000474000000, 0x0000000474000000, 0x0000000474400000|  0%| F|  |TAMS 0x0000000474000000, 0x0000000474000000| Untracked 
|4049|0x0000000474400000, 0x0000000474400000, 0x0000000474800000|  0%| F|  |TAMS 0x0000000474400000, 0x0000000474400000| Untracked 
|4050|0x0000000474800000, 0x0000000474800000, 0x0000000474c00000|  0%| F|  |TAMS 0x0000000474800000, 0x0000000474800000| Untracked 
|4051|0x0000000474c00000, 0x0000000474c00000, 0x0000000475000000|  0%| F|  |TAMS 0x0000000474c00000, 0x0000000474c00000| Untracked 
|4052|0x0000000475000000, 0x0000000475000000, 0x0000000475400000|  0%| F|  |TAMS 0x0000000475000000, 0x0000000475000000| Untracked 
|4053|0x0000000475400000, 0x0000000475400000, 0x0000000475800000|  0%| F|  |TAMS 0x0000000475400000, 0x0000000475400000| Untracked 
|4054|0x0000000475800000, 0x0000000475800000, 0x0000000475c00000|  0%| F|  |TAMS 0x0000000475800000, 0x0000000475800000| Untracked 
|4055|0x0000000475c00000, 0x0000000475c00000, 0x0000000476000000|  0%| F|  |TAMS 0x0000000475c00000, 0x0000000475c00000| Untracked 
|4056|0x0000000476000000, 0x0000000476000000, 0x0000000476400000|  0%| F|  |TAMS 0x0000000476000000, 0x0000000476000000| Untracked 
|4057|0x0000000476400000, 0x0000000476400000, 0x0000000476800000|  0%| F|  |TAMS 0x0000000476400000, 0x0000000476400000| Untracked 
|4058|0x0000000476800000, 0x0000000476800000, 0x0000000476c00000|  0%| F|  |TAMS 0x0000000476800000, 0x0000000476800000| Untracked 
|4059|0x0000000476c00000, 0x0000000476c00000, 0x0000000477000000|  0%| F|  |TAMS 0x0000000476c00000, 0x0000000476c00000| Untracked 
|4060|0x0000000477000000, 0x0000000477000000, 0x0000000477400000|  0%| F|  |TAMS 0x0000000477000000, 0x0000000477000000| Untracked 
|4061|0x0000000477400000, 0x0000000477400000, 0x0000000477800000|  0%| F|  |TAMS 0x0000000477400000, 0x0000000477400000| Untracked 
|4062|0x0000000477800000, 0x0000000477800000, 0x0000000477c00000|  0%| F|  |TAMS 0x0000000477800000, 0x0000000477800000| Untracked 
|4063|0x0000000477c00000, 0x0000000477c00000, 0x0000000478000000|  0%| F|  |TAMS 0x0000000477c00000, 0x0000000477c00000| Untracked 
|4064|0x0000000478000000, 0x0000000478000000, 0x0000000478400000|  0%| F|  |TAMS 0x0000000478000000, 0x0000000478000000| Untracked 
|4065|0x0000000478400000, 0x0000000478400000, 0x0000000478800000|  0%| F|  |TAMS 0x0000000478400000, 0x0000000478400000| Untracked 
|4066|0x0000000478800000, 0x0000000478800000, 0x0000000478c00000|  0%| F|  |TAMS 0x0000000478800000, 0x0000000478800000| Untracked 
|4067|0x0000000478c00000, 0x0000000478c00000, 0x0000000479000000|  0%| F|  |TAMS 0x0000000478c00000, 0x0000000478c00000| Untracked 
|4068|0x0000000479000000, 0x0000000479000000, 0x0000000479400000|  0%| F|  |TAMS 0x0000000479000000, 0x0000000479000000| Untracked 
|4069|0x0000000479400000, 0x0000000479400000, 0x0000000479800000|  0%| F|  |TAMS 0x0000000479400000, 0x0000000479400000| Untracked 
|4070|0x0000000479800000, 0x0000000479800000, 0x0000000479c00000|  0%| F|  |TAMS 0x0000000479800000, 0x0000000479800000| Untracked 
|4071|0x0000000479c00000, 0x0000000479c00000, 0x000000047a000000|  0%| F|  |TAMS 0x0000000479c00000, 0x0000000479c00000| Untracked 
|4072|0x000000047a000000, 0x000000047a000000, 0x000000047a400000|  0%| F|  |TAMS 0x000000047a000000, 0x000000047a000000| Untracked 
|4073|0x000000047a400000, 0x000000047a400000, 0x000000047a800000|  0%| F|  |TAMS 0x000000047a400000, 0x000000047a400000| Untracked 
|4074|0x000000047a800000, 0x000000047a800000, 0x000000047ac00000|  0%| F|  |TAMS 0x000000047a800000, 0x000000047a800000| Untracked 
|4075|0x000000047ac00000, 0x000000047ac00000, 0x000000047b000000|  0%| F|  |TAMS 0x000000047ac00000, 0x000000047ac00000| Untracked 
|4076|0x000000047b000000, 0x000000047b000000, 0x000000047b400000|  0%| F|  |TAMS 0x000000047b000000, 0x000000047b000000| Untracked 
|4077|0x000000047b400000, 0x000000047b400000, 0x000000047b800000|  0%| F|  |TAMS 0x000000047b400000, 0x000000047b400000| Untracked 
|4078|0x000000047b800000, 0x000000047b800000, 0x000000047bc00000|  0%| F|  |TAMS 0x000000047b800000, 0x000000047b800000| Untracked 
|4079|0x000000047bc00000, 0x000000047bc00000, 0x000000047c000000|  0%| F|  |TAMS 0x000000047bc00000, 0x000000047bc00000| Untracked 
|4080|0x000000047c000000, 0x000000047c000000, 0x000000047c400000|  0%| F|  |TAMS 0x000000047c000000, 0x000000047c000000| Untracked 
|4081|0x000000047c400000, 0x000000047c400000, 0x000000047c800000|  0%| F|  |TAMS 0x000000047c400000, 0x000000047c400000| Untracked 
|4082|0x000000047c800000, 0x000000047c800000, 0x000000047cc00000|  0%| F|  |TAMS 0x000000047c800000, 0x000000047c800000| Untracked 
|4083|0x000000047cc00000, 0x000000047cc00000, 0x000000047d000000|  0%| F|  |TAMS 0x000000047cc00000, 0x000000047cc00000| Untracked 
|4084|0x000000047d000000, 0x000000047d000000, 0x000000047d400000|  0%| F|  |TAMS 0x000000047d000000, 0x000000047d000000| Untracked 
|4085|0x000000047d400000, 0x000000047d400000, 0x000000047d800000|  0%| F|  |TAMS 0x000000047d400000, 0x000000047d400000| Untracked 
|4086|0x000000047d800000, 0x000000047d800000, 0x000000047dc00000|  0%| F|  |TAMS 0x000000047d800000, 0x000000047d800000| Untracked 
|4087|0x000000047dc00000, 0x000000047dc00000, 0x000000047e000000|  0%| F|  |TAMS 0x000000047dc00000, 0x000000047dc00000| Untracked 
|4088|0x000000047e000000, 0x000000047e000000, 0x000000047e400000|  0%| F|  |TAMS 0x000000047e000000, 0x000000047e000000| Untracked 
|4089|0x000000047e400000, 0x000000047e400000, 0x000000047e800000|  0%| F|  |TAMS 0x000000047e400000, 0x000000047e400000| Untracked 
|4090|0x000000047e800000, 0x000000047e800000, 0x000000047ec00000|  0%| F|  |TAMS 0x000000047e800000, 0x000000047e800000| Untracked 
|4091|0x000000047ec00000, 0x000000047ec00000, 0x000000047f000000|  0%| F|  |TAMS 0x000000047ec00000, 0x000000047ec00000| Untracked 
|4092|0x000000047f000000, 0x000000047f000000, 0x000000047f400000|  0%| F|  |TAMS 0x000000047f000000, 0x000000047f000000| Untracked 
|4093|0x000000047f400000, 0x000000047f400000, 0x000000047f800000|  0%| F|  |TAMS 0x000000047f400000, 0x000000047f400000| Untracked 
|4094|0x000000047f800000, 0x000000047f800000, 0x000000047fc00000|  0%| F|  |TAMS 0x000000047f800000, 0x000000047f800000| Untracked 
|4095|0x000000047fc00000, 0x000000047fc00000, 0x0000000480000000|  0%| F|  |TAMS 0x000000047fc00000, 0x000000047fc00000| Untracked 
|4096|0x0000000480000000, 0x0000000480000000, 0x0000000480400000|  0%| F|  |TAMS 0x0000000480000000, 0x0000000480000000| Untracked 
|4097|0x0000000480400000, 0x0000000480400000, 0x0000000480800000|  0%| F|  |TAMS 0x0000000480400000, 0x0000000480400000| Untracked 
|4098|0x0000000480800000, 0x0000000480800000, 0x0000000480c00000|  0%| F|  |TAMS 0x0000000480800000, 0x0000000480800000| Untracked 
|4099|0x0000000480c00000, 0x0000000480c00000, 0x0000000481000000|  0%| F|  |TAMS 0x0000000480c00000, 0x0000000480c00000| Untracked 
|4100|0x0000000481000000, 0x0000000481000000, 0x0000000481400000|  0%| F|  |TAMS 0x0000000481000000, 0x0000000481000000| Untracked 
|4101|0x0000000481400000, 0x0000000481400000, 0x0000000481800000|  0%| F|  |TAMS 0x0000000481400000, 0x0000000481400000| Untracked 
|4102|0x0000000481800000, 0x0000000481800000, 0x0000000481c00000|  0%| F|  |TAMS 0x0000000481800000, 0x0000000481800000| Untracked 
|4103|0x0000000481c00000, 0x0000000481c00000, 0x0000000482000000|  0%| F|  |TAMS 0x0000000481c00000, 0x0000000481c00000| Untracked 
|4104|0x0000000482000000, 0x0000000482000000, 0x0000000482400000|  0%| F|  |TAMS 0x0000000482000000, 0x0000000482000000| Untracked 
|4105|0x0000000482400000, 0x0000000482400000, 0x0000000482800000|  0%| F|  |TAMS 0x0000000482400000, 0x0000000482400000| Untracked 
|4106|0x0000000482800000, 0x0000000482800000, 0x0000000482c00000|  0%| F|  |TAMS 0x0000000482800000, 0x0000000482800000| Untracked 
|4107|0x0000000482c00000, 0x0000000482c00000, 0x0000000483000000|  0%| F|  |TAMS 0x0000000482c00000, 0x0000000482c00000| Untracked 
|4108|0x0000000483000000, 0x0000000483000000, 0x0000000483400000|  0%| F|  |TAMS 0x0000000483000000, 0x0000000483000000| Untracked 
|4109|0x0000000483400000, 0x0000000483400000, 0x0000000483800000|  0%| F|  |TAMS 0x0000000483400000, 0x0000000483400000| Untracked 
|4110|0x0000000483800000, 0x0000000483800000, 0x0000000483c00000|  0%| F|  |TAMS 0x0000000483800000, 0x0000000483800000| Untracked 
|4111|0x0000000483c00000, 0x0000000483c00000, 0x0000000484000000|  0%| F|  |TAMS 0x0000000483c00000, 0x0000000483c00000| Untracked 
|4112|0x0000000484000000, 0x0000000484000000, 0x0000000484400000|  0%| F|  |TAMS 0x0000000484000000, 0x0000000484000000| Untracked 
|4113|0x0000000484400000, 0x0000000484400000, 0x0000000484800000|  0%| F|  |TAMS 0x0000000484400000, 0x0000000484400000| Untracked 
|4114|0x0000000484800000, 0x0000000484800000, 0x0000000484c00000|  0%| F|  |TAMS 0x0000000484800000, 0x0000000484800000| Untracked 
|4115|0x0000000484c00000, 0x0000000484c00000, 0x0000000485000000|  0%| F|  |TAMS 0x0000000484c00000, 0x0000000484c00000| Untracked 
|4116|0x0000000485000000, 0x0000000485000000, 0x0000000485400000|  0%| F|  |TAMS 0x0000000485000000, 0x0000000485000000| Untracked 
|4117|0x0000000485400000, 0x0000000485400000, 0x0000000485800000|  0%| F|  |TAMS 0x0000000485400000, 0x0000000485400000| Untracked 
|4118|0x0000000485800000, 0x0000000485800000, 0x0000000485c00000|  0%| F|  |TAMS 0x0000000485800000, 0x0000000485800000| Untracked 
|4119|0x0000000485c00000, 0x0000000485c00000, 0x0000000486000000|  0%| F|  |TAMS 0x0000000485c00000, 0x0000000485c00000| Untracked 
|4120|0x0000000486000000, 0x0000000486000000, 0x0000000486400000|  0%| F|  |TAMS 0x0000000486000000, 0x0000000486000000| Untracked 
|4121|0x0000000486400000, 0x0000000486400000, 0x0000000486800000|  0%| F|  |TAMS 0x0000000486400000, 0x0000000486400000| Untracked 
|4122|0x0000000486800000, 0x0000000486800000, 0x0000000486c00000|  0%| F|  |TAMS 0x0000000486800000, 0x0000000486800000| Untracked 
|4123|0x0000000486c00000, 0x0000000486c00000, 0x0000000487000000|  0%| F|  |TAMS 0x0000000486c00000, 0x0000000486c00000| Untracked 
|4124|0x0000000487000000, 0x0000000487000000, 0x0000000487400000|  0%| F|  |TAMS 0x0000000487000000, 0x0000000487000000| Untracked 
|4125|0x0000000487400000, 0x0000000487400000, 0x0000000487800000|  0%| F|  |TAMS 0x0000000487400000, 0x0000000487400000| Untracked 
|4126|0x0000000487800000, 0x0000000487800000, 0x0000000487c00000|  0%| F|  |TAMS 0x0000000487800000, 0x0000000487800000| Untracked 
|4127|0x0000000487c00000, 0x0000000487c00000, 0x0000000488000000|  0%| F|  |TAMS 0x0000000487c00000, 0x0000000487c00000| Untracked 
|4128|0x0000000488000000, 0x0000000488000000, 0x0000000488400000|  0%| F|  |TAMS 0x0000000488000000, 0x0000000488000000| Untracked 
|4129|0x0000000488400000, 0x0000000488400000, 0x0000000488800000|  0%| F|  |TAMS 0x0000000488400000, 0x0000000488400000| Untracked 
|4130|0x0000000488800000, 0x0000000488800000, 0x0000000488c00000|  0%| F|  |TAMS 0x0000000488800000, 0x0000000488800000| Untracked 
|4131|0x0000000488c00000, 0x0000000488c00000, 0x0000000489000000|  0%| F|  |TAMS 0x0000000488c00000, 0x0000000488c00000| Untracked 
|4132|0x0000000489000000, 0x0000000489000000, 0x0000000489400000|  0%| F|  |TAMS 0x0000000489000000, 0x0000000489000000| Untracked 
|4133|0x0000000489400000, 0x0000000489400000, 0x0000000489800000|  0%| F|  |TAMS 0x0000000489400000, 0x0000000489400000| Untracked 
|4134|0x0000000489800000, 0x0000000489800000, 0x0000000489c00000|  0%| F|  |TAMS 0x0000000489800000, 0x0000000489800000| Untracked 
|4135|0x0000000489c00000, 0x0000000489c00000, 0x000000048a000000|  0%| F|  |TAMS 0x0000000489c00000, 0x0000000489c00000| Untracked 
|4136|0x000000048a000000, 0x000000048a000000, 0x000000048a400000|  0%| F|  |TAMS 0x000000048a000000, 0x000000048a000000| Untracked 
|4137|0x000000048a400000, 0x000000048a400000, 0x000000048a800000|  0%| F|  |TAMS 0x000000048a400000, 0x000000048a400000| Untracked 
|4138|0x000000048a800000, 0x000000048a800000, 0x000000048ac00000|  0%| F|  |TAMS 0x000000048a800000, 0x000000048a800000| Untracked 
|4139|0x000000048ac00000, 0x000000048ac00000, 0x000000048b000000|  0%| F|  |TAMS 0x000000048ac00000, 0x000000048ac00000| Untracked 
|4140|0x000000048b000000, 0x000000048b000000, 0x000000048b400000|  0%| F|  |TAMS 0x000000048b000000, 0x000000048b000000| Untracked 
|4141|0x000000048b400000, 0x000000048b400000, 0x000000048b800000|  0%| F|  |TAMS 0x000000048b400000, 0x000000048b400000| Untracked 
|4142|0x000000048b800000, 0x000000048b800000, 0x000000048bc00000|  0%| F|  |TAMS 0x000000048b800000, 0x000000048b800000| Untracked 
|4143|0x000000048bc00000, 0x000000048bc00000, 0x000000048c000000|  0%| F|  |TAMS 0x000000048bc00000, 0x000000048bc00000| Untracked 
|4144|0x000000048c000000, 0x000000048c000000, 0x000000048c400000|  0%| F|  |TAMS 0x000000048c000000, 0x000000048c000000| Untracked 
|4145|0x000000048c400000, 0x000000048c400000, 0x000000048c800000|  0%| F|  |TAMS 0x000000048c400000, 0x000000048c400000| Untracked 
|4146|0x000000048c800000, 0x000000048c800000, 0x000000048cc00000|  0%| F|  |TAMS 0x000000048c800000, 0x000000048c800000| Untracked 
|4147|0x000000048cc00000, 0x000000048cc00000, 0x000000048d000000|  0%| F|  |TAMS 0x000000048cc00000, 0x000000048cc00000| Untracked 
|4148|0x000000048d000000, 0x000000048d000000, 0x000000048d400000|  0%| F|  |TAMS 0x000000048d000000, 0x000000048d000000| Untracked 
|4149|0x000000048d400000, 0x000000048d400000, 0x000000048d800000|  0%| F|  |TAMS 0x000000048d400000, 0x000000048d400000| Untracked 
|4150|0x000000048d800000, 0x000000048d800000, 0x000000048dc00000|  0%| F|  |TAMS 0x000000048d800000, 0x000000048d800000| Untracked 
|4151|0x000000048dc00000, 0x000000048dc00000, 0x000000048e000000|  0%| F|  |TAMS 0x000000048dc00000, 0x000000048dc00000| Untracked 
|4152|0x000000048e000000, 0x000000048e000000, 0x000000048e400000|  0%| F|  |TAMS 0x000000048e000000, 0x000000048e000000| Untracked 
|4153|0x000000048e400000, 0x000000048e400000, 0x000000048e800000|  0%| F|  |TAMS 0x000000048e400000, 0x000000048e400000| Untracked 
|4154|0x000000048e800000, 0x000000048e800000, 0x000000048ec00000|  0%| F|  |TAMS 0x000000048e800000, 0x000000048e800000| Untracked 
|4155|0x000000048ec00000, 0x000000048ec00000, 0x000000048f000000|  0%| F|  |TAMS 0x000000048ec00000, 0x000000048ec00000| Untracked 
|4156|0x000000048f000000, 0x000000048f000000, 0x000000048f400000|  0%| F|  |TAMS 0x000000048f000000, 0x000000048f000000| Untracked 
|4157|0x000000048f400000, 0x000000048f400000, 0x000000048f800000|  0%| F|  |TAMS 0x000000048f400000, 0x000000048f400000| Untracked 
|4158|0x000000048f800000, 0x000000048f800000, 0x000000048fc00000|  0%| F|  |TAMS 0x000000048f800000, 0x000000048f800000| Untracked 
|4159|0x000000048fc00000, 0x000000048fc00000, 0x0000000490000000|  0%| F|  |TAMS 0x000000048fc00000, 0x000000048fc00000| Untracked 
|4160|0x0000000490000000, 0x0000000490000000, 0x0000000490400000|  0%| F|  |TAMS 0x0000000490000000, 0x0000000490000000| Untracked 
|4161|0x0000000490400000, 0x0000000490400000, 0x0000000490800000|  0%| F|  |TAMS 0x0000000490400000, 0x0000000490400000| Untracked 
|4162|0x0000000490800000, 0x0000000490800000, 0x0000000490c00000|  0%| F|  |TAMS 0x0000000490800000, 0x0000000490800000| Untracked 
|4163|0x0000000490c00000, 0x0000000490c00000, 0x0000000491000000|  0%| F|  |TAMS 0x0000000490c00000, 0x0000000490c00000| Untracked 
|4164|0x0000000491000000, 0x0000000491000000, 0x0000000491400000|  0%| F|  |TAMS 0x0000000491000000, 0x0000000491000000| Untracked 
|4165|0x0000000491400000, 0x0000000491400000, 0x0000000491800000|  0%| F|  |TAMS 0x0000000491400000, 0x0000000491400000| Untracked 
|4166|0x0000000491800000, 0x0000000491800000, 0x0000000491c00000|  0%| F|  |TAMS 0x0000000491800000, 0x0000000491800000| Untracked 
|4167|0x0000000491c00000, 0x0000000491c00000, 0x0000000492000000|  0%| F|  |TAMS 0x0000000491c00000, 0x0000000491c00000| Untracked 
|4168|0x0000000492000000, 0x0000000492000000, 0x0000000492400000|  0%| F|  |TAMS 0x0000000492000000, 0x0000000492000000| Untracked 
|4169|0x0000000492400000, 0x0000000492400000, 0x0000000492800000|  0%| F|  |TAMS 0x0000000492400000, 0x0000000492400000| Untracked 
|4170|0x0000000492800000, 0x0000000492800000, 0x0000000492c00000|  0%| F|  |TAMS 0x0000000492800000, 0x0000000492800000| Untracked 
|4171|0x0000000492c00000, 0x0000000492c00000, 0x0000000493000000|  0%| F|  |TAMS 0x0000000492c00000, 0x0000000492c00000| Untracked 
|4172|0x0000000493000000, 0x0000000493000000, 0x0000000493400000|  0%| F|  |TAMS 0x0000000493000000, 0x0000000493000000| Untracked 
|4173|0x0000000493400000, 0x0000000493400000, 0x0000000493800000|  0%| F|  |TAMS 0x0000000493400000, 0x0000000493400000| Untracked 
|4174|0x0000000493800000, 0x0000000493800000, 0x0000000493c00000|  0%| F|  |TAMS 0x0000000493800000, 0x0000000493800000| Untracked 
|4175|0x0000000493c00000, 0x0000000493c00000, 0x0000000494000000|  0%| F|  |TAMS 0x0000000493c00000, 0x0000000493c00000| Untracked 
|4176|0x0000000494000000, 0x0000000494000000, 0x0000000494400000|  0%| F|  |TAMS 0x0000000494000000, 0x0000000494000000| Untracked 
|4177|0x0000000494400000, 0x0000000494400000, 0x0000000494800000|  0%| F|  |TAMS 0x0000000494400000, 0x0000000494400000| Untracked 
|4178|0x0000000494800000, 0x0000000494800000, 0x0000000494c00000|  0%| F|  |TAMS 0x0000000494800000, 0x0000000494800000| Untracked 
|4179|0x0000000494c00000, 0x0000000494c00000, 0x0000000495000000|  0%| F|  |TAMS 0x0000000494c00000, 0x0000000494c00000| Untracked 
|4180|0x0000000495000000, 0x0000000495000000, 0x0000000495400000|  0%| F|  |TAMS 0x0000000495000000, 0x0000000495000000| Untracked 
|4181|0x0000000495400000, 0x0000000495400000, 0x0000000495800000|  0%| F|  |TAMS 0x0000000495400000, 0x0000000495400000| Untracked 
|4182|0x0000000495800000, 0x0000000495800000, 0x0000000495c00000|  0%| F|  |TAMS 0x0000000495800000, 0x0000000495800000| Untracked 
|4183|0x0000000495c00000, 0x0000000495c00000, 0x0000000496000000|  0%| F|  |TAMS 0x0000000495c00000, 0x0000000495c00000| Untracked 
|4184|0x0000000496000000, 0x0000000496000000, 0x0000000496400000|  0%| F|  |TAMS 0x0000000496000000, 0x0000000496000000| Untracked 
|4185|0x0000000496400000, 0x0000000496400000, 0x0000000496800000|  0%| F|  |TAMS 0x0000000496400000, 0x0000000496400000| Untracked 
|4186|0x0000000496800000, 0x0000000496800000, 0x0000000496c00000|  0%| F|  |TAMS 0x0000000496800000, 0x0000000496800000| Untracked 
|4187|0x0000000496c00000, 0x0000000496c00000, 0x0000000497000000|  0%| F|  |TAMS 0x0000000496c00000, 0x0000000496c00000| Untracked 
|4188|0x0000000497000000, 0x0000000497000000, 0x0000000497400000|  0%| F|  |TAMS 0x0000000497000000, 0x0000000497000000| Untracked 
|4189|0x0000000497400000, 0x0000000497400000, 0x0000000497800000|  0%| F|  |TAMS 0x0000000497400000, 0x0000000497400000| Untracked 
|4190|0x0000000497800000, 0x0000000497800000, 0x0000000497c00000|  0%| F|  |TAMS 0x0000000497800000, 0x0000000497800000| Untracked 
|4191|0x0000000497c00000, 0x0000000497c00000, 0x0000000498000000|  0%| F|  |TAMS 0x0000000497c00000, 0x0000000497c00000| Untracked 
|4192|0x0000000498000000, 0x0000000498000000, 0x0000000498400000|  0%| F|  |TAMS 0x0000000498000000, 0x0000000498000000| Untracked 
|4193|0x0000000498400000, 0x0000000498400000, 0x0000000498800000|  0%| F|  |TAMS 0x0000000498400000, 0x0000000498400000| Untracked 
|4194|0x0000000498800000, 0x0000000498800000, 0x0000000498c00000|  0%| F|  |TAMS 0x0000000498800000, 0x0000000498800000| Untracked 
|4195|0x0000000498c00000, 0x0000000498c00000, 0x0000000499000000|  0%| F|  |TAMS 0x0000000498c00000, 0x0000000498c00000| Untracked 
|4196|0x0000000499000000, 0x0000000499000000, 0x0000000499400000|  0%| F|  |TAMS 0x0000000499000000, 0x0000000499000000| Untracked 
|4197|0x0000000499400000, 0x0000000499400000, 0x0000000499800000|  0%| F|  |TAMS 0x0000000499400000, 0x0000000499400000| Untracked 
|4198|0x0000000499800000, 0x0000000499800000, 0x0000000499c00000|  0%| F|  |TAMS 0x0000000499800000, 0x0000000499800000| Untracked 
|4199|0x0000000499c00000, 0x0000000499c00000, 0x000000049a000000|  0%| F|  |TAMS 0x0000000499c00000, 0x0000000499c00000| Untracked 
|4200|0x000000049a000000, 0x000000049a000000, 0x000000049a400000|  0%| F|  |TAMS 0x000000049a000000, 0x000000049a000000| Untracked 
|4201|0x000000049a400000, 0x000000049a400000, 0x000000049a800000|  0%| F|  |TAMS 0x000000049a400000, 0x000000049a400000| Untracked 
|4202|0x000000049a800000, 0x000000049a800000, 0x000000049ac00000|  0%| F|  |TAMS 0x000000049a800000, 0x000000049a800000| Untracked 
|4203|0x000000049ac00000, 0x000000049ac00000, 0x000000049b000000|  0%| F|  |TAMS 0x000000049ac00000, 0x000000049ac00000| Untracked 
|4204|0x000000049b000000, 0x000000049b000000, 0x000000049b400000|  0%| F|  |TAMS 0x000000049b000000, 0x000000049b000000| Untracked 
|4205|0x000000049b400000, 0x000000049b400000, 0x000000049b800000|  0%| F|  |TAMS 0x000000049b400000, 0x000000049b400000| Untracked 
|4206|0x000000049b800000, 0x000000049b800000, 0x000000049bc00000|  0%| F|  |TAMS 0x000000049b800000, 0x000000049b800000| Untracked 
|4207|0x000000049bc00000, 0x000000049bc00000, 0x000000049c000000|  0%| F|  |TAMS 0x000000049bc00000, 0x000000049bc00000| Untracked 
|4208|0x000000049c000000, 0x000000049c000000, 0x000000049c400000|  0%| F|  |TAMS 0x000000049c000000, 0x000000049c000000| Untracked 
|4209|0x000000049c400000, 0x000000049c400000, 0x000000049c800000|  0%| F|  |TAMS 0x000000049c400000, 0x000000049c400000| Untracked 
|4210|0x000000049c800000, 0x000000049c800000, 0x000000049cc00000|  0%| F|  |TAMS 0x000000049c800000, 0x000000049c800000| Untracked 
|4211|0x000000049cc00000, 0x000000049cc00000, 0x000000049d000000|  0%| F|  |TAMS 0x000000049cc00000, 0x000000049cc00000| Untracked 
|4212|0x000000049d000000, 0x000000049d000000, 0x000000049d400000|  0%| F|  |TAMS 0x000000049d000000, 0x000000049d000000| Untracked 
|4213|0x000000049d400000, 0x000000049d400000, 0x000000049d800000|  0%| F|  |TAMS 0x000000049d400000, 0x000000049d400000| Untracked 
|4214|0x000000049d800000, 0x000000049d800000, 0x000000049dc00000|  0%| F|  |TAMS 0x000000049d800000, 0x000000049d800000| Untracked 
|4215|0x000000049dc00000, 0x000000049dc00000, 0x000000049e000000|  0%| F|  |TAMS 0x000000049dc00000, 0x000000049dc00000| Untracked 
|4216|0x000000049e000000, 0x000000049e000000, 0x000000049e400000|  0%| F|  |TAMS 0x000000049e000000, 0x000000049e000000| Untracked 
|4217|0x000000049e400000, 0x000000049e400000, 0x000000049e800000|  0%| F|  |TAMS 0x000000049e400000, 0x000000049e400000| Untracked 
|4218|0x000000049e800000, 0x000000049e800000, 0x000000049ec00000|  0%| F|  |TAMS 0x000000049e800000, 0x000000049e800000| Untracked 
|4219|0x000000049ec00000, 0x000000049ec00000, 0x000000049f000000|  0%| F|  |TAMS 0x000000049ec00000, 0x000000049ec00000| Untracked 
|4220|0x000000049f000000, 0x000000049f000000, 0x000000049f400000|  0%| F|  |TAMS 0x000000049f000000, 0x000000049f000000| Untracked 
|4221|0x000000049f400000, 0x000000049f400000, 0x000000049f800000|  0%| F|  |TAMS 0x000000049f400000, 0x000000049f400000| Untracked 
|4222|0x000000049f800000, 0x000000049f800000, 0x000000049fc00000|  0%| F|  |TAMS 0x000000049f800000, 0x000000049f800000| Untracked 
|4223|0x000000049fc00000, 0x000000049fc00000, 0x00000004a0000000|  0%| F|  |TAMS 0x000000049fc00000, 0x000000049fc00000| Untracked 
|4224|0x00000004a0000000, 0x00000004a0000000, 0x00000004a0400000|  0%| F|  |TAMS 0x00000004a0000000, 0x00000004a0000000| Untracked 
|4225|0x00000004a0400000, 0x00000004a0400000, 0x00000004a0800000|  0%| F|  |TAMS 0x00000004a0400000, 0x00000004a0400000| Untracked 
|4226|0x00000004a0800000, 0x00000004a0800000, 0x00000004a0c00000|  0%| F|  |TAMS 0x00000004a0800000, 0x00000004a0800000| Untracked 
|4227|0x00000004a0c00000, 0x00000004a0c00000, 0x00000004a1000000|  0%| F|  |TAMS 0x00000004a0c00000, 0x00000004a0c00000| Untracked 
|4228|0x00000004a1000000, 0x00000004a1000000, 0x00000004a1400000|  0%| F|  |TAMS 0x00000004a1000000, 0x00000004a1000000| Untracked 
|4229|0x00000004a1400000, 0x00000004a1400000, 0x00000004a1800000|  0%| F|  |TAMS 0x00000004a1400000, 0x00000004a1400000| Untracked 
|4230|0x00000004a1800000, 0x00000004a1800000, 0x00000004a1c00000|  0%| F|  |TAMS 0x00000004a1800000, 0x00000004a1800000| Untracked 
|4231|0x00000004a1c00000, 0x00000004a1c00000, 0x00000004a2000000|  0%| F|  |TAMS 0x00000004a1c00000, 0x00000004a1c00000| Untracked 
|4232|0x00000004a2000000, 0x00000004a2000000, 0x00000004a2400000|  0%| F|  |TAMS 0x00000004a2000000, 0x00000004a2000000| Untracked 
|4233|0x00000004a2400000, 0x00000004a2400000, 0x00000004a2800000|  0%| F|  |TAMS 0x00000004a2400000, 0x00000004a2400000| Untracked 
|4234|0x00000004a2800000, 0x00000004a2800000, 0x00000004a2c00000|  0%| F|  |TAMS 0x00000004a2800000, 0x00000004a2800000| Untracked 
|4235|0x00000004a2c00000, 0x00000004a2c00000, 0x00000004a3000000|  0%| F|  |TAMS 0x00000004a2c00000, 0x00000004a2c00000| Untracked 
|4236|0x00000004a3000000, 0x00000004a3000000, 0x00000004a3400000|  0%| F|  |TAMS 0x00000004a3000000, 0x00000004a3000000| Untracked 
|4237|0x00000004a3400000, 0x00000004a3400000, 0x00000004a3800000|  0%| F|  |TAMS 0x00000004a3400000, 0x00000004a3400000| Untracked 
|4238|0x00000004a3800000, 0x00000004a3800000, 0x00000004a3c00000|  0%| F|  |TAMS 0x00000004a3800000, 0x00000004a3800000| Untracked 
|4239|0x00000004a3c00000, 0x00000004a3c00000, 0x00000004a4000000|  0%| F|  |TAMS 0x00000004a3c00000, 0x00000004a3c00000| Untracked 
|4240|0x00000004a4000000, 0x00000004a4000000, 0x00000004a4400000|  0%| F|  |TAMS 0x00000004a4000000, 0x00000004a4000000| Untracked 
|4241|0x00000004a4400000, 0x00000004a4400000, 0x00000004a4800000|  0%| F|  |TAMS 0x00000004a4400000, 0x00000004a4400000| Untracked 
|4242|0x00000004a4800000, 0x00000004a4800000, 0x00000004a4c00000|  0%| F|  |TAMS 0x00000004a4800000, 0x00000004a4800000| Untracked 
|4243|0x00000004a4c00000, 0x00000004a4c00000, 0x00000004a5000000|  0%| F|  |TAMS 0x00000004a4c00000, 0x00000004a4c00000| Untracked 
|4244|0x00000004a5000000, 0x00000004a5000000, 0x00000004a5400000|  0%| F|  |TAMS 0x00000004a5000000, 0x00000004a5000000| Untracked 
|4245|0x00000004a5400000, 0x00000004a5400000, 0x00000004a5800000|  0%| F|  |TAMS 0x00000004a5400000, 0x00000004a5400000| Untracked 
|4246|0x00000004a5800000, 0x00000004a5800000, 0x00000004a5c00000|  0%| F|  |TAMS 0x00000004a5800000, 0x00000004a5800000| Untracked 
|4247|0x00000004a5c00000, 0x00000004a5c00000, 0x00000004a6000000|  0%| F|  |TAMS 0x00000004a5c00000, 0x00000004a5c00000| Untracked 
|4248|0x00000004a6000000, 0x00000004a6000000, 0x00000004a6400000|  0%| F|  |TAMS 0x00000004a6000000, 0x00000004a6000000| Untracked 
|4249|0x00000004a6400000, 0x00000004a6400000, 0x00000004a6800000|  0%| F|  |TAMS 0x00000004a6400000, 0x00000004a6400000| Untracked 
|4250|0x00000004a6800000, 0x00000004a6800000, 0x00000004a6c00000|  0%| F|  |TAMS 0x00000004a6800000, 0x00000004a6800000| Untracked 
|4251|0x00000004a6c00000, 0x00000004a6c00000, 0x00000004a7000000|  0%| F|  |TAMS 0x00000004a6c00000, 0x00000004a6c00000| Untracked 
|4252|0x00000004a7000000, 0x00000004a7000000, 0x00000004a7400000|  0%| F|  |TAMS 0x00000004a7000000, 0x00000004a7000000| Untracked 
|4253|0x00000004a7400000, 0x00000004a7400000, 0x00000004a7800000|  0%| F|  |TAMS 0x00000004a7400000, 0x00000004a7400000| Untracked 
|4254|0x00000004a7800000, 0x00000004a7800000, 0x00000004a7c00000|  0%| F|  |TAMS 0x00000004a7800000, 0x00000004a7800000| Untracked 
|4255|0x00000004a7c00000, 0x00000004a7c00000, 0x00000004a8000000|  0%| F|  |TAMS 0x00000004a7c00000, 0x00000004a7c00000| Untracked 
|4256|0x00000004a8000000, 0x00000004a8000000, 0x00000004a8400000|  0%| F|  |TAMS 0x00000004a8000000, 0x00000004a8000000| Untracked 
|4257|0x00000004a8400000, 0x00000004a8400000, 0x00000004a8800000|  0%| F|  |TAMS 0x00000004a8400000, 0x00000004a8400000| Untracked 
|4258|0x00000004a8800000, 0x00000004a8800000, 0x00000004a8c00000|  0%| F|  |TAMS 0x00000004a8800000, 0x00000004a8800000| Untracked 
|4259|0x00000004a8c00000, 0x00000004a8c00000, 0x00000004a9000000|  0%| F|  |TAMS 0x00000004a8c00000, 0x00000004a8c00000| Untracked 
|4260|0x00000004a9000000, 0x00000004a9000000, 0x00000004a9400000|  0%| F|  |TAMS 0x00000004a9000000, 0x00000004a9000000| Untracked 
|4261|0x00000004a9400000, 0x00000004a9400000, 0x00000004a9800000|  0%| F|  |TAMS 0x00000004a9400000, 0x00000004a9400000| Untracked 
|4262|0x00000004a9800000, 0x00000004a9800000, 0x00000004a9c00000|  0%| F|  |TAMS 0x00000004a9800000, 0x00000004a9800000| Untracked 
|4263|0x00000004a9c00000, 0x00000004a9c00000, 0x00000004aa000000|  0%| F|  |TAMS 0x00000004a9c00000, 0x00000004a9c00000| Untracked 
|4264|0x00000004aa000000, 0x00000004aa000000, 0x00000004aa400000|  0%| F|  |TAMS 0x00000004aa000000, 0x00000004aa000000| Untracked 
|4265|0x00000004aa400000, 0x00000004aa400000, 0x00000004aa800000|  0%| F|  |TAMS 0x00000004aa400000, 0x00000004aa400000| Untracked 
|4266|0x00000004aa800000, 0x00000004aa800000, 0x00000004aac00000|  0%| F|  |TAMS 0x00000004aa800000, 0x00000004aa800000| Untracked 
|4267|0x00000004aac00000, 0x00000004aac00000, 0x00000004ab000000|  0%| F|  |TAMS 0x00000004aac00000, 0x00000004aac00000| Untracked 
|4268|0x00000004ab000000, 0x00000004ab000000, 0x00000004ab400000|  0%| F|  |TAMS 0x00000004ab000000, 0x00000004ab000000| Untracked 
|4269|0x00000004ab400000, 0x00000004ab400000, 0x00000004ab800000|  0%| F|  |TAMS 0x00000004ab400000, 0x00000004ab400000| Untracked 
|4270|0x00000004ab800000, 0x00000004ab800000, 0x00000004abc00000|  0%| F|  |TAMS 0x00000004ab800000, 0x00000004ab800000| Untracked 
|4271|0x00000004abc00000, 0x00000004abc00000, 0x00000004ac000000|  0%| F|  |TAMS 0x00000004abc00000, 0x00000004abc00000| Untracked 
|4272|0x00000004ac000000, 0x00000004ac000000, 0x00000004ac400000|  0%| F|  |TAMS 0x00000004ac000000, 0x00000004ac000000| Untracked 
|4273|0x00000004ac400000, 0x00000004ac400000, 0x00000004ac800000|  0%| F|  |TAMS 0x00000004ac400000, 0x00000004ac400000| Untracked 
|4274|0x00000004ac800000, 0x00000004ac800000, 0x00000004acc00000|  0%| F|  |TAMS 0x00000004ac800000, 0x00000004ac800000| Untracked 
|4275|0x00000004acc00000, 0x00000004acc00000, 0x00000004ad000000|  0%| F|  |TAMS 0x00000004acc00000, 0x00000004acc00000| Untracked 
|4276|0x00000004ad000000, 0x00000004ad000000, 0x00000004ad400000|  0%| F|  |TAMS 0x00000004ad000000, 0x00000004ad000000| Untracked 
|4277|0x00000004ad400000, 0x00000004ad400000, 0x00000004ad800000|  0%| F|  |TAMS 0x00000004ad400000, 0x00000004ad400000| Untracked 
|4278|0x00000004ad800000, 0x00000004ad800000, 0x00000004adc00000|  0%| F|  |TAMS 0x00000004ad800000, 0x00000004ad800000| Untracked 
|4279|0x00000004adc00000, 0x00000004adc00000, 0x00000004ae000000|  0%| F|  |TAMS 0x00000004adc00000, 0x00000004adc00000| Untracked 
|4280|0x00000004ae000000, 0x00000004ae000000, 0x00000004ae400000|  0%| F|  |TAMS 0x00000004ae000000, 0x00000004ae000000| Untracked 
|4281|0x00000004ae400000, 0x00000004ae400000, 0x00000004ae800000|  0%| F|  |TAMS 0x00000004ae400000, 0x00000004ae400000| Untracked 
|4282|0x00000004ae800000, 0x00000004ae800000, 0x00000004aec00000|  0%| F|  |TAMS 0x00000004ae800000, 0x00000004ae800000| Untracked 
|4283|0x00000004aec00000, 0x00000004aec00000, 0x00000004af000000|  0%| F|  |TAMS 0x00000004aec00000, 0x00000004aec00000| Untracked 
|4284|0x00000004af000000, 0x00000004af000000, 0x00000004af400000|  0%| F|  |TAMS 0x00000004af000000, 0x00000004af000000| Untracked 
|4285|0x00000004af400000, 0x00000004af400000, 0x00000004af800000|  0%| F|  |TAMS 0x00000004af400000, 0x00000004af400000| Untracked 
|4286|0x00000004af800000, 0x00000004af800000, 0x00000004afc00000|  0%| F|  |TAMS 0x00000004af800000, 0x00000004af800000| Untracked 
|4287|0x00000004afc00000, 0x00000004afc00000, 0x00000004b0000000|  0%| F|  |TAMS 0x00000004afc00000, 0x00000004afc00000| Untracked 
|4288|0x00000004b0000000, 0x00000004b0000000, 0x00000004b0400000|  0%| F|  |TAMS 0x00000004b0000000, 0x00000004b0000000| Untracked 
|4289|0x00000004b0400000, 0x00000004b0400000, 0x00000004b0800000|  0%| F|  |TAMS 0x00000004b0400000, 0x00000004b0400000| Untracked 
|4290|0x00000004b0800000, 0x00000004b0800000, 0x00000004b0c00000|  0%| F|  |TAMS 0x00000004b0800000, 0x00000004b0800000| Untracked 
|4291|0x00000004b0c00000, 0x00000004b0c00000, 0x00000004b1000000|  0%| F|  |TAMS 0x00000004b0c00000, 0x00000004b0c00000| Untracked 
|4292|0x00000004b1000000, 0x00000004b1000000, 0x00000004b1400000|  0%| F|  |TAMS 0x00000004b1000000, 0x00000004b1000000| Untracked 
|4293|0x00000004b1400000, 0x00000004b1400000, 0x00000004b1800000|  0%| F|  |TAMS 0x00000004b1400000, 0x00000004b1400000| Untracked 
|4294|0x00000004b1800000, 0x00000004b1800000, 0x00000004b1c00000|  0%| F|  |TAMS 0x00000004b1800000, 0x00000004b1800000| Untracked 
|4295|0x00000004b1c00000, 0x00000004b1c00000, 0x00000004b2000000|  0%| F|  |TAMS 0x00000004b1c00000, 0x00000004b1c00000| Untracked 
|4296|0x00000004b2000000, 0x00000004b2000000, 0x00000004b2400000|  0%| F|  |TAMS 0x00000004b2000000, 0x00000004b2000000| Untracked 
|4297|0x00000004b2400000, 0x00000004b2400000, 0x00000004b2800000|  0%| F|  |TAMS 0x00000004b2400000, 0x00000004b2400000| Untracked 
|4298|0x00000004b2800000, 0x00000004b2800000, 0x00000004b2c00000|  0%| F|  |TAMS 0x00000004b2800000, 0x00000004b2800000| Untracked 
|4299|0x00000004b2c00000, 0x00000004b2c00000, 0x00000004b3000000|  0%| F|  |TAMS 0x00000004b2c00000, 0x00000004b2c00000| Untracked 
|4300|0x00000004b3000000, 0x00000004b3000000, 0x00000004b3400000|  0%| F|  |TAMS 0x00000004b3000000, 0x00000004b3000000| Untracked 
|4301|0x00000004b3400000, 0x00000004b3400000, 0x00000004b3800000|  0%| F|  |TAMS 0x00000004b3400000, 0x00000004b3400000| Untracked 
|4302|0x00000004b3800000, 0x00000004b3800000, 0x00000004b3c00000|  0%| F|  |TAMS 0x00000004b3800000, 0x00000004b3800000| Untracked 
|4303|0x00000004b3c00000, 0x00000004b3c00000, 0x00000004b4000000|  0%| F|  |TAMS 0x00000004b3c00000, 0x00000004b3c00000| Untracked 
|4304|0x00000004b4000000, 0x00000004b4000000, 0x00000004b4400000|  0%| F|  |TAMS 0x00000004b4000000, 0x00000004b4000000| Untracked 
|4305|0x00000004b4400000, 0x00000004b4400000, 0x00000004b4800000|  0%| F|  |TAMS 0x00000004b4400000, 0x00000004b4400000| Untracked 
|4306|0x00000004b4800000, 0x00000004b4800000, 0x00000004b4c00000|  0%| F|  |TAMS 0x00000004b4800000, 0x00000004b4800000| Untracked 
|4307|0x00000004b4c00000, 0x00000004b4c00000, 0x00000004b5000000|  0%| F|  |TAMS 0x00000004b4c00000, 0x00000004b4c00000| Untracked 
|4308|0x00000004b5000000, 0x00000004b5000000, 0x00000004b5400000|  0%| F|  |TAMS 0x00000004b5000000, 0x00000004b5000000| Untracked 
|4309|0x00000004b5400000, 0x00000004b5400000, 0x00000004b5800000|  0%| F|  |TAMS 0x00000004b5400000, 0x00000004b5400000| Untracked 
|4310|0x00000004b5800000, 0x00000004b5800000, 0x00000004b5c00000|  0%| F|  |TAMS 0x00000004b5800000, 0x00000004b5800000| Untracked 
|4311|0x00000004b5c00000, 0x00000004b5c00000, 0x00000004b6000000|  0%| F|  |TAMS 0x00000004b5c00000, 0x00000004b5c00000| Untracked 
|4312|0x00000004b6000000, 0x00000004b6000000, 0x00000004b6400000|  0%| F|  |TAMS 0x00000004b6000000, 0x00000004b6000000| Untracked 
|4313|0x00000004b6400000, 0x00000004b6400000, 0x00000004b6800000|  0%| F|  |TAMS 0x00000004b6400000, 0x00000004b6400000| Untracked 
|4314|0x00000004b6800000, 0x00000004b6800000, 0x00000004b6c00000|  0%| F|  |TAMS 0x00000004b6800000, 0x00000004b6800000| Untracked 
|4315|0x00000004b6c00000, 0x00000004b6c00000, 0x00000004b7000000|  0%| F|  |TAMS 0x00000004b6c00000, 0x00000004b6c00000| Untracked 
|4316|0x00000004b7000000, 0x00000004b7000000, 0x00000004b7400000|  0%| F|  |TAMS 0x00000004b7000000, 0x00000004b7000000| Untracked 
|4317|0x00000004b7400000, 0x00000004b7400000, 0x00000004b7800000|  0%| F|  |TAMS 0x00000004b7400000, 0x00000004b7400000| Untracked 
|4318|0x00000004b7800000, 0x00000004b7800000, 0x00000004b7c00000|  0%| F|  |TAMS 0x00000004b7800000, 0x00000004b7800000| Untracked 
|4319|0x00000004b7c00000, 0x00000004b7c00000, 0x00000004b8000000|  0%| F|  |TAMS 0x00000004b7c00000, 0x00000004b7c00000| Untracked 
|4320|0x00000004b8000000, 0x00000004b8000000, 0x00000004b8400000|  0%| F|  |TAMS 0x00000004b8000000, 0x00000004b8000000| Untracked 
|4321|0x00000004b8400000, 0x00000004b8400000, 0x00000004b8800000|  0%| F|  |TAMS 0x00000004b8400000, 0x00000004b8400000| Untracked 
|4322|0x00000004b8800000, 0x00000004b8800000, 0x00000004b8c00000|  0%| F|  |TAMS 0x00000004b8800000, 0x00000004b8800000| Untracked 
|4323|0x00000004b8c00000, 0x00000004b8c00000, 0x00000004b9000000|  0%| F|  |TAMS 0x00000004b8c00000, 0x00000004b8c00000| Untracked 
|4324|0x00000004b9000000, 0x00000004b9000000, 0x00000004b9400000|  0%| F|  |TAMS 0x00000004b9000000, 0x00000004b9000000| Untracked 
|4325|0x00000004b9400000, 0x00000004b9400000, 0x00000004b9800000|  0%| F|  |TAMS 0x00000004b9400000, 0x00000004b9400000| Untracked 
|4326|0x00000004b9800000, 0x00000004b9800000, 0x00000004b9c00000|  0%| F|  |TAMS 0x00000004b9800000, 0x00000004b9800000| Untracked 
|4327|0x00000004b9c00000, 0x00000004b9c00000, 0x00000004ba000000|  0%| F|  |TAMS 0x00000004b9c00000, 0x00000004b9c00000| Untracked 
|4328|0x00000004ba000000, 0x00000004ba000000, 0x00000004ba400000|  0%| F|  |TAMS 0x00000004ba000000, 0x00000004ba000000| Untracked 
|4329|0x00000004ba400000, 0x00000004ba400000, 0x00000004ba800000|  0%| F|  |TAMS 0x00000004ba400000, 0x00000004ba400000| Untracked 
|4330|0x00000004ba800000, 0x00000004ba800000, 0x00000004bac00000|  0%| F|  |TAMS 0x00000004ba800000, 0x00000004ba800000| Untracked 
|4331|0x00000004bac00000, 0x00000004bac00000, 0x00000004bb000000|  0%| F|  |TAMS 0x00000004bac00000, 0x00000004bac00000| Untracked 
|4332|0x00000004bb000000, 0x00000004bb000000, 0x00000004bb400000|  0%| F|  |TAMS 0x00000004bb000000, 0x00000004bb000000| Untracked 
|4333|0x00000004bb400000, 0x00000004bb400000, 0x00000004bb800000|  0%| F|  |TAMS 0x00000004bb400000, 0x00000004bb400000| Untracked 
|4334|0x00000004bb800000, 0x00000004bb800000, 0x00000004bbc00000|  0%| F|  |TAMS 0x00000004bb800000, 0x00000004bb800000| Untracked 
|4335|0x00000004bbc00000, 0x00000004bbc00000, 0x00000004bc000000|  0%| F|  |TAMS 0x00000004bbc00000, 0x00000004bbc00000| Untracked 
|4336|0x00000004bc000000, 0x00000004bc000000, 0x00000004bc400000|  0%| F|  |TAMS 0x00000004bc000000, 0x00000004bc000000| Untracked 
|4337|0x00000004bc400000, 0x00000004bc400000, 0x00000004bc800000|  0%| F|  |TAMS 0x00000004bc400000, 0x00000004bc400000| Untracked 
|4338|0x00000004bc800000, 0x00000004bc800000, 0x00000004bcc00000|  0%| F|  |TAMS 0x00000004bc800000, 0x00000004bc800000| Untracked 
|4339|0x00000004bcc00000, 0x00000004bcc00000, 0x00000004bd000000|  0%| F|  |TAMS 0x00000004bcc00000, 0x00000004bcc00000| Untracked 
|4340|0x00000004bd000000, 0x00000004bd000000, 0x00000004bd400000|  0%| F|  |TAMS 0x00000004bd000000, 0x00000004bd000000| Untracked 
|4341|0x00000004bd400000, 0x00000004bd400000, 0x00000004bd800000|  0%| F|  |TAMS 0x00000004bd400000, 0x00000004bd400000| Untracked 
|4342|0x00000004bd800000, 0x00000004bd800000, 0x00000004bdc00000|  0%| F|  |TAMS 0x00000004bd800000, 0x00000004bd800000| Untracked 
|4343|0x00000004bdc00000, 0x00000004bdc00000, 0x00000004be000000|  0%| F|  |TAMS 0x00000004bdc00000, 0x00000004bdc00000| Untracked 
|4344|0x00000004be000000, 0x00000004be000000, 0x00000004be400000|  0%| F|  |TAMS 0x00000004be000000, 0x00000004be000000| Untracked 
|4345|0x00000004be400000, 0x00000004be400000, 0x00000004be800000|  0%| F|  |TAMS 0x00000004be400000, 0x00000004be400000| Untracked 
|4346|0x00000004be800000, 0x00000004be800000, 0x00000004bec00000|  0%| F|  |TAMS 0x00000004be800000, 0x00000004be800000| Untracked 
|4347|0x00000004bec00000, 0x00000004bec00000, 0x00000004bf000000|  0%| F|  |TAMS 0x00000004bec00000, 0x00000004bec00000| Untracked 
|4348|0x00000004bf000000, 0x00000004bf000000, 0x00000004bf400000|  0%| F|  |TAMS 0x00000004bf000000, 0x00000004bf000000| Untracked 
|4349|0x00000004bf400000, 0x00000004bf400000, 0x00000004bf800000|  0%| F|  |TAMS 0x00000004bf400000, 0x00000004bf400000| Untracked 
|4350|0x00000004bf800000, 0x00000004bf800000, 0x00000004bfc00000|  0%| F|  |TAMS 0x00000004bf800000, 0x00000004bf800000| Untracked 
|4351|0x00000004bfc00000, 0x00000004bfc00000, 0x00000004c0000000|  0%| F|  |TAMS 0x00000004bfc00000, 0x00000004bfc00000| Untracked 
|4352|0x00000004c0000000, 0x00000004c0000000, 0x00000004c0400000|  0%| F|  |TAMS 0x00000004c0000000, 0x00000004c0000000| Untracked 
|4353|0x00000004c0400000, 0x00000004c0400000, 0x00000004c0800000|  0%| F|  |TAMS 0x00000004c0400000, 0x00000004c0400000| Untracked 
|4354|0x00000004c0800000, 0x00000004c0800000, 0x00000004c0c00000|  0%| F|  |TAMS 0x00000004c0800000, 0x00000004c0800000| Untracked 
|4355|0x00000004c0c00000, 0x00000004c0c00000, 0x00000004c1000000|  0%| F|  |TAMS 0x00000004c0c00000, 0x00000004c0c00000| Untracked 
|4356|0x00000004c1000000, 0x00000004c1000000, 0x00000004c1400000|  0%| F|  |TAMS 0x00000004c1000000, 0x00000004c1000000| Untracked 
|4357|0x00000004c1400000, 0x00000004c1400000, 0x00000004c1800000|  0%| F|  |TAMS 0x00000004c1400000, 0x00000004c1400000| Untracked 
|4358|0x00000004c1800000, 0x00000004c1800000, 0x00000004c1c00000|  0%| F|  |TAMS 0x00000004c1800000, 0x00000004c1800000| Untracked 
|4359|0x00000004c1c00000, 0x00000004c1c00000, 0x00000004c2000000|  0%| F|  |TAMS 0x00000004c1c00000, 0x00000004c1c00000| Untracked 
|4360|0x00000004c2000000, 0x00000004c2000000, 0x00000004c2400000|  0%| F|  |TAMS 0x00000004c2000000, 0x00000004c2000000| Untracked 
|4361|0x00000004c2400000, 0x00000004c2400000, 0x00000004c2800000|  0%| F|  |TAMS 0x00000004c2400000, 0x00000004c2400000| Untracked 
|4362|0x00000004c2800000, 0x00000004c2800000, 0x00000004c2c00000|  0%| F|  |TAMS 0x00000004c2800000, 0x00000004c2800000| Untracked 
|4363|0x00000004c2c00000, 0x00000004c2c00000, 0x00000004c3000000|  0%| F|  |TAMS 0x00000004c2c00000, 0x00000004c2c00000| Untracked 
|4364|0x00000004c3000000, 0x00000004c3000000, 0x00000004c3400000|  0%| F|  |TAMS 0x00000004c3000000, 0x00000004c3000000| Untracked 
|4365|0x00000004c3400000, 0x00000004c3400000, 0x00000004c3800000|  0%| F|  |TAMS 0x00000004c3400000, 0x00000004c3400000| Untracked 
|4366|0x00000004c3800000, 0x00000004c3800000, 0x00000004c3c00000|  0%| F|  |TAMS 0x00000004c3800000, 0x00000004c3800000| Untracked 
|4367|0x00000004c3c00000, 0x00000004c3c00000, 0x00000004c4000000|  0%| F|  |TAMS 0x00000004c3c00000, 0x00000004c3c00000| Untracked 
|4368|0x00000004c4000000, 0x00000004c4000000, 0x00000004c4400000|  0%| F|  |TAMS 0x00000004c4000000, 0x00000004c4000000| Untracked 
|4369|0x00000004c4400000, 0x00000004c4400000, 0x00000004c4800000|  0%| F|  |TAMS 0x00000004c4400000, 0x00000004c4400000| Untracked 
|4370|0x00000004c4800000, 0x00000004c4800000, 0x00000004c4c00000|  0%| F|  |TAMS 0x00000004c4800000, 0x00000004c4800000| Untracked 
|4371|0x00000004c4c00000, 0x00000004c4c00000, 0x00000004c5000000|  0%| F|  |TAMS 0x00000004c4c00000, 0x00000004c4c00000| Untracked 
|4372|0x00000004c5000000, 0x00000004c5000000, 0x00000004c5400000|  0%| F|  |TAMS 0x00000004c5000000, 0x00000004c5000000| Untracked 
|4373|0x00000004c5400000, 0x00000004c5400000, 0x00000004c5800000|  0%| F|  |TAMS 0x00000004c5400000, 0x00000004c5400000| Untracked 
|4374|0x00000004c5800000, 0x00000004c5800000, 0x00000004c5c00000|  0%| F|  |TAMS 0x00000004c5800000, 0x00000004c5800000| Untracked 
|4375|0x00000004c5c00000, 0x00000004c5c00000, 0x00000004c6000000|  0%| F|  |TAMS 0x00000004c5c00000, 0x00000004c5c00000| Untracked 
|4376|0x00000004c6000000, 0x00000004c6000000, 0x00000004c6400000|  0%| F|  |TAMS 0x00000004c6000000, 0x00000004c6000000| Untracked 
|4377|0x00000004c6400000, 0x00000004c6400000, 0x00000004c6800000|  0%| F|  |TAMS 0x00000004c6400000, 0x00000004c6400000| Untracked 
|4378|0x00000004c6800000, 0x00000004c6800000, 0x00000004c6c00000|  0%| F|  |TAMS 0x00000004c6800000, 0x00000004c6800000| Untracked 
|4379|0x00000004c6c00000, 0x00000004c6c00000, 0x00000004c7000000|  0%| F|  |TAMS 0x00000004c6c00000, 0x00000004c6c00000| Untracked 
|4380|0x00000004c7000000, 0x00000004c7000000, 0x00000004c7400000|  0%| F|  |TAMS 0x00000004c7000000, 0x00000004c7000000| Untracked 
|4381|0x00000004c7400000, 0x00000004c7400000, 0x00000004c7800000|  0%| F|  |TAMS 0x00000004c7400000, 0x00000004c7400000| Untracked 
|4382|0x00000004c7800000, 0x00000004c7800000, 0x00000004c7c00000|  0%| F|  |TAMS 0x00000004c7800000, 0x00000004c7800000| Untracked 
|4383|0x00000004c7c00000, 0x00000004c7c00000, 0x00000004c8000000|  0%| F|  |TAMS 0x00000004c7c00000, 0x00000004c7c00000| Untracked 
|4384|0x00000004c8000000, 0x00000004c8000000, 0x00000004c8400000|  0%| F|  |TAMS 0x00000004c8000000, 0x00000004c8000000| Untracked 
|4385|0x00000004c8400000, 0x00000004c8400000, 0x00000004c8800000|  0%| F|  |TAMS 0x00000004c8400000, 0x00000004c8400000| Untracked 
|4386|0x00000004c8800000, 0x00000004c8800000, 0x00000004c8c00000|  0%| F|  |TAMS 0x00000004c8800000, 0x00000004c8800000| Untracked 
|4387|0x00000004c8c00000, 0x00000004c8c00000, 0x00000004c9000000|  0%| F|  |TAMS 0x00000004c8c00000, 0x00000004c8c00000| Untracked 
|4388|0x00000004c9000000, 0x00000004c9000000, 0x00000004c9400000|  0%| F|  |TAMS 0x00000004c9000000, 0x00000004c9000000| Untracked 
|4389|0x00000004c9400000, 0x00000004c9400000, 0x00000004c9800000|  0%| F|  |TAMS 0x00000004c9400000, 0x00000004c9400000| Untracked 
|4390|0x00000004c9800000, 0x00000004c9800000, 0x00000004c9c00000|  0%| F|  |TAMS 0x00000004c9800000, 0x00000004c9800000| Untracked 
|4391|0x00000004c9c00000, 0x00000004c9c00000, 0x00000004ca000000|  0%| F|  |TAMS 0x00000004c9c00000, 0x00000004c9c00000| Untracked 
|4392|0x00000004ca000000, 0x00000004ca000000, 0x00000004ca400000|  0%| F|  |TAMS 0x00000004ca000000, 0x00000004ca000000| Untracked 
|4393|0x00000004ca400000, 0x00000004ca400000, 0x00000004ca800000|  0%| F|  |TAMS 0x00000004ca400000, 0x00000004ca400000| Untracked 
|4394|0x00000004ca800000, 0x00000004ca800000, 0x00000004cac00000|  0%| F|  |TAMS 0x00000004ca800000, 0x00000004ca800000| Untracked 
|4395|0x00000004cac00000, 0x00000004cac00000, 0x00000004cb000000|  0%| F|  |TAMS 0x00000004cac00000, 0x00000004cac00000| Untracked 
|4396|0x00000004cb000000, 0x00000004cb000000, 0x00000004cb400000|  0%| F|  |TAMS 0x00000004cb000000, 0x00000004cb000000| Untracked 
|4397|0x00000004cb400000, 0x00000004cb400000, 0x00000004cb800000|  0%| F|  |TAMS 0x00000004cb400000, 0x00000004cb400000| Untracked 
|4398|0x00000004cb800000, 0x00000004cb800000, 0x00000004cbc00000|  0%| F|  |TAMS 0x00000004cb800000, 0x00000004cb800000| Untracked 
|4399|0x00000004cbc00000, 0x00000004cbc00000, 0x00000004cc000000|  0%| F|  |TAMS 0x00000004cbc00000, 0x00000004cbc00000| Untracked 
|4400|0x00000004cc000000, 0x00000004cc000000, 0x00000004cc400000|  0%| F|  |TAMS 0x00000004cc000000, 0x00000004cc000000| Untracked 
|4401|0x00000004cc400000, 0x00000004cc400000, 0x00000004cc800000|  0%| F|  |TAMS 0x00000004cc400000, 0x00000004cc400000| Untracked 
|4402|0x00000004cc800000, 0x00000004cc800000, 0x00000004ccc00000|  0%| F|  |TAMS 0x00000004cc800000, 0x00000004cc800000| Untracked 
|4403|0x00000004ccc00000, 0x00000004ccc00000, 0x00000004cd000000|  0%| F|  |TAMS 0x00000004ccc00000, 0x00000004ccc00000| Untracked 
|4404|0x00000004cd000000, 0x00000004cd000000, 0x00000004cd400000|  0%| F|  |TAMS 0x00000004cd000000, 0x00000004cd000000| Untracked 
|4405|0x00000004cd400000, 0x00000004cd400000, 0x00000004cd800000|  0%| F|  |TAMS 0x00000004cd400000, 0x00000004cd400000| Untracked 
|4406|0x00000004cd800000, 0x00000004cd800000, 0x00000004cdc00000|  0%| F|  |TAMS 0x00000004cd800000, 0x00000004cd800000| Untracked 
|4407|0x00000004cdc00000, 0x00000004cdc00000, 0x00000004ce000000|  0%| F|  |TAMS 0x00000004cdc00000, 0x00000004cdc00000| Untracked 
|4408|0x00000004ce000000, 0x00000004ce000000, 0x00000004ce400000|  0%| F|  |TAMS 0x00000004ce000000, 0x00000004ce000000| Untracked 
|4409|0x00000004ce400000, 0x00000004ce400000, 0x00000004ce800000|  0%| F|  |TAMS 0x00000004ce400000, 0x00000004ce400000| Untracked 
|4410|0x00000004ce800000, 0x00000004ce800000, 0x00000004cec00000|  0%| F|  |TAMS 0x00000004ce800000, 0x00000004ce800000| Untracked 
|4411|0x00000004cec00000, 0x00000004cec00000, 0x00000004cf000000|  0%| F|  |TAMS 0x00000004cec00000, 0x00000004cec00000| Untracked 
|4412|0x00000004cf000000, 0x00000004cf000000, 0x00000004cf400000|  0%| F|  |TAMS 0x00000004cf000000, 0x00000004cf000000| Untracked 
|4413|0x00000004cf400000, 0x00000004cf400000, 0x00000004cf800000|  0%| F|  |TAMS 0x00000004cf400000, 0x00000004cf400000| Untracked 
|4414|0x00000004cf800000, 0x00000004cf800000, 0x00000004cfc00000|  0%| F|  |TAMS 0x00000004cf800000, 0x00000004cf800000| Untracked 
|4415|0x00000004cfc00000, 0x00000004cfc00000, 0x00000004d0000000|  0%| F|  |TAMS 0x00000004cfc00000, 0x00000004cfc00000| Untracked 
|4416|0x00000004d0000000, 0x00000004d0000000, 0x00000004d0400000|  0%| F|  |TAMS 0x00000004d0000000, 0x00000004d0000000| Untracked 
|4417|0x00000004d0400000, 0x00000004d0400000, 0x00000004d0800000|  0%| F|  |TAMS 0x00000004d0400000, 0x00000004d0400000| Untracked 
|4418|0x00000004d0800000, 0x00000004d0800000, 0x00000004d0c00000|  0%| F|  |TAMS 0x00000004d0800000, 0x00000004d0800000| Untracked 
|4419|0x00000004d0c00000, 0x00000004d0c00000, 0x00000004d1000000|  0%| F|  |TAMS 0x00000004d0c00000, 0x00000004d0c00000| Untracked 
|4420|0x00000004d1000000, 0x00000004d1000000, 0x00000004d1400000|  0%| F|  |TAMS 0x00000004d1000000, 0x00000004d1000000| Untracked 
|4421|0x00000004d1400000, 0x00000004d1400000, 0x00000004d1800000|  0%| F|  |TAMS 0x00000004d1400000, 0x00000004d1400000| Untracked 
|4422|0x00000004d1800000, 0x00000004d1800000, 0x00000004d1c00000|  0%| F|  |TAMS 0x00000004d1800000, 0x00000004d1800000| Untracked 
|4423|0x00000004d1c00000, 0x00000004d1c00000, 0x00000004d2000000|  0%| F|  |TAMS 0x00000004d1c00000, 0x00000004d1c00000| Untracked 
|4424|0x00000004d2000000, 0x00000004d2000000, 0x00000004d2400000|  0%| F|  |TAMS 0x00000004d2000000, 0x00000004d2000000| Untracked 
|4425|0x00000004d2400000, 0x00000004d2400000, 0x00000004d2800000|  0%| F|  |TAMS 0x00000004d2400000, 0x00000004d2400000| Untracked 
|4426|0x00000004d2800000, 0x00000004d2800000, 0x00000004d2c00000|  0%| F|  |TAMS 0x00000004d2800000, 0x00000004d2800000| Untracked 
|4427|0x00000004d2c00000, 0x00000004d2c00000, 0x00000004d3000000|  0%| F|  |TAMS 0x00000004d2c00000, 0x00000004d2c00000| Untracked 
|4428|0x00000004d3000000, 0x00000004d3000000, 0x00000004d3400000|  0%| F|  |TAMS 0x00000004d3000000, 0x00000004d3000000| Untracked 
|4429|0x00000004d3400000, 0x00000004d3400000, 0x00000004d3800000|  0%| F|  |TAMS 0x00000004d3400000, 0x00000004d3400000| Untracked 
|4430|0x00000004d3800000, 0x00000004d3800000, 0x00000004d3c00000|  0%| F|  |TAMS 0x00000004d3800000, 0x00000004d3800000| Untracked 
|4431|0x00000004d3c00000, 0x00000004d3c00000, 0x00000004d4000000|  0%| F|  |TAMS 0x00000004d3c00000, 0x00000004d3c00000| Untracked 
|4432|0x00000004d4000000, 0x00000004d4000000, 0x00000004d4400000|  0%| F|  |TAMS 0x00000004d4000000, 0x00000004d4000000| Untracked 
|4433|0x00000004d4400000, 0x00000004d4400000, 0x00000004d4800000|  0%| F|  |TAMS 0x00000004d4400000, 0x00000004d4400000| Untracked 
|4434|0x00000004d4800000, 0x00000004d4800000, 0x00000004d4c00000|  0%| F|  |TAMS 0x00000004d4800000, 0x00000004d4800000| Untracked 
|4435|0x00000004d4c00000, 0x00000004d4c00000, 0x00000004d5000000|  0%| F|  |TAMS 0x00000004d4c00000, 0x00000004d4c00000| Untracked 
|4436|0x00000004d5000000, 0x00000004d5000000, 0x00000004d5400000|  0%| F|  |TAMS 0x00000004d5000000, 0x00000004d5000000| Untracked 
|4437|0x00000004d5400000, 0x00000004d5400000, 0x00000004d5800000|  0%| F|  |TAMS 0x00000004d5400000, 0x00000004d5400000| Untracked 
|4438|0x00000004d5800000, 0x00000004d5800000, 0x00000004d5c00000|  0%| F|  |TAMS 0x00000004d5800000, 0x00000004d5800000| Untracked 
|4439|0x00000004d5c00000, 0x00000004d5c00000, 0x00000004d6000000|  0%| F|  |TAMS 0x00000004d5c00000, 0x00000004d5c00000| Untracked 
|4440|0x00000004d6000000, 0x00000004d6000000, 0x00000004d6400000|  0%| F|  |TAMS 0x00000004d6000000, 0x00000004d6000000| Untracked 
|4441|0x00000004d6400000, 0x00000004d6400000, 0x00000004d6800000|  0%| F|  |TAMS 0x00000004d6400000, 0x00000004d6400000| Untracked 
|4442|0x00000004d6800000, 0x00000004d6800000, 0x00000004d6c00000|  0%| F|  |TAMS 0x00000004d6800000, 0x00000004d6800000| Untracked 
|4443|0x00000004d6c00000, 0x00000004d6c00000, 0x00000004d7000000|  0%| F|  |TAMS 0x00000004d6c00000, 0x00000004d6c00000| Untracked 
|4444|0x00000004d7000000, 0x00000004d7000000, 0x00000004d7400000|  0%| F|  |TAMS 0x00000004d7000000, 0x00000004d7000000| Untracked 
|4445|0x00000004d7400000, 0x00000004d7400000, 0x00000004d7800000|  0%| F|  |TAMS 0x00000004d7400000, 0x00000004d7400000| Untracked 
|4446|0x00000004d7800000, 0x00000004d7800000, 0x00000004d7c00000|  0%| F|  |TAMS 0x00000004d7800000, 0x00000004d7800000| Untracked 
|4447|0x00000004d7c00000, 0x00000004d7c00000, 0x00000004d8000000|  0%| F|  |TAMS 0x00000004d7c00000, 0x00000004d7c00000| Untracked 
|4448|0x00000004d8000000, 0x00000004d8000000, 0x00000004d8400000|  0%| F|  |TAMS 0x00000004d8000000, 0x00000004d8000000| Untracked 
|4449|0x00000004d8400000, 0x00000004d8400000, 0x00000004d8800000|  0%| F|  |TAMS 0x00000004d8400000, 0x00000004d8400000| Untracked 
|4450|0x00000004d8800000, 0x00000004d8800000, 0x00000004d8c00000|  0%| F|  |TAMS 0x00000004d8800000, 0x00000004d8800000| Untracked 
|4451|0x00000004d8c00000, 0x00000004d8c00000, 0x00000004d9000000|  0%| F|  |TAMS 0x00000004d8c00000, 0x00000004d8c00000| Untracked 
|4452|0x00000004d9000000, 0x00000004d9000000, 0x00000004d9400000|  0%| F|  |TAMS 0x00000004d9000000, 0x00000004d9000000| Untracked 
|4453|0x00000004d9400000, 0x00000004d9400000, 0x00000004d9800000|  0%| F|  |TAMS 0x00000004d9400000, 0x00000004d9400000| Untracked 
|4454|0x00000004d9800000, 0x00000004d9800000, 0x00000004d9c00000|  0%| F|  |TAMS 0x00000004d9800000, 0x00000004d9800000| Untracked 
|4455|0x00000004d9c00000, 0x00000004d9c00000, 0x00000004da000000|  0%| F|  |TAMS 0x00000004d9c00000, 0x00000004d9c00000| Untracked 
|4456|0x00000004da000000, 0x00000004da000000, 0x00000004da400000|  0%| F|  |TAMS 0x00000004da000000, 0x00000004da000000| Untracked 
|4457|0x00000004da400000, 0x00000004da400000, 0x00000004da800000|  0%| F|  |TAMS 0x00000004da400000, 0x00000004da400000| Untracked 
|4458|0x00000004da800000, 0x00000004da800000, 0x00000004dac00000|  0%| F|  |TAMS 0x00000004da800000, 0x00000004da800000| Untracked 
|4459|0x00000004dac00000, 0x00000004dac00000, 0x00000004db000000|  0%| F|  |TAMS 0x00000004dac00000, 0x00000004dac00000| Untracked 
|4460|0x00000004db000000, 0x00000004db000000, 0x00000004db400000|  0%| F|  |TAMS 0x00000004db000000, 0x00000004db000000| Untracked 
|4461|0x00000004db400000, 0x00000004db400000, 0x00000004db800000|  0%| F|  |TAMS 0x00000004db400000, 0x00000004db400000| Untracked 
|4462|0x00000004db800000, 0x00000004db800000, 0x00000004dbc00000|  0%| F|  |TAMS 0x00000004db800000, 0x00000004db800000| Untracked 
|4463|0x00000004dbc00000, 0x00000004dbc00000, 0x00000004dc000000|  0%| F|  |TAMS 0x00000004dbc00000, 0x00000004dbc00000| Untracked 
|4464|0x00000004dc000000, 0x00000004dc000000, 0x00000004dc400000|  0%| F|  |TAMS 0x00000004dc000000, 0x00000004dc000000| Untracked 
|4465|0x00000004dc400000, 0x00000004dc400000, 0x00000004dc800000|  0%| F|  |TAMS 0x00000004dc400000, 0x00000004dc400000| Untracked 
|4466|0x00000004dc800000, 0x00000004dc800000, 0x00000004dcc00000|  0%| F|  |TAMS 0x00000004dc800000, 0x00000004dc800000| Untracked 
|4467|0x00000004dcc00000, 0x00000004dcc00000, 0x00000004dd000000|  0%| F|  |TAMS 0x00000004dcc00000, 0x00000004dcc00000| Untracked 
|4468|0x00000004dd000000, 0x00000004dd000000, 0x00000004dd400000|  0%| F|  |TAMS 0x00000004dd000000, 0x00000004dd000000| Untracked 
|4469|0x00000004dd400000, 0x00000004dd400000, 0x00000004dd800000|  0%| F|  |TAMS 0x00000004dd400000, 0x00000004dd400000| Untracked 
|4470|0x00000004dd800000, 0x00000004dd800000, 0x00000004ddc00000|  0%| F|  |TAMS 0x00000004dd800000, 0x00000004dd800000| Untracked 
|4471|0x00000004ddc00000, 0x00000004ddc00000, 0x00000004de000000|  0%| F|  |TAMS 0x00000004ddc00000, 0x00000004ddc00000| Untracked 
|4472|0x00000004de000000, 0x00000004de000000, 0x00000004de400000|  0%| F|  |TAMS 0x00000004de000000, 0x00000004de000000| Untracked 
|4473|0x00000004de400000, 0x00000004de400000, 0x00000004de800000|  0%| F|  |TAMS 0x00000004de400000, 0x00000004de400000| Untracked 
|4474|0x00000004de800000, 0x00000004de800000, 0x00000004dec00000|  0%| F|  |TAMS 0x00000004de800000, 0x00000004de800000| Untracked 
|4475|0x00000004dec00000, 0x00000004dec00000, 0x00000004df000000|  0%| F|  |TAMS 0x00000004dec00000, 0x00000004dec00000| Untracked 
|4476|0x00000004df000000, 0x00000004df000000, 0x00000004df400000|  0%| F|  |TAMS 0x00000004df000000, 0x00000004df000000| Untracked 
|4477|0x00000004df400000, 0x00000004df400000, 0x00000004df800000|  0%| F|  |TAMS 0x00000004df400000, 0x00000004df400000| Untracked 
|4478|0x00000004df800000, 0x00000004df800000, 0x00000004dfc00000|  0%| F|  |TAMS 0x00000004df800000, 0x00000004df800000| Untracked 
|4479|0x00000004dfc00000, 0x00000004dfc00000, 0x00000004e0000000|  0%| F|  |TAMS 0x00000004dfc00000, 0x00000004dfc00000| Untracked 
|4480|0x00000004e0000000, 0x00000004e0000000, 0x00000004e0400000|  0%| F|  |TAMS 0x00000004e0000000, 0x00000004e0000000| Untracked 
|4481|0x00000004e0400000, 0x00000004e0400000, 0x00000004e0800000|  0%| F|  |TAMS 0x00000004e0400000, 0x00000004e0400000| Untracked 
|4482|0x00000004e0800000, 0x00000004e0800000, 0x00000004e0c00000|  0%| F|  |TAMS 0x00000004e0800000, 0x00000004e0800000| Untracked 
|4483|0x00000004e0c00000, 0x00000004e0c00000, 0x00000004e1000000|  0%| F|  |TAMS 0x00000004e0c00000, 0x00000004e0c00000| Untracked 
|4484|0x00000004e1000000, 0x00000004e1000000, 0x00000004e1400000|  0%| F|  |TAMS 0x00000004e1000000, 0x00000004e1000000| Untracked 
|4485|0x00000004e1400000, 0x00000004e1400000, 0x00000004e1800000|  0%| F|  |TAMS 0x00000004e1400000, 0x00000004e1400000| Untracked 
|4486|0x00000004e1800000, 0x00000004e1800000, 0x00000004e1c00000|  0%| F|  |TAMS 0x00000004e1800000, 0x00000004e1800000| Untracked 
|4487|0x00000004e1c00000, 0x00000004e1c00000, 0x00000004e2000000|  0%| F|  |TAMS 0x00000004e1c00000, 0x00000004e1c00000| Untracked 
|4488|0x00000004e2000000, 0x00000004e2000000, 0x00000004e2400000|  0%| F|  |TAMS 0x00000004e2000000, 0x00000004e2000000| Untracked 
|4489|0x00000004e2400000, 0x00000004e2400000, 0x00000004e2800000|  0%| F|  |TAMS 0x00000004e2400000, 0x00000004e2400000| Untracked 
|4490|0x00000004e2800000, 0x00000004e2800000, 0x00000004e2c00000|  0%| F|  |TAMS 0x00000004e2800000, 0x00000004e2800000| Untracked 
|4491|0x00000004e2c00000, 0x00000004e2c00000, 0x00000004e3000000|  0%| F|  |TAMS 0x00000004e2c00000, 0x00000004e2c00000| Untracked 
|4492|0x00000004e3000000, 0x00000004e3000000, 0x00000004e3400000|  0%| F|  |TAMS 0x00000004e3000000, 0x00000004e3000000| Untracked 
|4493|0x00000004e3400000, 0x00000004e3400000, 0x00000004e3800000|  0%| F|  |TAMS 0x00000004e3400000, 0x00000004e3400000| Untracked 
|4494|0x00000004e3800000, 0x00000004e3800000, 0x00000004e3c00000|  0%| F|  |TAMS 0x00000004e3800000, 0x00000004e3800000| Untracked 
|4495|0x00000004e3c00000, 0x00000004e3c00000, 0x00000004e4000000|  0%| F|  |TAMS 0x00000004e3c00000, 0x00000004e3c00000| Untracked 
|4496|0x00000004e4000000, 0x00000004e4000000, 0x00000004e4400000|  0%| F|  |TAMS 0x00000004e4000000, 0x00000004e4000000| Untracked 
|4497|0x00000004e4400000, 0x00000004e4400000, 0x00000004e4800000|  0%| F|  |TAMS 0x00000004e4400000, 0x00000004e4400000| Untracked 
|4498|0x00000004e4800000, 0x00000004e4800000, 0x00000004e4c00000|  0%| F|  |TAMS 0x00000004e4800000, 0x00000004e4800000| Untracked 
|4499|0x00000004e4c00000, 0x00000004e4c00000, 0x00000004e5000000|  0%| F|  |TAMS 0x00000004e4c00000, 0x00000004e4c00000| Untracked 
|4500|0x00000004e5000000, 0x00000004e5000000, 0x00000004e5400000|  0%| F|  |TAMS 0x00000004e5000000, 0x00000004e5000000| Untracked 
|4501|0x00000004e5400000, 0x00000004e5400000, 0x00000004e5800000|  0%| F|  |TAMS 0x00000004e5400000, 0x00000004e5400000| Untracked 
|4502|0x00000004e5800000, 0x00000004e5800000, 0x00000004e5c00000|  0%| F|  |TAMS 0x00000004e5800000, 0x00000004e5800000| Untracked 
|4503|0x00000004e5c00000, 0x00000004e5c00000, 0x00000004e6000000|  0%| F|  |TAMS 0x00000004e5c00000, 0x00000004e5c00000| Untracked 
|4504|0x00000004e6000000, 0x00000004e6000000, 0x00000004e6400000|  0%| F|  |TAMS 0x00000004e6000000, 0x00000004e6000000| Untracked 
|4505|0x00000004e6400000, 0x00000004e6400000, 0x00000004e6800000|  0%| F|  |TAMS 0x00000004e6400000, 0x00000004e6400000| Untracked 
|4506|0x00000004e6800000, 0x00000004e6800000, 0x00000004e6c00000|  0%| F|  |TAMS 0x00000004e6800000, 0x00000004e6800000| Untracked 
|4507|0x00000004e6c00000, 0x00000004e6c00000, 0x00000004e7000000|  0%| F|  |TAMS 0x00000004e6c00000, 0x00000004e6c00000| Untracked 
|4508|0x00000004e7000000, 0x00000004e7000000, 0x00000004e7400000|  0%| F|  |TAMS 0x00000004e7000000, 0x00000004e7000000| Untracked 
|4509|0x00000004e7400000, 0x00000004e7400000, 0x00000004e7800000|  0%| F|  |TAMS 0x00000004e7400000, 0x00000004e7400000| Untracked 
|4510|0x00000004e7800000, 0x00000004e7800000, 0x00000004e7c00000|  0%| F|  |TAMS 0x00000004e7800000, 0x00000004e7800000| Untracked 
|4511|0x00000004e7c00000, 0x00000004e7c00000, 0x00000004e8000000|  0%| F|  |TAMS 0x00000004e7c00000, 0x00000004e7c00000| Untracked 
|4512|0x00000004e8000000, 0x00000004e8000000, 0x00000004e8400000|  0%| F|  |TAMS 0x00000004e8000000, 0x00000004e8000000| Untracked 
|4513|0x00000004e8400000, 0x00000004e8400000, 0x00000004e8800000|  0%| F|  |TAMS 0x00000004e8400000, 0x00000004e8400000| Untracked 
|4514|0x00000004e8800000, 0x00000004e8800000, 0x00000004e8c00000|  0%| F|  |TAMS 0x00000004e8800000, 0x00000004e8800000| Untracked 
|4515|0x00000004e8c00000, 0x00000004e8c00000, 0x00000004e9000000|  0%| F|  |TAMS 0x00000004e8c00000, 0x00000004e8c00000| Untracked 
|4516|0x00000004e9000000, 0x00000004e9000000, 0x00000004e9400000|  0%| F|  |TAMS 0x00000004e9000000, 0x00000004e9000000| Untracked 
|4517|0x00000004e9400000, 0x00000004e9400000, 0x00000004e9800000|  0%| F|  |TAMS 0x00000004e9400000, 0x00000004e9400000| Untracked 
|4518|0x00000004e9800000, 0x00000004e9800000, 0x00000004e9c00000|  0%| F|  |TAMS 0x00000004e9800000, 0x00000004e9800000| Untracked 
|4519|0x00000004e9c00000, 0x00000004e9c00000, 0x00000004ea000000|  0%| F|  |TAMS 0x00000004e9c00000, 0x00000004e9c00000| Untracked 
|4520|0x00000004ea000000, 0x00000004ea000000, 0x00000004ea400000|  0%| F|  |TAMS 0x00000004ea000000, 0x00000004ea000000| Untracked 
|4521|0x00000004ea400000, 0x00000004ea400000, 0x00000004ea800000|  0%| F|  |TAMS 0x00000004ea400000, 0x00000004ea400000| Untracked 
|4522|0x00000004ea800000, 0x00000004ea800000, 0x00000004eac00000|  0%| F|  |TAMS 0x00000004ea800000, 0x00000004ea800000| Untracked 
|4523|0x00000004eac00000, 0x00000004eac00000, 0x00000004eb000000|  0%| F|  |TAMS 0x00000004eac00000, 0x00000004eac00000| Untracked 
|4524|0x00000004eb000000, 0x00000004eb000000, 0x00000004eb400000|  0%| F|  |TAMS 0x00000004eb000000, 0x00000004eb000000| Untracked 
|4525|0x00000004eb400000, 0x00000004eb400000, 0x00000004eb800000|  0%| F|  |TAMS 0x00000004eb400000, 0x00000004eb400000| Untracked 
|4526|0x00000004eb800000, 0x00000004eb800000, 0x00000004ebc00000|  0%| F|  |TAMS 0x00000004eb800000, 0x00000004eb800000| Untracked 
|4527|0x00000004ebc00000, 0x00000004ebc00000, 0x00000004ec000000|  0%| F|  |TAMS 0x00000004ebc00000, 0x00000004ebc00000| Untracked 
|4528|0x00000004ec000000, 0x00000004ec000000, 0x00000004ec400000|  0%| F|  |TAMS 0x00000004ec000000, 0x00000004ec000000| Untracked 
|4529|0x00000004ec400000, 0x00000004ec400000, 0x00000004ec800000|  0%| F|  |TAMS 0x00000004ec400000, 0x00000004ec400000| Untracked 
|4530|0x00000004ec800000, 0x00000004ec800000, 0x00000004ecc00000|  0%| F|  |TAMS 0x00000004ec800000, 0x00000004ec800000| Untracked 
|4531|0x00000004ecc00000, 0x00000004ecc00000, 0x00000004ed000000|  0%| F|  |TAMS 0x00000004ecc00000, 0x00000004ecc00000| Untracked 
|4532|0x00000004ed000000, 0x00000004ed000000, 0x00000004ed400000|  0%| F|  |TAMS 0x00000004ed000000, 0x00000004ed000000| Untracked 
|4533|0x00000004ed400000, 0x00000004ed400000, 0x00000004ed800000|  0%| F|  |TAMS 0x00000004ed400000, 0x00000004ed400000| Untracked 
|4534|0x00000004ed800000, 0x00000004ed800000, 0x00000004edc00000|  0%| F|  |TAMS 0x00000004ed800000, 0x00000004ed800000| Untracked 
|4535|0x00000004edc00000, 0x00000004edc00000, 0x00000004ee000000|  0%| F|  |TAMS 0x00000004edc00000, 0x00000004edc00000| Untracked 
|4536|0x00000004ee000000, 0x00000004ee000000, 0x00000004ee400000|  0%| F|  |TAMS 0x00000004ee000000, 0x00000004ee000000| Untracked 
|4537|0x00000004ee400000, 0x00000004ee400000, 0x00000004ee800000|  0%| F|  |TAMS 0x00000004ee400000, 0x00000004ee400000| Untracked 
|4538|0x00000004ee800000, 0x00000004ee800000, 0x00000004eec00000|  0%| F|  |TAMS 0x00000004ee800000, 0x00000004ee800000| Untracked 
|4539|0x00000004eec00000, 0x00000004eec00000, 0x00000004ef000000|  0%| F|  |TAMS 0x00000004eec00000, 0x00000004eec00000| Untracked 
|4540|0x00000004ef000000, 0x00000004ef000000, 0x00000004ef400000|  0%| F|  |TAMS 0x00000004ef000000, 0x00000004ef000000| Untracked 
|4541|0x00000004ef400000, 0x00000004ef400000, 0x00000004ef800000|  0%| F|  |TAMS 0x00000004ef400000, 0x00000004ef400000| Untracked 
|4542|0x00000004ef800000, 0x00000004ef800000, 0x00000004efc00000|  0%| F|  |TAMS 0x00000004ef800000, 0x00000004ef800000| Untracked 
|4543|0x00000004efc00000, 0x00000004efc00000, 0x00000004f0000000|  0%| F|  |TAMS 0x00000004efc00000, 0x00000004efc00000| Untracked 
|4544|0x00000004f0000000, 0x00000004f0000000, 0x00000004f0400000|  0%| F|  |TAMS 0x00000004f0000000, 0x00000004f0000000| Untracked 
|4545|0x00000004f0400000, 0x00000004f0400000, 0x00000004f0800000|  0%| F|  |TAMS 0x00000004f0400000, 0x00000004f0400000| Untracked 
|4546|0x00000004f0800000, 0x00000004f0800000, 0x00000004f0c00000|  0%| F|  |TAMS 0x00000004f0800000, 0x00000004f0800000| Untracked 
|4547|0x00000004f0c00000, 0x00000004f0c00000, 0x00000004f1000000|  0%| F|  |TAMS 0x00000004f0c00000, 0x00000004f0c00000| Untracked 
|4548|0x00000004f1000000, 0x00000004f1000000, 0x00000004f1400000|  0%| F|  |TAMS 0x00000004f1000000, 0x00000004f1000000| Untracked 
|4549|0x00000004f1400000, 0x00000004f1400000, 0x00000004f1800000|  0%| F|  |TAMS 0x00000004f1400000, 0x00000004f1400000| Untracked 
|4550|0x00000004f1800000, 0x00000004f1800000, 0x00000004f1c00000|  0%| F|  |TAMS 0x00000004f1800000, 0x00000004f1800000| Untracked 
|4551|0x00000004f1c00000, 0x00000004f1c00000, 0x00000004f2000000|  0%| F|  |TAMS 0x00000004f1c00000, 0x00000004f1c00000| Untracked 
|4552|0x00000004f2000000, 0x00000004f2000000, 0x00000004f2400000|  0%| F|  |TAMS 0x00000004f2000000, 0x00000004f2000000| Untracked 
|4553|0x00000004f2400000, 0x00000004f2400000, 0x00000004f2800000|  0%| F|  |TAMS 0x00000004f2400000, 0x00000004f2400000| Untracked 
|4554|0x00000004f2800000, 0x00000004f2800000, 0x00000004f2c00000|  0%| F|  |TAMS 0x00000004f2800000, 0x00000004f2800000| Untracked 
|4555|0x00000004f2c00000, 0x00000004f2c00000, 0x00000004f3000000|  0%| F|  |TAMS 0x00000004f2c00000, 0x00000004f2c00000| Untracked 
|4556|0x00000004f3000000, 0x00000004f3000000, 0x00000004f3400000|  0%| F|  |TAMS 0x00000004f3000000, 0x00000004f3000000| Untracked 
|4557|0x00000004f3400000, 0x00000004f3400000, 0x00000004f3800000|  0%| F|  |TAMS 0x00000004f3400000, 0x00000004f3400000| Untracked 
|4558|0x00000004f3800000, 0x00000004f3800000, 0x00000004f3c00000|  0%| F|  |TAMS 0x00000004f3800000, 0x00000004f3800000| Untracked 
|4559|0x00000004f3c00000, 0x00000004f3c00000, 0x00000004f4000000|  0%| F|  |TAMS 0x00000004f3c00000, 0x00000004f3c00000| Untracked 
|4560|0x00000004f4000000, 0x00000004f4000000, 0x00000004f4400000|  0%| F|  |TAMS 0x00000004f4000000, 0x00000004f4000000| Untracked 
|4561|0x00000004f4400000, 0x00000004f4400000, 0x00000004f4800000|  0%| F|  |TAMS 0x00000004f4400000, 0x00000004f4400000| Untracked 
|4562|0x00000004f4800000, 0x00000004f4800000, 0x00000004f4c00000|  0%| F|  |TAMS 0x00000004f4800000, 0x00000004f4800000| Untracked 
|4563|0x00000004f4c00000, 0x00000004f4c00000, 0x00000004f5000000|  0%| F|  |TAMS 0x00000004f4c00000, 0x00000004f4c00000| Untracked 
|4564|0x00000004f5000000, 0x00000004f5000000, 0x00000004f5400000|  0%| F|  |TAMS 0x00000004f5000000, 0x00000004f5000000| Untracked 
|4565|0x00000004f5400000, 0x00000004f5400000, 0x00000004f5800000|  0%| F|  |TAMS 0x00000004f5400000, 0x00000004f5400000| Untracked 
|4566|0x00000004f5800000, 0x00000004f5800000, 0x00000004f5c00000|  0%| F|  |TAMS 0x00000004f5800000, 0x00000004f5800000| Untracked 
|4567|0x00000004f5c00000, 0x00000004f5c00000, 0x00000004f6000000|  0%| F|  |TAMS 0x00000004f5c00000, 0x00000004f5c00000| Untracked 
|4568|0x00000004f6000000, 0x00000004f6000000, 0x00000004f6400000|  0%| F|  |TAMS 0x00000004f6000000, 0x00000004f6000000| Untracked 
|4569|0x00000004f6400000, 0x00000004f6400000, 0x00000004f6800000|  0%| F|  |TAMS 0x00000004f6400000, 0x00000004f6400000| Untracked 
|4570|0x00000004f6800000, 0x00000004f6800000, 0x00000004f6c00000|  0%| F|  |TAMS 0x00000004f6800000, 0x00000004f6800000| Untracked 
|4571|0x00000004f6c00000, 0x00000004f6c00000, 0x00000004f7000000|  0%| F|  |TAMS 0x00000004f6c00000, 0x00000004f6c00000| Untracked 
|4572|0x00000004f7000000, 0x00000004f7000000, 0x00000004f7400000|  0%| F|  |TAMS 0x00000004f7000000, 0x00000004f7000000| Untracked 
|4573|0x00000004f7400000, 0x00000004f7400000, 0x00000004f7800000|  0%| F|  |TAMS 0x00000004f7400000, 0x00000004f7400000| Untracked 
|4574|0x00000004f7800000, 0x00000004f7800000, 0x00000004f7c00000|  0%| F|  |TAMS 0x00000004f7800000, 0x00000004f7800000| Untracked 
|4575|0x00000004f7c00000, 0x00000004f7c00000, 0x00000004f8000000|  0%| F|  |TAMS 0x00000004f7c00000, 0x00000004f7c00000| Untracked 
|4576|0x00000004f8000000, 0x00000004f8000000, 0x00000004f8400000|  0%| F|  |TAMS 0x00000004f8000000, 0x00000004f8000000| Untracked 
|4577|0x00000004f8400000, 0x00000004f8400000, 0x00000004f8800000|  0%| F|  |TAMS 0x00000004f8400000, 0x00000004f8400000| Untracked 
|4578|0x00000004f8800000, 0x00000004f8800000, 0x00000004f8c00000|  0%| F|  |TAMS 0x00000004f8800000, 0x00000004f8800000| Untracked 
|4579|0x00000004f8c00000, 0x00000004f8c00000, 0x00000004f9000000|  0%| F|  |TAMS 0x00000004f8c00000, 0x00000004f8c00000| Untracked 
|4580|0x00000004f9000000, 0x00000004f9000000, 0x00000004f9400000|  0%| F|  |TAMS 0x00000004f9000000, 0x00000004f9000000| Untracked 
|4581|0x00000004f9400000, 0x00000004f9400000, 0x00000004f9800000|  0%| F|  |TAMS 0x00000004f9400000, 0x00000004f9400000| Untracked 
|4582|0x00000004f9800000, 0x00000004f9800000, 0x00000004f9c00000|  0%| F|  |TAMS 0x00000004f9800000, 0x00000004f9800000| Untracked 
|4583|0x00000004f9c00000, 0x00000004f9c00000, 0x00000004fa000000|  0%| F|  |TAMS 0x00000004f9c00000, 0x00000004f9c00000| Untracked 
|4584|0x00000004fa000000, 0x00000004fa000000, 0x00000004fa400000|  0%| F|  |TAMS 0x00000004fa000000, 0x00000004fa000000| Untracked 
|4585|0x00000004fa400000, 0x00000004fa400000, 0x00000004fa800000|  0%| F|  |TAMS 0x00000004fa400000, 0x00000004fa400000| Untracked 
|4586|0x00000004fa800000, 0x00000004fa800000, 0x00000004fac00000|  0%| F|  |TAMS 0x00000004fa800000, 0x00000004fa800000| Untracked 
|4587|0x00000004fac00000, 0x00000004fac00000, 0x00000004fb000000|  0%| F|  |TAMS 0x00000004fac00000, 0x00000004fac00000| Untracked 
|4588|0x00000004fb000000, 0x00000004fb000000, 0x00000004fb400000|  0%| F|  |TAMS 0x00000004fb000000, 0x00000004fb000000| Untracked 
|4589|0x00000004fb400000, 0x00000004fb400000, 0x00000004fb800000|  0%| F|  |TAMS 0x00000004fb400000, 0x00000004fb400000| Untracked 
|4590|0x00000004fb800000, 0x00000004fb800000, 0x00000004fbc00000|  0%| F|  |TAMS 0x00000004fb800000, 0x00000004fb800000| Untracked 
|4591|0x00000004fbc00000, 0x00000004fbc00000, 0x00000004fc000000|  0%| F|  |TAMS 0x00000004fbc00000, 0x00000004fbc00000| Untracked 
|4592|0x00000004fc000000, 0x00000004fc000000, 0x00000004fc400000|  0%| F|  |TAMS 0x00000004fc000000, 0x00000004fc000000| Untracked 
|4593|0x00000004fc400000, 0x00000004fc400000, 0x00000004fc800000|  0%| F|  |TAMS 0x00000004fc400000, 0x00000004fc400000| Untracked 
|4594|0x00000004fc800000, 0x00000004fc800000, 0x00000004fcc00000|  0%| F|  |TAMS 0x00000004fc800000, 0x00000004fc800000| Untracked 
|4595|0x00000004fcc00000, 0x00000004fcc00000, 0x00000004fd000000|  0%| F|  |TAMS 0x00000004fcc00000, 0x00000004fcc00000| Untracked 
|4596|0x00000004fd000000, 0x00000004fd000000, 0x00000004fd400000|  0%| F|  |TAMS 0x00000004fd000000, 0x00000004fd000000| Untracked 
|4597|0x00000004fd400000, 0x00000004fd400000, 0x00000004fd800000|  0%| F|  |TAMS 0x00000004fd400000, 0x00000004fd400000| Untracked 
|4598|0x00000004fd800000, 0x00000004fd800000, 0x00000004fdc00000|  0%| F|  |TAMS 0x00000004fd800000, 0x00000004fd800000| Untracked 
|4599|0x00000004fdc00000, 0x00000004fdc00000, 0x00000004fe000000|  0%| F|  |TAMS 0x00000004fdc00000, 0x00000004fdc00000| Untracked 
|4600|0x00000004fe000000, 0x00000004fe000000, 0x00000004fe400000|  0%| F|  |TAMS 0x00000004fe000000, 0x00000004fe000000| Untracked 
|4601|0x00000004fe400000, 0x00000004fe400000, 0x00000004fe800000|  0%| F|  |TAMS 0x00000004fe400000, 0x00000004fe400000| Untracked 
|4602|0x00000004fe800000, 0x00000004fe800000, 0x00000004fec00000|  0%| F|  |TAMS 0x00000004fe800000, 0x00000004fe800000| Untracked 
|4603|0x00000004fec00000, 0x00000004fec00000, 0x00000004ff000000|  0%| F|  |TAMS 0x00000004fec00000, 0x00000004fec00000| Untracked 
|4604|0x00000004ff000000, 0x00000004ff000000, 0x00000004ff400000|  0%| F|  |TAMS 0x00000004ff000000, 0x00000004ff000000| Untracked 
|4605|0x00000004ff400000, 0x00000004ff400000, 0x00000004ff800000|  0%| F|  |TAMS 0x00000004ff400000, 0x00000004ff400000| Untracked 
|4606|0x00000004ff800000, 0x00000004ff800000, 0x00000004ffc00000|  0%| F|  |TAMS 0x00000004ff800000, 0x00000004ff800000| Untracked 
|4607|0x00000004ffc00000, 0x00000004ffc00000, 0x0000000500000000|  0%| F|  |TAMS 0x00000004ffc00000, 0x00000004ffc00000| Untracked 
|4608|0x0000000500000000, 0x0000000500000000, 0x0000000500400000|  0%| F|  |TAMS 0x0000000500000000, 0x0000000500000000| Untracked 
|4609|0x0000000500400000, 0x0000000500400000, 0x0000000500800000|  0%| F|  |TAMS 0x0000000500400000, 0x0000000500400000| Untracked 
|4610|0x0000000500800000, 0x0000000500800000, 0x0000000500c00000|  0%| F|  |TAMS 0x0000000500800000, 0x0000000500800000| Untracked 
|4611|0x0000000500c00000, 0x0000000500c00000, 0x0000000501000000|  0%| F|  |TAMS 0x0000000500c00000, 0x0000000500c00000| Untracked 
|4612|0x0000000501000000, 0x0000000501000000, 0x0000000501400000|  0%| F|  |TAMS 0x0000000501000000, 0x0000000501000000| Untracked 
|4613|0x0000000501400000, 0x0000000501400000, 0x0000000501800000|  0%| F|  |TAMS 0x0000000501400000, 0x0000000501400000| Untracked 
|4614|0x0000000501800000, 0x0000000501800000, 0x0000000501c00000|  0%| F|  |TAMS 0x0000000501800000, 0x0000000501800000| Untracked 
|4615|0x0000000501c00000, 0x0000000501c00000, 0x0000000502000000|  0%| F|  |TAMS 0x0000000501c00000, 0x0000000501c00000| Untracked 
|4616|0x0000000502000000, 0x0000000502000000, 0x0000000502400000|  0%| F|  |TAMS 0x0000000502000000, 0x0000000502000000| Untracked 
|4617|0x0000000502400000, 0x0000000502400000, 0x0000000502800000|  0%| F|  |TAMS 0x0000000502400000, 0x0000000502400000| Untracked 
|4618|0x0000000502800000, 0x0000000502800000, 0x0000000502c00000|  0%| F|  |TAMS 0x0000000502800000, 0x0000000502800000| Untracked 
|4619|0x0000000502c00000, 0x0000000502c00000, 0x0000000503000000|  0%| F|  |TAMS 0x0000000502c00000, 0x0000000502c00000| Untracked 
|4620|0x0000000503000000, 0x0000000503000000, 0x0000000503400000|  0%| F|  |TAMS 0x0000000503000000, 0x0000000503000000| Untracked 
|4621|0x0000000503400000, 0x0000000503400000, 0x0000000503800000|  0%| F|  |TAMS 0x0000000503400000, 0x0000000503400000| Untracked 
|4622|0x0000000503800000, 0x0000000503800000, 0x0000000503c00000|  0%| F|  |TAMS 0x0000000503800000, 0x0000000503800000| Untracked 
|4623|0x0000000503c00000, 0x0000000503c00000, 0x0000000504000000|  0%| F|  |TAMS 0x0000000503c00000, 0x0000000503c00000| Untracked 
|4624|0x0000000504000000, 0x0000000504000000, 0x0000000504400000|  0%| F|  |TAMS 0x0000000504000000, 0x0000000504000000| Untracked 
|4625|0x0000000504400000, 0x0000000504400000, 0x0000000504800000|  0%| F|  |TAMS 0x0000000504400000, 0x0000000504400000| Untracked 
|4626|0x0000000504800000, 0x0000000504800000, 0x0000000504c00000|  0%| F|  |TAMS 0x0000000504800000, 0x0000000504800000| Untracked 
|4627|0x0000000504c00000, 0x0000000504c00000, 0x0000000505000000|  0%| F|  |TAMS 0x0000000504c00000, 0x0000000504c00000| Untracked 
|4628|0x0000000505000000, 0x0000000505000000, 0x0000000505400000|  0%| F|  |TAMS 0x0000000505000000, 0x0000000505000000| Untracked 
|4629|0x0000000505400000, 0x0000000505400000, 0x0000000505800000|  0%| F|  |TAMS 0x0000000505400000, 0x0000000505400000| Untracked 
|4630|0x0000000505800000, 0x0000000505800000, 0x0000000505c00000|  0%| F|  |TAMS 0x0000000505800000, 0x0000000505800000| Untracked 
|4631|0x0000000505c00000, 0x0000000505c00000, 0x0000000506000000|  0%| F|  |TAMS 0x0000000505c00000, 0x0000000505c00000| Untracked 
|4632|0x0000000506000000, 0x0000000506000000, 0x0000000506400000|  0%| F|  |TAMS 0x0000000506000000, 0x0000000506000000| Untracked 
|4633|0x0000000506400000, 0x0000000506400000, 0x0000000506800000|  0%| F|  |TAMS 0x0000000506400000, 0x0000000506400000| Untracked 
|4634|0x0000000506800000, 0x0000000506800000, 0x0000000506c00000|  0%| F|  |TAMS 0x0000000506800000, 0x0000000506800000| Untracked 
|4635|0x0000000506c00000, 0x0000000506c00000, 0x0000000507000000|  0%| F|  |TAMS 0x0000000506c00000, 0x0000000506c00000| Untracked 
|4636|0x0000000507000000, 0x0000000507000000, 0x0000000507400000|  0%| F|  |TAMS 0x0000000507000000, 0x0000000507000000| Untracked 
|4637|0x0000000507400000, 0x0000000507400000, 0x0000000507800000|  0%| F|  |TAMS 0x0000000507400000, 0x0000000507400000| Untracked 
|4638|0x0000000507800000, 0x0000000507800000, 0x0000000507c00000|  0%| F|  |TAMS 0x0000000507800000, 0x0000000507800000| Untracked 
|4639|0x0000000507c00000, 0x0000000507c00000, 0x0000000508000000|  0%| F|  |TAMS 0x0000000507c00000, 0x0000000507c00000| Untracked 
|4640|0x0000000508000000, 0x0000000508000000, 0x0000000508400000|  0%| F|  |TAMS 0x0000000508000000, 0x0000000508000000| Untracked 
|4641|0x0000000508400000, 0x0000000508400000, 0x0000000508800000|  0%| F|  |TAMS 0x0000000508400000, 0x0000000508400000| Untracked 
|4642|0x0000000508800000, 0x0000000508800000, 0x0000000508c00000|  0%| F|  |TAMS 0x0000000508800000, 0x0000000508800000| Untracked 
|4643|0x0000000508c00000, 0x0000000508c00000, 0x0000000509000000|  0%| F|  |TAMS 0x0000000508c00000, 0x0000000508c00000| Untracked 
|4644|0x0000000509000000, 0x0000000509000000, 0x0000000509400000|  0%| F|  |TAMS 0x0000000509000000, 0x0000000509000000| Untracked 
|4645|0x0000000509400000, 0x0000000509400000, 0x0000000509800000|  0%| F|  |TAMS 0x0000000509400000, 0x0000000509400000| Untracked 
|4646|0x0000000509800000, 0x0000000509800000, 0x0000000509c00000|  0%| F|  |TAMS 0x0000000509800000, 0x0000000509800000| Untracked 
|4647|0x0000000509c00000, 0x0000000509c00000, 0x000000050a000000|  0%| F|  |TAMS 0x0000000509c00000, 0x0000000509c00000| Untracked 
|4648|0x000000050a000000, 0x000000050a000000, 0x000000050a400000|  0%| F|  |TAMS 0x000000050a000000, 0x000000050a000000| Untracked 
|4649|0x000000050a400000, 0x000000050a400000, 0x000000050a800000|  0%| F|  |TAMS 0x000000050a400000, 0x000000050a400000| Untracked 
|4650|0x000000050a800000, 0x000000050a800000, 0x000000050ac00000|  0%| F|  |TAMS 0x000000050a800000, 0x000000050a800000| Untracked 
|4651|0x000000050ac00000, 0x000000050ac00000, 0x000000050b000000|  0%| F|  |TAMS 0x000000050ac00000, 0x000000050ac00000| Untracked 
|4652|0x000000050b000000, 0x000000050b000000, 0x000000050b400000|  0%| F|  |TAMS 0x000000050b000000, 0x000000050b000000| Untracked 
|4653|0x000000050b400000, 0x000000050b400000, 0x000000050b800000|  0%| F|  |TAMS 0x000000050b400000, 0x000000050b400000| Untracked 
|4654|0x000000050b800000, 0x000000050b800000, 0x000000050bc00000|  0%| F|  |TAMS 0x000000050b800000, 0x000000050b800000| Untracked 
|4655|0x000000050bc00000, 0x000000050bc00000, 0x000000050c000000|  0%| F|  |TAMS 0x000000050bc00000, 0x000000050bc00000| Untracked 
|4656|0x000000050c000000, 0x000000050c000000, 0x000000050c400000|  0%| F|  |TAMS 0x000000050c000000, 0x000000050c000000| Untracked 
|4657|0x000000050c400000, 0x000000050c400000, 0x000000050c800000|  0%| F|  |TAMS 0x000000050c400000, 0x000000050c400000| Untracked 
|4658|0x000000050c800000, 0x000000050c800000, 0x000000050cc00000|  0%| F|  |TAMS 0x000000050c800000, 0x000000050c800000| Untracked 
|4659|0x000000050cc00000, 0x000000050cc00000, 0x000000050d000000|  0%| F|  |TAMS 0x000000050cc00000, 0x000000050cc00000| Untracked 
|4660|0x000000050d000000, 0x000000050d000000, 0x000000050d400000|  0%| F|  |TAMS 0x000000050d000000, 0x000000050d000000| Untracked 
|4661|0x000000050d400000, 0x000000050d400000, 0x000000050d800000|  0%| F|  |TAMS 0x000000050d400000, 0x000000050d400000| Untracked 
|4662|0x000000050d800000, 0x000000050d800000, 0x000000050dc00000|  0%| F|  |TAMS 0x000000050d800000, 0x000000050d800000| Untracked 
|4663|0x000000050dc00000, 0x000000050dc00000, 0x000000050e000000|  0%| F|  |TAMS 0x000000050dc00000, 0x000000050dc00000| Untracked 
|4664|0x000000050e000000, 0x000000050e000000, 0x000000050e400000|  0%| F|  |TAMS 0x000000050e000000, 0x000000050e000000| Untracked 
|4665|0x000000050e400000, 0x000000050e400000, 0x000000050e800000|  0%| F|  |TAMS 0x000000050e400000, 0x000000050e400000| Untracked 
|4666|0x000000050e800000, 0x000000050e800000, 0x000000050ec00000|  0%| F|  |TAMS 0x000000050e800000, 0x000000050e800000| Untracked 
|4667|0x000000050ec00000, 0x000000050ec00000, 0x000000050f000000|  0%| F|  |TAMS 0x000000050ec00000, 0x000000050ec00000| Untracked 
|4668|0x000000050f000000, 0x000000050f000000, 0x000000050f400000|  0%| F|  |TAMS 0x000000050f000000, 0x000000050f000000| Untracked 
|4669|0x000000050f400000, 0x000000050f400000, 0x000000050f800000|  0%| F|  |TAMS 0x000000050f400000, 0x000000050f400000| Untracked 
|4670|0x000000050f800000, 0x000000050f800000, 0x000000050fc00000|  0%| F|  |TAMS 0x000000050f800000, 0x000000050f800000| Untracked 
|4671|0x000000050fc00000, 0x000000050fc00000, 0x0000000510000000|  0%| F|  |TAMS 0x000000050fc00000, 0x000000050fc00000| Untracked 
|4672|0x0000000510000000, 0x0000000510000000, 0x0000000510400000|  0%| F|  |TAMS 0x0000000510000000, 0x0000000510000000| Untracked 
|4673|0x0000000510400000, 0x0000000510400000, 0x0000000510800000|  0%| F|  |TAMS 0x0000000510400000, 0x0000000510400000| Untracked 
|4674|0x0000000510800000, 0x0000000510800000, 0x0000000510c00000|  0%| F|  |TAMS 0x0000000510800000, 0x0000000510800000| Untracked 
|4675|0x0000000510c00000, 0x0000000510c00000, 0x0000000511000000|  0%| F|  |TAMS 0x0000000510c00000, 0x0000000510c00000| Untracked 
|4676|0x0000000511000000, 0x0000000511000000, 0x0000000511400000|  0%| F|  |TAMS 0x0000000511000000, 0x0000000511000000| Untracked 
|4677|0x0000000511400000, 0x0000000511400000, 0x0000000511800000|  0%| F|  |TAMS 0x0000000511400000, 0x0000000511400000| Untracked 
|4678|0x0000000511800000, 0x0000000511800000, 0x0000000511c00000|  0%| F|  |TAMS 0x0000000511800000, 0x0000000511800000| Untracked 
|4679|0x0000000511c00000, 0x0000000511c00000, 0x0000000512000000|  0%| F|  |TAMS 0x0000000511c00000, 0x0000000511c00000| Untracked 
|4680|0x0000000512000000, 0x0000000512000000, 0x0000000512400000|  0%| F|  |TAMS 0x0000000512000000, 0x0000000512000000| Untracked 
|4681|0x0000000512400000, 0x0000000512400000, 0x0000000512800000|  0%| F|  |TAMS 0x0000000512400000, 0x0000000512400000| Untracked 
|4682|0x0000000512800000, 0x0000000512800000, 0x0000000512c00000|  0%| F|  |TAMS 0x0000000512800000, 0x0000000512800000| Untracked 
|4683|0x0000000512c00000, 0x0000000512c00000, 0x0000000513000000|  0%| F|  |TAMS 0x0000000512c00000, 0x0000000512c00000| Untracked 
|4684|0x0000000513000000, 0x0000000513000000, 0x0000000513400000|  0%| F|  |TAMS 0x0000000513000000, 0x0000000513000000| Untracked 
|4685|0x0000000513400000, 0x0000000513400000, 0x0000000513800000|  0%| F|  |TAMS 0x0000000513400000, 0x0000000513400000| Untracked 
|4686|0x0000000513800000, 0x0000000513800000, 0x0000000513c00000|  0%| F|  |TAMS 0x0000000513800000, 0x0000000513800000| Untracked 
|4687|0x0000000513c00000, 0x0000000513c00000, 0x0000000514000000|  0%| F|  |TAMS 0x0000000513c00000, 0x0000000513c00000| Untracked 
|4688|0x0000000514000000, 0x0000000514000000, 0x0000000514400000|  0%| F|  |TAMS 0x0000000514000000, 0x0000000514000000| Untracked 
|4689|0x0000000514400000, 0x0000000514400000, 0x0000000514800000|  0%| F|  |TAMS 0x0000000514400000, 0x0000000514400000| Untracked 
|4690|0x0000000514800000, 0x0000000514800000, 0x0000000514c00000|  0%| F|  |TAMS 0x0000000514800000, 0x0000000514800000| Untracked 
|4691|0x0000000514c00000, 0x0000000514c00000, 0x0000000515000000|  0%| F|  |TAMS 0x0000000514c00000, 0x0000000514c00000| Untracked 
|4692|0x0000000515000000, 0x0000000515000000, 0x0000000515400000|  0%| F|  |TAMS 0x0000000515000000, 0x0000000515000000| Untracked 
|4693|0x0000000515400000, 0x0000000515400000, 0x0000000515800000|  0%| F|  |TAMS 0x0000000515400000, 0x0000000515400000| Untracked 
|4694|0x0000000515800000, 0x0000000515800000, 0x0000000515c00000|  0%| F|  |TAMS 0x0000000515800000, 0x0000000515800000| Untracked 
|4695|0x0000000515c00000, 0x0000000515c00000, 0x0000000516000000|  0%| F|  |TAMS 0x0000000515c00000, 0x0000000515c00000| Untracked 
|4696|0x0000000516000000, 0x0000000516000000, 0x0000000516400000|  0%| F|  |TAMS 0x0000000516000000, 0x0000000516000000| Untracked 
|4697|0x0000000516400000, 0x0000000516400000, 0x0000000516800000|  0%| F|  |TAMS 0x0000000516400000, 0x0000000516400000| Untracked 
|4698|0x0000000516800000, 0x0000000516800000, 0x0000000516c00000|  0%| F|  |TAMS 0x0000000516800000, 0x0000000516800000| Untracked 
|4699|0x0000000516c00000, 0x0000000516c00000, 0x0000000517000000|  0%| F|  |TAMS 0x0000000516c00000, 0x0000000516c00000| Untracked 
|4700|0x0000000517000000, 0x0000000517000000, 0x0000000517400000|  0%| F|  |TAMS 0x0000000517000000, 0x0000000517000000| Untracked 
|4701|0x0000000517400000, 0x0000000517400000, 0x0000000517800000|  0%| F|  |TAMS 0x0000000517400000, 0x0000000517400000| Untracked 
|4702|0x0000000517800000, 0x0000000517800000, 0x0000000517c00000|  0%| F|  |TAMS 0x0000000517800000, 0x0000000517800000| Untracked 
|4703|0x0000000517c00000, 0x0000000517c00000, 0x0000000518000000|  0%| F|  |TAMS 0x0000000517c00000, 0x0000000517c00000| Untracked 
|4704|0x0000000518000000, 0x0000000518000000, 0x0000000518400000|  0%| F|  |TAMS 0x0000000518000000, 0x0000000518000000| Untracked 
|4705|0x0000000518400000, 0x0000000518400000, 0x0000000518800000|  0%| F|  |TAMS 0x0000000518400000, 0x0000000518400000| Untracked 
|4706|0x0000000518800000, 0x0000000518800000, 0x0000000518c00000|  0%| F|  |TAMS 0x0000000518800000, 0x0000000518800000| Untracked 
|4707|0x0000000518c00000, 0x0000000518c00000, 0x0000000519000000|  0%| F|  |TAMS 0x0000000518c00000, 0x0000000518c00000| Untracked 
|4708|0x0000000519000000, 0x0000000519000000, 0x0000000519400000|  0%| F|  |TAMS 0x0000000519000000, 0x0000000519000000| Untracked 
|4709|0x0000000519400000, 0x0000000519400000, 0x0000000519800000|  0%| F|  |TAMS 0x0000000519400000, 0x0000000519400000| Untracked 
|4710|0x0000000519800000, 0x0000000519800000, 0x0000000519c00000|  0%| F|  |TAMS 0x0000000519800000, 0x0000000519800000| Untracked 
|4711|0x0000000519c00000, 0x0000000519c00000, 0x000000051a000000|  0%| F|  |TAMS 0x0000000519c00000, 0x0000000519c00000| Untracked 
|4712|0x000000051a000000, 0x000000051a000000, 0x000000051a400000|  0%| F|  |TAMS 0x000000051a000000, 0x000000051a000000| Untracked 
|4713|0x000000051a400000, 0x000000051a400000, 0x000000051a800000|  0%| F|  |TAMS 0x000000051a400000, 0x000000051a400000| Untracked 
|4714|0x000000051a800000, 0x000000051a800000, 0x000000051ac00000|  0%| F|  |TAMS 0x000000051a800000, 0x000000051a800000| Untracked 
|4715|0x000000051ac00000, 0x000000051ac00000, 0x000000051b000000|  0%| F|  |TAMS 0x000000051ac00000, 0x000000051ac00000| Untracked 
|4716|0x000000051b000000, 0x000000051b000000, 0x000000051b400000|  0%| F|  |TAMS 0x000000051b000000, 0x000000051b000000| Untracked 
|4717|0x000000051b400000, 0x000000051b400000, 0x000000051b800000|  0%| F|  |TAMS 0x000000051b400000, 0x000000051b400000| Untracked 
|4718|0x000000051b800000, 0x000000051b800000, 0x000000051bc00000|  0%| F|  |TAMS 0x000000051b800000, 0x000000051b800000| Untracked 
|4719|0x000000051bc00000, 0x000000051bc00000, 0x000000051c000000|  0%| F|  |TAMS 0x000000051bc00000, 0x000000051bc00000| Untracked 
|4720|0x000000051c000000, 0x000000051c000000, 0x000000051c400000|  0%| F|  |TAMS 0x000000051c000000, 0x000000051c000000| Untracked 
|4721|0x000000051c400000, 0x000000051c400000, 0x000000051c800000|  0%| F|  |TAMS 0x000000051c400000, 0x000000051c400000| Untracked 
|4722|0x000000051c800000, 0x000000051c800000, 0x000000051cc00000|  0%| F|  |TAMS 0x000000051c800000, 0x000000051c800000| Untracked 
|4723|0x000000051cc00000, 0x000000051cc00000, 0x000000051d000000|  0%| F|  |TAMS 0x000000051cc00000, 0x000000051cc00000| Untracked 
|4724|0x000000051d000000, 0x000000051d000000, 0x000000051d400000|  0%| F|  |TAMS 0x000000051d000000, 0x000000051d000000| Untracked 
|4725|0x000000051d400000, 0x000000051d400000, 0x000000051d800000|  0%| F|  |TAMS 0x000000051d400000, 0x000000051d400000| Untracked 
|4726|0x000000051d800000, 0x000000051d800000, 0x000000051dc00000|  0%| F|  |TAMS 0x000000051d800000, 0x000000051d800000| Untracked 
|4727|0x000000051dc00000, 0x000000051dc00000, 0x000000051e000000|  0%| F|  |TAMS 0x000000051dc00000, 0x000000051dc00000| Untracked 
|4728|0x000000051e000000, 0x000000051e000000, 0x000000051e400000|  0%| F|  |TAMS 0x000000051e000000, 0x000000051e000000| Untracked 
|4729|0x000000051e400000, 0x000000051e400000, 0x000000051e800000|  0%| F|  |TAMS 0x000000051e400000, 0x000000051e400000| Untracked 
|4730|0x000000051e800000, 0x000000051e800000, 0x000000051ec00000|  0%| F|  |TAMS 0x000000051e800000, 0x000000051e800000| Untracked 
|4731|0x000000051ec00000, 0x000000051ec00000, 0x000000051f000000|  0%| F|  |TAMS 0x000000051ec00000, 0x000000051ec00000| Untracked 
|4732|0x000000051f000000, 0x000000051f000000, 0x000000051f400000|  0%| F|  |TAMS 0x000000051f000000, 0x000000051f000000| Untracked 
|4733|0x000000051f400000, 0x000000051f400000, 0x000000051f800000|  0%| F|  |TAMS 0x000000051f400000, 0x000000051f400000| Untracked 
|4734|0x000000051f800000, 0x000000051f800000, 0x000000051fc00000|  0%| F|  |TAMS 0x000000051f800000, 0x000000051f800000| Untracked 
|4735|0x000000051fc00000, 0x000000051fc00000, 0x0000000520000000|  0%| F|  |TAMS 0x000000051fc00000, 0x000000051fc00000| Untracked 
|4736|0x0000000520000000, 0x0000000520000000, 0x0000000520400000|  0%| F|  |TAMS 0x0000000520000000, 0x0000000520000000| Untracked 
|4737|0x0000000520400000, 0x0000000520400000, 0x0000000520800000|  0%| F|  |TAMS 0x0000000520400000, 0x0000000520400000| Untracked 
|4738|0x0000000520800000, 0x0000000520800000, 0x0000000520c00000|  0%| F|  |TAMS 0x0000000520800000, 0x0000000520800000| Untracked 
|4739|0x0000000520c00000, 0x0000000521000000, 0x0000000521000000|100%| S|CS|TAMS 0x0000000520c00000, 0x0000000520c00000| Complete 
|4740|0x0000000521000000, 0x0000000521400000, 0x0000000521400000|100%| S|CS|TAMS 0x0000000521000000, 0x0000000521000000| Complete 
|4741|0x0000000521400000, 0x0000000521800000, 0x0000000521800000|100%| S|CS|TAMS 0x0000000521400000, 0x0000000521400000| Complete 
|4742|0x0000000521800000, 0x0000000521c00000, 0x0000000521c00000|100%| S|CS|TAMS 0x0000000521800000, 0x0000000521800000| Complete 
|4743|0x0000000521c00000, 0x0000000522000000, 0x0000000522000000|100%| S|CS|TAMS 0x0000000521c00000, 0x0000000521c00000| Complete 
|4744|0x0000000522000000, 0x0000000522400000, 0x0000000522400000|100%| S|CS|TAMS 0x0000000522000000, 0x0000000522000000| Complete 
|4745|0x0000000522400000, 0x0000000522800000, 0x0000000522800000|100%| S|CS|TAMS 0x0000000522400000, 0x0000000522400000| Complete 
|4746|0x0000000522800000, 0x0000000522c00000, 0x0000000522c00000|100%| S|CS|TAMS 0x0000000522800000, 0x0000000522800000| Complete 
|4747|0x0000000522c00000, 0x0000000523000000, 0x0000000523000000|100%| S|CS|TAMS 0x0000000522c00000, 0x0000000522c00000| Complete 
|4748|0x0000000523000000, 0x0000000523400000, 0x0000000523400000|100%| S|CS|TAMS 0x0000000523000000, 0x0000000523000000| Complete 
|4749|0x0000000523400000, 0x0000000523800000, 0x0000000523800000|100%| S|CS|TAMS 0x0000000523400000, 0x0000000523400000| Complete 
|4750|0x0000000523800000, 0x0000000523c00000, 0x0000000523c00000|100%| S|CS|TAMS 0x0000000523800000, 0x0000000523800000| Complete 
|4751|0x0000000523c00000, 0x0000000524000000, 0x0000000524000000|100%| S|CS|TAMS 0x0000000523c00000, 0x0000000523c00000| Complete 
|4752|0x0000000524000000, 0x0000000524400000, 0x0000000524400000|100%| S|CS|TAMS 0x0000000524000000, 0x0000000524000000| Complete 
|4753|0x0000000524400000, 0x0000000524800000, 0x0000000524800000|100%| S|CS|TAMS 0x0000000524400000, 0x0000000524400000| Complete 
|4754|0x0000000524800000, 0x0000000524c00000, 0x0000000524c00000|100%| S|CS|TAMS 0x0000000524800000, 0x0000000524800000| Complete 
|4755|0x0000000524c00000, 0x0000000525000000, 0x0000000525000000|100%| S|CS|TAMS 0x0000000524c00000, 0x0000000524c00000| Complete 
|4756|0x0000000525000000, 0x0000000525400000, 0x0000000525400000|100%| S|CS|TAMS 0x0000000525000000, 0x0000000525000000| Complete 
|4757|0x0000000525400000, 0x0000000525800000, 0x0000000525800000|100%| S|CS|TAMS 0x0000000525400000, 0x0000000525400000| Complete 
|4758|0x0000000525800000, 0x0000000525c00000, 0x0000000525c00000|100%| S|CS|TAMS 0x0000000525800000, 0x0000000525800000| Complete 
|4759|0x0000000525c00000, 0x0000000526000000, 0x0000000526000000|100%| S|CS|TAMS 0x0000000525c00000, 0x0000000525c00000| Complete 
|4760|0x0000000526000000, 0x0000000526400000, 0x0000000526400000|100%| S|CS|TAMS 0x0000000526000000, 0x0000000526000000| Complete 
|4761|0x0000000526400000, 0x0000000526800000, 0x0000000526800000|100%| S|CS|TAMS 0x0000000526400000, 0x0000000526400000| Complete 
|4762|0x0000000526800000, 0x0000000526c00000, 0x0000000526c00000|100%| S|CS|TAMS 0x0000000526800000, 0x0000000526800000| Complete 
|4763|0x0000000526c00000, 0x0000000527000000, 0x0000000527000000|100%| S|CS|TAMS 0x0000000526c00000, 0x0000000526c00000| Complete 
|4764|0x0000000527000000, 0x0000000527400000, 0x0000000527400000|100%| S|CS|TAMS 0x0000000527000000, 0x0000000527000000| Complete 
|4765|0x0000000527400000, 0x0000000527400000, 0x0000000527800000|  0%| F|  |TAMS 0x0000000527400000, 0x0000000527400000| Untracked 
|4766|0x0000000527800000, 0x0000000527800000, 0x0000000527c00000|  0%| F|  |TAMS 0x0000000527800000, 0x0000000527800000| Untracked 
|4767|0x0000000527c00000, 0x0000000527c00000, 0x0000000528000000|  0%| F|  |TAMS 0x0000000527c00000, 0x0000000527c00000| Untracked 
|4768|0x0000000528000000, 0x0000000528000000, 0x0000000528400000|  0%| F|  |TAMS 0x0000000528000000, 0x0000000528000000| Untracked 
|4769|0x0000000528400000, 0x0000000528400000, 0x0000000528800000|  0%| F|  |TAMS 0x0000000528400000, 0x0000000528400000| Untracked 
|4770|0x0000000528800000, 0x0000000528800000, 0x0000000528c00000|  0%| F|  |TAMS 0x0000000528800000, 0x0000000528800000| Untracked 
|4771|0x0000000528c00000, 0x0000000528c00000, 0x0000000529000000|  0%| F|  |TAMS 0x0000000528c00000, 0x0000000528c00000| Untracked 
|4772|0x0000000529000000, 0x0000000529000000, 0x0000000529400000|  0%| F|  |TAMS 0x0000000529000000, 0x0000000529000000| Untracked 
|4773|0x0000000529400000, 0x0000000529400000, 0x0000000529800000|  0%| F|  |TAMS 0x0000000529400000, 0x0000000529400000| Untracked 
|4774|0x0000000529800000, 0x0000000529800000, 0x0000000529c00000|  0%| F|  |TAMS 0x0000000529800000, 0x0000000529800000| Untracked 
|4775|0x0000000529c00000, 0x0000000529c00000, 0x000000052a000000|  0%| F|  |TAMS 0x0000000529c00000, 0x0000000529c00000| Untracked 
|4776|0x000000052a000000, 0x000000052a000000, 0x000000052a400000|  0%| F|  |TAMS 0x000000052a000000, 0x000000052a000000| Untracked 
|4777|0x000000052a400000, 0x000000052a400000, 0x000000052a800000|  0%| F|  |TAMS 0x000000052a400000, 0x000000052a400000| Untracked 
|4778|0x000000052a800000, 0x000000052a800000, 0x000000052ac00000|  0%| F|  |TAMS 0x000000052a800000, 0x000000052a800000| Untracked 
|4779|0x000000052ac00000, 0x000000052ac00000, 0x000000052b000000|  0%| F|  |TAMS 0x000000052ac00000, 0x000000052ac00000| Untracked 
|4780|0x000000052b000000, 0x000000052b000000, 0x000000052b400000|  0%| F|  |TAMS 0x000000052b000000, 0x000000052b000000| Untracked 
|4781|0x000000052b400000, 0x000000052b400000, 0x000000052b800000|  0%| F|  |TAMS 0x000000052b400000, 0x000000052b400000| Untracked 
|4782|0x000000052b800000, 0x000000052b800000, 0x000000052bc00000|  0%| F|  |TAMS 0x000000052b800000, 0x000000052b800000| Untracked 
|4783|0x000000052bc00000, 0x000000052bc00000, 0x000000052c000000|  0%| F|  |TAMS 0x000000052bc00000, 0x000000052bc00000| Untracked 
|4784|0x000000052c000000, 0x000000052c000000, 0x000000052c400000|  0%| F|  |TAMS 0x000000052c000000, 0x000000052c000000| Untracked 
|4785|0x000000052c400000, 0x000000052c400000, 0x000000052c800000|  0%| F|  |TAMS 0x000000052c400000, 0x000000052c400000| Untracked 
|4786|0x000000052c800000, 0x000000052c800000, 0x000000052cc00000|  0%| F|  |TAMS 0x000000052c800000, 0x000000052c800000| Untracked 
|4787|0x000000052cc00000, 0x000000052cc00000, 0x000000052d000000|  0%| F|  |TAMS 0x000000052cc00000, 0x000000052cc00000| Untracked 
|4788|0x000000052d000000, 0x000000052d000000, 0x000000052d400000|  0%| F|  |TAMS 0x000000052d000000, 0x000000052d000000| Untracked 
|4789|0x000000052d400000, 0x000000052d400000, 0x000000052d800000|  0%| F|  |TAMS 0x000000052d400000, 0x000000052d400000| Untracked 
|4790|0x000000052d800000, 0x000000052d800000, 0x000000052dc00000|  0%| F|  |TAMS 0x000000052d800000, 0x000000052d800000| Untracked 
|4791|0x000000052dc00000, 0x000000052dc00000, 0x000000052e000000|  0%| F|  |TAMS 0x000000052dc00000, 0x000000052dc00000| Untracked 
|4792|0x000000052e000000, 0x000000052e000000, 0x000000052e400000|  0%| F|  |TAMS 0x000000052e000000, 0x000000052e000000| Untracked 
|4793|0x000000052e400000, 0x000000052e400000, 0x000000052e800000|  0%| F|  |TAMS 0x000000052e400000, 0x000000052e400000| Untracked 
|4794|0x000000052e800000, 0x000000052e800000, 0x000000052ec00000|  0%| F|  |TAMS 0x000000052e800000, 0x000000052e800000| Untracked 
|4795|0x000000052ec00000, 0x000000052ec00000, 0x000000052f000000|  0%| F|  |TAMS 0x000000052ec00000, 0x000000052ec00000| Untracked 
|4796|0x000000052f000000, 0x000000052f000000, 0x000000052f400000|  0%| F|  |TAMS 0x000000052f000000, 0x000000052f000000| Untracked 
|4797|0x000000052f400000, 0x000000052f800000, 0x000000052f800000|100%| S|CS|TAMS 0x000000052f400000, 0x000000052f400000| Complete 
|4798|0x000000052f800000, 0x000000052fc00000, 0x000000052fc00000|100%| S|CS|TAMS 0x000000052f800000, 0x000000052f800000| Complete 
|4799|0x000000052fc00000, 0x0000000530000000, 0x0000000530000000|100%| S|CS|TAMS 0x000000052fc00000, 0x000000052fc00000| Complete 
|4800|0x0000000530000000, 0x0000000530400000, 0x0000000530400000|100%| S|CS|TAMS 0x0000000530000000, 0x0000000530000000| Complete 
|4801|0x0000000530400000, 0x0000000530800000, 0x0000000530800000|100%| S|CS|TAMS 0x0000000530400000, 0x0000000530400000| Complete 
|4802|0x0000000530800000, 0x0000000530c00000, 0x0000000530c00000|100%| S|CS|TAMS 0x0000000530800000, 0x0000000530800000| Complete 
|4803|0x0000000530c00000, 0x0000000530c00000, 0x0000000531000000|  0%| F|  |TAMS 0x0000000530c00000, 0x0000000530c00000| Untracked 
|4804|0x0000000531000000, 0x0000000531000000, 0x0000000531400000|  0%| F|  |TAMS 0x0000000531000000, 0x0000000531000000| Untracked 
|4805|0x0000000531400000, 0x0000000531400000, 0x0000000531800000|  0%| F|  |TAMS 0x0000000531400000, 0x0000000531400000| Untracked 
|4806|0x0000000531800000, 0x0000000531800000, 0x0000000531c00000|  0%| F|  |TAMS 0x0000000531800000, 0x0000000531800000| Untracked 
|4807|0x0000000531c00000, 0x0000000531c00000, 0x0000000532000000|  0%| F|  |TAMS 0x0000000531c00000, 0x0000000531c00000| Untracked 
|4808|0x0000000532000000, 0x0000000532000000, 0x0000000532400000|  0%| F|  |TAMS 0x0000000532000000, 0x0000000532000000| Untracked 
|4809|0x0000000532400000, 0x0000000532400000, 0x0000000532800000|  0%| F|  |TAMS 0x0000000532400000, 0x0000000532400000| Untracked 
|4810|0x0000000532800000, 0x0000000532800000, 0x0000000532c00000|  0%| F|  |TAMS 0x0000000532800000, 0x0000000532800000| Untracked 
|4811|0x0000000532c00000, 0x0000000532c00000, 0x0000000533000000|  0%| F|  |TAMS 0x0000000532c00000, 0x0000000532c00000| Untracked 
|4812|0x0000000533000000, 0x0000000533000000, 0x0000000533400000|  0%| F|  |TAMS 0x0000000533000000, 0x0000000533000000| Untracked 
|4813|0x0000000533400000, 0x0000000533400000, 0x0000000533800000|  0%| F|  |TAMS 0x0000000533400000, 0x0000000533400000| Untracked 
|4814|0x0000000533800000, 0x0000000533800000, 0x0000000533c00000|  0%| F|  |TAMS 0x0000000533800000, 0x0000000533800000| Untracked 
|4815|0x0000000533c00000, 0x0000000533c00000, 0x0000000534000000|  0%| F|  |TAMS 0x0000000533c00000, 0x0000000533c00000| Untracked 
|4816|0x0000000534000000, 0x0000000534000000, 0x0000000534400000|  0%| F|  |TAMS 0x0000000534000000, 0x0000000534000000| Untracked 
|4817|0x0000000534400000, 0x0000000534400000, 0x0000000534800000|  0%| F|  |TAMS 0x0000000534400000, 0x0000000534400000| Untracked 
|4818|0x0000000534800000, 0x0000000534800000, 0x0000000534c00000|  0%| F|  |TAMS 0x0000000534800000, 0x0000000534800000| Untracked 
|4819|0x0000000534c00000, 0x0000000534c00000, 0x0000000535000000|  0%| F|  |TAMS 0x0000000534c00000, 0x0000000534c00000| Untracked 
|4820|0x0000000535000000, 0x0000000535000000, 0x0000000535400000|  0%| F|  |TAMS 0x0000000535000000, 0x0000000535000000| Untracked 
|4821|0x0000000535400000, 0x0000000535400000, 0x0000000535800000|  0%| F|  |TAMS 0x0000000535400000, 0x0000000535400000| Untracked 
|4822|0x0000000535800000, 0x0000000535800000, 0x0000000535c00000|  0%| F|  |TAMS 0x0000000535800000, 0x0000000535800000| Untracked 
|4823|0x0000000535c00000, 0x0000000535c00000, 0x0000000536000000|  0%| F|  |TAMS 0x0000000535c00000, 0x0000000535c00000| Untracked 
|4824|0x0000000536000000, 0x0000000536000000, 0x0000000536400000|  0%| F|  |TAMS 0x0000000536000000, 0x0000000536000000| Untracked 
|4825|0x0000000536400000, 0x0000000536400000, 0x0000000536800000|  0%| F|  |TAMS 0x0000000536400000, 0x0000000536400000| Untracked 
|4826|0x0000000536800000, 0x0000000536800000, 0x0000000536c00000|  0%| F|  |TAMS 0x0000000536800000, 0x0000000536800000| Untracked 
|4827|0x0000000536c00000, 0x0000000536c00000, 0x0000000537000000|  0%| F|  |TAMS 0x0000000536c00000, 0x0000000536c00000| Untracked 
|4828|0x0000000537000000, 0x0000000537000000, 0x0000000537400000|  0%| F|  |TAMS 0x0000000537000000, 0x0000000537000000| Untracked 
|4829|0x0000000537400000, 0x0000000537400000, 0x0000000537800000|  0%| F|  |TAMS 0x0000000537400000, 0x0000000537400000| Untracked 
|4830|0x0000000537800000, 0x0000000537800000, 0x0000000537c00000|  0%| F|  |TAMS 0x0000000537800000, 0x0000000537800000| Untracked 
|4831|0x0000000537c00000, 0x0000000537c00000, 0x0000000538000000|  0%| F|  |TAMS 0x0000000537c00000, 0x0000000537c00000| Untracked 
|4832|0x0000000538000000, 0x0000000538000000, 0x0000000538400000|  0%| F|  |TAMS 0x0000000538000000, 0x0000000538000000| Untracked 
|4833|0x0000000538400000, 0x0000000538400000, 0x0000000538800000|  0%| F|  |TAMS 0x0000000538400000, 0x0000000538400000| Untracked 
|4834|0x0000000538800000, 0x0000000538800000, 0x0000000538c00000|  0%| F|  |TAMS 0x0000000538800000, 0x0000000538800000| Untracked 
|4835|0x0000000538c00000, 0x0000000538c00000, 0x0000000539000000|  0%| F|  |TAMS 0x0000000538c00000, 0x0000000538c00000| Untracked 
|4836|0x0000000539000000, 0x0000000539000000, 0x0000000539400000|  0%| F|  |TAMS 0x0000000539000000, 0x0000000539000000| Untracked 
|4837|0x0000000539400000, 0x0000000539400000, 0x0000000539800000|  0%| F|  |TAMS 0x0000000539400000, 0x0000000539400000| Untracked 
|4838|0x0000000539800000, 0x0000000539800000, 0x0000000539c00000|  0%| F|  |TAMS 0x0000000539800000, 0x0000000539800000| Untracked 
|4839|0x0000000539c00000, 0x0000000539c00000, 0x000000053a000000|  0%| F|  |TAMS 0x0000000539c00000, 0x0000000539c00000| Untracked 
|4840|0x000000053a000000, 0x000000053a000000, 0x000000053a400000|  0%| F|  |TAMS 0x000000053a000000, 0x000000053a000000| Untracked 
|4841|0x000000053a400000, 0x000000053a400000, 0x000000053a800000|  0%| F|  |TAMS 0x000000053a400000, 0x000000053a400000| Untracked 
|4842|0x000000053a800000, 0x000000053a800000, 0x000000053ac00000|  0%| F|  |TAMS 0x000000053a800000, 0x000000053a800000| Untracked 
|4843|0x000000053ac00000, 0x000000053ac00000, 0x000000053b000000|  0%| F|  |TAMS 0x000000053ac00000, 0x000000053ac00000| Untracked 
|4844|0x000000053b000000, 0x000000053b000000, 0x000000053b400000|  0%| F|  |TAMS 0x000000053b000000, 0x000000053b000000| Untracked 
|4845|0x000000053b400000, 0x000000053b400000, 0x000000053b800000|  0%| F|  |TAMS 0x000000053b400000, 0x000000053b400000| Untracked 
|4846|0x000000053b800000, 0x000000053b800000, 0x000000053bc00000|  0%| F|  |TAMS 0x000000053b800000, 0x000000053b800000| Untracked 
|4847|0x000000053bc00000, 0x000000053bc00000, 0x000000053c000000|  0%| F|  |TAMS 0x000000053bc00000, 0x000000053bc00000| Untracked 
|4848|0x000000053c000000, 0x000000053c000000, 0x000000053c400000|  0%| F|  |TAMS 0x000000053c000000, 0x000000053c000000| Untracked 
|4849|0x000000053c400000, 0x000000053c400000, 0x000000053c800000|  0%| F|  |TAMS 0x000000053c400000, 0x000000053c400000| Untracked 
|4850|0x000000053c800000, 0x000000053c800000, 0x000000053cc00000|  0%| F|  |TAMS 0x000000053c800000, 0x000000053c800000| Untracked 
|4851|0x000000053cc00000, 0x000000053cc00000, 0x000000053d000000|  0%| F|  |TAMS 0x000000053cc00000, 0x000000053cc00000| Untracked 
|4852|0x000000053d000000, 0x000000053d000000, 0x000000053d400000|  0%| F|  |TAMS 0x000000053d000000, 0x000000053d000000| Untracked 
|4853|0x000000053d400000, 0x000000053d400000, 0x000000053d800000|  0%| F|  |TAMS 0x000000053d400000, 0x000000053d400000| Untracked 
|4854|0x000000053d800000, 0x000000053d800000, 0x000000053dc00000|  0%| F|  |TAMS 0x000000053d800000, 0x000000053d800000| Untracked 
|4855|0x000000053dc00000, 0x000000053dc00000, 0x000000053e000000|  0%| F|  |TAMS 0x000000053dc00000, 0x000000053dc00000| Untracked 
|4856|0x000000053e000000, 0x000000053e000000, 0x000000053e400000|  0%| F|  |TAMS 0x000000053e000000, 0x000000053e000000| Untracked 
|4857|0x000000053e400000, 0x000000053e400000, 0x000000053e800000|  0%| F|  |TAMS 0x000000053e400000, 0x000000053e400000| Untracked 
|4858|0x000000053e800000, 0x000000053e800000, 0x000000053ec00000|  0%| F|  |TAMS 0x000000053e800000, 0x000000053e800000| Untracked 
|4859|0x000000053ec00000, 0x000000053ec00000, 0x000000053f000000|  0%| F|  |TAMS 0x000000053ec00000, 0x000000053ec00000| Untracked 
|4860|0x000000053f000000, 0x000000053f000000, 0x000000053f400000|  0%| F|  |TAMS 0x000000053f000000, 0x000000053f000000| Untracked 
|4861|0x000000053f400000, 0x000000053f400000, 0x000000053f800000|  0%| F|  |TAMS 0x000000053f400000, 0x000000053f400000| Untracked 
|4862|0x000000053f800000, 0x000000053f800000, 0x000000053fc00000|  0%| F|  |TAMS 0x000000053f800000, 0x000000053f800000| Untracked 
|4863|0x000000053fc00000, 0x000000053fc00000, 0x0000000540000000|  0%| F|  |TAMS 0x000000053fc00000, 0x000000053fc00000| Untracked 
|4864|0x0000000540000000, 0x0000000540000000, 0x0000000540400000|  0%| F|  |TAMS 0x0000000540000000, 0x0000000540000000| Untracked 
|4865|0x0000000540400000, 0x0000000540400000, 0x0000000540800000|  0%| F|  |TAMS 0x0000000540400000, 0x0000000540400000| Untracked 
|4866|0x0000000540800000, 0x0000000540800000, 0x0000000540c00000|  0%| F|  |TAMS 0x0000000540800000, 0x0000000540800000| Untracked 
|4867|0x0000000540c00000, 0x0000000540c00000, 0x0000000541000000|  0%| F|  |TAMS 0x0000000540c00000, 0x0000000540c00000| Untracked 
|4868|0x0000000541000000, 0x0000000541000000, 0x0000000541400000|  0%| F|  |TAMS 0x0000000541000000, 0x0000000541000000| Untracked 
|4869|0x0000000541400000, 0x0000000541400000, 0x0000000541800000|  0%| F|  |TAMS 0x0000000541400000, 0x0000000541400000| Untracked 
|4870|0x0000000541800000, 0x0000000541800000, 0x0000000541c00000|  0%| F|  |TAMS 0x0000000541800000, 0x0000000541800000| Untracked 
|4871|0x0000000541c00000, 0x0000000541c00000, 0x0000000542000000|  0%| F|  |TAMS 0x0000000541c00000, 0x0000000541c00000| Untracked 
|4872|0x0000000542000000, 0x0000000542000000, 0x0000000542400000|  0%| F|  |TAMS 0x0000000542000000, 0x0000000542000000| Untracked 
|4873|0x0000000542400000, 0x0000000542400000, 0x0000000542800000|  0%| F|  |TAMS 0x0000000542400000, 0x0000000542400000| Untracked 
|4874|0x0000000542800000, 0x0000000542800000, 0x0000000542c00000|  0%| F|  |TAMS 0x0000000542800000, 0x0000000542800000| Untracked 
|4875|0x0000000542c00000, 0x0000000542c00000, 0x0000000543000000|  0%| F|  |TAMS 0x0000000542c00000, 0x0000000542c00000| Untracked 
|4876|0x0000000543000000, 0x0000000543000000, 0x0000000543400000|  0%| F|  |TAMS 0x0000000543000000, 0x0000000543000000| Untracked 
|4877|0x0000000543400000, 0x0000000543400000, 0x0000000543800000|  0%| F|  |TAMS 0x0000000543400000, 0x0000000543400000| Untracked 
|4878|0x0000000543800000, 0x0000000543800000, 0x0000000543c00000|  0%| F|  |TAMS 0x0000000543800000, 0x0000000543800000| Untracked 
|4879|0x0000000543c00000, 0x0000000543c00000, 0x0000000544000000|  0%| F|  |TAMS 0x0000000543c00000, 0x0000000543c00000| Untracked 
|4880|0x0000000544000000, 0x0000000544000000, 0x0000000544400000|  0%| F|  |TAMS 0x0000000544000000, 0x0000000544000000| Untracked 
|4881|0x0000000544400000, 0x0000000544400000, 0x0000000544800000|  0%| F|  |TAMS 0x0000000544400000, 0x0000000544400000| Untracked 
|4882|0x0000000544800000, 0x0000000544800000, 0x0000000544c00000|  0%| F|  |TAMS 0x0000000544800000, 0x0000000544800000| Untracked 
|4883|0x0000000544c00000, 0x0000000544c00000, 0x0000000545000000|  0%| F|  |TAMS 0x0000000544c00000, 0x0000000544c00000| Untracked 
|4884|0x0000000545000000, 0x0000000545000000, 0x0000000545400000|  0%| F|  |TAMS 0x0000000545000000, 0x0000000545000000| Untracked 
|4885|0x0000000545400000, 0x0000000545400000, 0x0000000545800000|  0%| F|  |TAMS 0x0000000545400000, 0x0000000545400000| Untracked 
|4886|0x0000000545800000, 0x0000000545800000, 0x0000000545c00000|  0%| F|  |TAMS 0x0000000545800000, 0x0000000545800000| Untracked 
|4887|0x0000000545c00000, 0x0000000545c00000, 0x0000000546000000|  0%| F|  |TAMS 0x0000000545c00000, 0x0000000545c00000| Untracked 
|4888|0x0000000546000000, 0x0000000546000000, 0x0000000546400000|  0%| F|  |TAMS 0x0000000546000000, 0x0000000546000000| Untracked 
|4889|0x0000000546400000, 0x0000000546400000, 0x0000000546800000|  0%| F|  |TAMS 0x0000000546400000, 0x0000000546400000| Untracked 
|4890|0x0000000546800000, 0x0000000546800000, 0x0000000546c00000|  0%| F|  |TAMS 0x0000000546800000, 0x0000000546800000| Untracked 
|4891|0x0000000546c00000, 0x0000000546c00000, 0x0000000547000000|  0%| F|  |TAMS 0x0000000546c00000, 0x0000000546c00000| Untracked 
|4892|0x0000000547000000, 0x0000000547000000, 0x0000000547400000|  0%| F|  |TAMS 0x0000000547000000, 0x0000000547000000| Untracked 
|4893|0x0000000547400000, 0x0000000547400000, 0x0000000547800000|  0%| F|  |TAMS 0x0000000547400000, 0x0000000547400000| Untracked 
|4894|0x0000000547800000, 0x0000000547800000, 0x0000000547c00000|  0%| F|  |TAMS 0x0000000547800000, 0x0000000547800000| Untracked 
|4895|0x0000000547c00000, 0x0000000547c00000, 0x0000000548000000|  0%| F|  |TAMS 0x0000000547c00000, 0x0000000547c00000| Untracked 
|4896|0x0000000548000000, 0x0000000548000000, 0x0000000548400000|  0%| F|  |TAMS 0x0000000548000000, 0x0000000548000000| Untracked 
|4897|0x0000000548400000, 0x0000000548400000, 0x0000000548800000|  0%| F|  |TAMS 0x0000000548400000, 0x0000000548400000| Untracked 
|4898|0x0000000548800000, 0x0000000548800000, 0x0000000548c00000|  0%| F|  |TAMS 0x0000000548800000, 0x0000000548800000| Untracked 
|4899|0x0000000548c00000, 0x0000000548c00000, 0x0000000549000000|  0%| F|  |TAMS 0x0000000548c00000, 0x0000000548c00000| Untracked 
|4900|0x0000000549000000, 0x0000000549000000, 0x0000000549400000|  0%| F|  |TAMS 0x0000000549000000, 0x0000000549000000| Untracked 
|4901|0x0000000549400000, 0x0000000549400000, 0x0000000549800000|  0%| F|  |TAMS 0x0000000549400000, 0x0000000549400000| Untracked 
|4902|0x0000000549800000, 0x0000000549800000, 0x0000000549c00000|  0%| F|  |TAMS 0x0000000549800000, 0x0000000549800000| Untracked 
|4903|0x0000000549c00000, 0x0000000549c00000, 0x000000054a000000|  0%| F|  |TAMS 0x0000000549c00000, 0x0000000549c00000| Untracked 
|4904|0x000000054a000000, 0x000000054a000000, 0x000000054a400000|  0%| F|  |TAMS 0x000000054a000000, 0x000000054a000000| Untracked 
|4905|0x000000054a400000, 0x000000054a400000, 0x000000054a800000|  0%| F|  |TAMS 0x000000054a400000, 0x000000054a400000| Untracked 
|4906|0x000000054a800000, 0x000000054a800000, 0x000000054ac00000|  0%| F|  |TAMS 0x000000054a800000, 0x000000054a800000| Untracked 
|4907|0x000000054ac00000, 0x000000054ac00000, 0x000000054b000000|  0%| F|  |TAMS 0x000000054ac00000, 0x000000054ac00000| Untracked 
|4908|0x000000054b000000, 0x000000054b000000, 0x000000054b400000|  0%| F|  |TAMS 0x000000054b000000, 0x000000054b000000| Untracked 
|4909|0x000000054b400000, 0x000000054b400000, 0x000000054b800000|  0%| F|  |TAMS 0x000000054b400000, 0x000000054b400000| Untracked 
|4910|0x000000054b800000, 0x000000054b800000, 0x000000054bc00000|  0%| F|  |TAMS 0x000000054b800000, 0x000000054b800000| Untracked 
|4911|0x000000054bc00000, 0x000000054bc00000, 0x000000054c000000|  0%| F|  |TAMS 0x000000054bc00000, 0x000000054bc00000| Untracked 
|4912|0x000000054c000000, 0x000000054c000000, 0x000000054c400000|  0%| F|  |TAMS 0x000000054c000000, 0x000000054c000000| Untracked 
|4913|0x000000054c400000, 0x000000054c400000, 0x000000054c800000|  0%| F|  |TAMS 0x000000054c400000, 0x000000054c400000| Untracked 
|4914|0x000000054c800000, 0x000000054c800000, 0x000000054cc00000|  0%| F|  |TAMS 0x000000054c800000, 0x000000054c800000| Untracked 
|4915|0x000000054cc00000, 0x000000054cc00000, 0x000000054d000000|  0%| F|  |TAMS 0x000000054cc00000, 0x000000054cc00000| Untracked 
|4916|0x000000054d000000, 0x000000054d000000, 0x000000054d400000|  0%| F|  |TAMS 0x000000054d000000, 0x000000054d000000| Untracked 
|4917|0x000000054d400000, 0x000000054d400000, 0x000000054d800000|  0%| F|  |TAMS 0x000000054d400000, 0x000000054d400000| Untracked 
|4918|0x000000054d800000, 0x000000054d800000, 0x000000054dc00000|  0%| F|  |TAMS 0x000000054d800000, 0x000000054d800000| Untracked 
|4919|0x000000054dc00000, 0x000000054dc00000, 0x000000054e000000|  0%| F|  |TAMS 0x000000054dc00000, 0x000000054dc00000| Untracked 
|4920|0x000000054e000000, 0x000000054e000000, 0x000000054e400000|  0%| F|  |TAMS 0x000000054e000000, 0x000000054e000000| Untracked 
|4921|0x000000054e400000, 0x000000054e400000, 0x000000054e800000|  0%| F|  |TAMS 0x000000054e400000, 0x000000054e400000| Untracked 
|4922|0x000000054e800000, 0x000000054e800000, 0x000000054ec00000|  0%| F|  |TAMS 0x000000054e800000, 0x000000054e800000| Untracked 
|4923|0x000000054ec00000, 0x000000054ec00000, 0x000000054f000000|  0%| F|  |TAMS 0x000000054ec00000, 0x000000054ec00000| Untracked 
|4924|0x000000054f000000, 0x000000054f000000, 0x000000054f400000|  0%| F|  |TAMS 0x000000054f000000, 0x000000054f000000| Untracked 
|4925|0x000000054f400000, 0x000000054f400000, 0x000000054f800000|  0%| F|  |TAMS 0x000000054f400000, 0x000000054f400000| Untracked 
|4926|0x000000054f800000, 0x000000054f800000, 0x000000054fc00000|  0%| F|  |TAMS 0x000000054f800000, 0x000000054f800000| Untracked 
|4927|0x000000054fc00000, 0x000000054fc00000, 0x0000000550000000|  0%| F|  |TAMS 0x000000054fc00000, 0x000000054fc00000| Untracked 
|4928|0x0000000550000000, 0x0000000550000000, 0x0000000550400000|  0%| F|  |TAMS 0x0000000550000000, 0x0000000550000000| Untracked 
|4929|0x0000000550400000, 0x0000000550400000, 0x0000000550800000|  0%| F|  |TAMS 0x0000000550400000, 0x0000000550400000| Untracked 
|4930|0x0000000550800000, 0x0000000550800000, 0x0000000550c00000|  0%| F|  |TAMS 0x0000000550800000, 0x0000000550800000| Untracked 
|4931|0x0000000550c00000, 0x0000000550c00000, 0x0000000551000000|  0%| F|  |TAMS 0x0000000550c00000, 0x0000000550c00000| Untracked 
|4932|0x0000000551000000, 0x0000000551000000, 0x0000000551400000|  0%| F|  |TAMS 0x0000000551000000, 0x0000000551000000| Untracked 
|4933|0x0000000551400000, 0x0000000551400000, 0x0000000551800000|  0%| F|  |TAMS 0x0000000551400000, 0x0000000551400000| Untracked 
|4934|0x0000000551800000, 0x0000000551800000, 0x0000000551c00000|  0%| F|  |TAMS 0x0000000551800000, 0x0000000551800000| Untracked 
|4935|0x0000000551c00000, 0x0000000551c00000, 0x0000000552000000|  0%| F|  |TAMS 0x0000000551c00000, 0x0000000551c00000| Untracked 
|4936|0x0000000552000000, 0x0000000552000000, 0x0000000552400000|  0%| F|  |TAMS 0x0000000552000000, 0x0000000552000000| Untracked 
|4937|0x0000000552400000, 0x0000000552400000, 0x0000000552800000|  0%| F|  |TAMS 0x0000000552400000, 0x0000000552400000| Untracked 
|4938|0x0000000552800000, 0x0000000552800000, 0x0000000552c00000|  0%| F|  |TAMS 0x0000000552800000, 0x0000000552800000| Untracked 
|4939|0x0000000552c00000, 0x0000000552c00000, 0x0000000553000000|  0%| F|  |TAMS 0x0000000552c00000, 0x0000000552c00000| Untracked 
|4940|0x0000000553000000, 0x0000000553000000, 0x0000000553400000|  0%| F|  |TAMS 0x0000000553000000, 0x0000000553000000| Untracked 
|4941|0x0000000553400000, 0x0000000553400000, 0x0000000553800000|  0%| F|  |TAMS 0x0000000553400000, 0x0000000553400000| Untracked 
|4942|0x0000000553800000, 0x0000000553800000, 0x0000000553c00000|  0%| F|  |TAMS 0x0000000553800000, 0x0000000553800000| Untracked 
|4943|0x0000000553c00000, 0x0000000553c00000, 0x0000000554000000|  0%| F|  |TAMS 0x0000000553c00000, 0x0000000553c00000| Untracked 
|4944|0x0000000554000000, 0x0000000554000000, 0x0000000554400000|  0%| F|  |TAMS 0x0000000554000000, 0x0000000554000000| Untracked 
|4945|0x0000000554400000, 0x0000000554400000, 0x0000000554800000|  0%| F|  |TAMS 0x0000000554400000, 0x0000000554400000| Untracked 
|4946|0x0000000554800000, 0x0000000554800000, 0x0000000554c00000|  0%| F|  |TAMS 0x0000000554800000, 0x0000000554800000| Untracked 
|4947|0x0000000554c00000, 0x0000000554c00000, 0x0000000555000000|  0%| F|  |TAMS 0x0000000554c00000, 0x0000000554c00000| Untracked 
|4948|0x0000000555000000, 0x0000000555000000, 0x0000000555400000|  0%| F|  |TAMS 0x0000000555000000, 0x0000000555000000| Untracked 
|4949|0x0000000555400000, 0x0000000555400000, 0x0000000555800000|  0%| F|  |TAMS 0x0000000555400000, 0x0000000555400000| Untracked 
|4950|0x0000000555800000, 0x0000000555800000, 0x0000000555c00000|  0%| F|  |TAMS 0x0000000555800000, 0x0000000555800000| Untracked 
|4951|0x0000000555c00000, 0x0000000555c00000, 0x0000000556000000|  0%| F|  |TAMS 0x0000000555c00000, 0x0000000555c00000| Untracked 
|4952|0x0000000556000000, 0x0000000556000000, 0x0000000556400000|  0%| F|  |TAMS 0x0000000556000000, 0x0000000556000000| Untracked 
|4953|0x0000000556400000, 0x0000000556400000, 0x0000000556800000|  0%| F|  |TAMS 0x0000000556400000, 0x0000000556400000| Untracked 
|4954|0x0000000556800000, 0x0000000556800000, 0x0000000556c00000|  0%| F|  |TAMS 0x0000000556800000, 0x0000000556800000| Untracked 
|4955|0x0000000556c00000, 0x0000000556c00000, 0x0000000557000000|  0%| F|  |TAMS 0x0000000556c00000, 0x0000000556c00000| Untracked 
|4956|0x0000000557000000, 0x0000000557000000, 0x0000000557400000|  0%| F|  |TAMS 0x0000000557000000, 0x0000000557000000| Untracked 
|4957|0x0000000557400000, 0x0000000557400000, 0x0000000557800000|  0%| F|  |TAMS 0x0000000557400000, 0x0000000557400000| Untracked 
|4958|0x0000000557800000, 0x0000000557800000, 0x0000000557c00000|  0%| F|  |TAMS 0x0000000557800000, 0x0000000557800000| Untracked 
|4959|0x0000000557c00000, 0x0000000557c00000, 0x0000000558000000|  0%| F|  |TAMS 0x0000000557c00000, 0x0000000557c00000| Untracked 
|4960|0x0000000558000000, 0x0000000558000000, 0x0000000558400000|  0%| F|  |TAMS 0x0000000558000000, 0x0000000558000000| Untracked 
|4961|0x0000000558400000, 0x0000000558400000, 0x0000000558800000|  0%| F|  |TAMS 0x0000000558400000, 0x0000000558400000| Untracked 
|4962|0x0000000558800000, 0x0000000558800000, 0x0000000558c00000|  0%| F|  |TAMS 0x0000000558800000, 0x0000000558800000| Untracked 
|4963|0x0000000558c00000, 0x0000000558c00000, 0x0000000559000000|  0%| F|  |TAMS 0x0000000558c00000, 0x0000000558c00000| Untracked 
|4964|0x0000000559000000, 0x0000000559000000, 0x0000000559400000|  0%| F|  |TAMS 0x0000000559000000, 0x0000000559000000| Untracked 
|4965|0x0000000559400000, 0x0000000559400000, 0x0000000559800000|  0%| F|  |TAMS 0x0000000559400000, 0x0000000559400000| Untracked 
|4966|0x0000000559800000, 0x0000000559800000, 0x0000000559c00000|  0%| F|  |TAMS 0x0000000559800000, 0x0000000559800000| Untracked 
|4967|0x0000000559c00000, 0x0000000559c00000, 0x000000055a000000|  0%| F|  |TAMS 0x0000000559c00000, 0x0000000559c00000| Untracked 
|4968|0x000000055a000000, 0x000000055a000000, 0x000000055a400000|  0%| F|  |TAMS 0x000000055a000000, 0x000000055a000000| Untracked 
|4969|0x000000055a400000, 0x000000055a400000, 0x000000055a800000|  0%| F|  |TAMS 0x000000055a400000, 0x000000055a400000| Untracked 
|4970|0x000000055a800000, 0x000000055a800000, 0x000000055ac00000|  0%| F|  |TAMS 0x000000055a800000, 0x000000055a800000| Untracked 
|4971|0x000000055ac00000, 0x000000055ac00000, 0x000000055b000000|  0%| F|  |TAMS 0x000000055ac00000, 0x000000055ac00000| Untracked 
|4972|0x000000055b000000, 0x000000055b000000, 0x000000055b400000|  0%| F|  |TAMS 0x000000055b000000, 0x000000055b000000| Untracked 
|4973|0x000000055b400000, 0x000000055b400000, 0x000000055b800000|  0%| F|  |TAMS 0x000000055b400000, 0x000000055b400000| Untracked 
|4974|0x000000055b800000, 0x000000055b800000, 0x000000055bc00000|  0%| F|  |TAMS 0x000000055b800000, 0x000000055b800000| Untracked 
|4975|0x000000055bc00000, 0x000000055bc00000, 0x000000055c000000|  0%| F|  |TAMS 0x000000055bc00000, 0x000000055bc00000| Untracked 
|4976|0x000000055c000000, 0x000000055c000000, 0x000000055c400000|  0%| F|  |TAMS 0x000000055c000000, 0x000000055c000000| Untracked 
|4977|0x000000055c400000, 0x000000055c400000, 0x000000055c800000|  0%| F|  |TAMS 0x000000055c400000, 0x000000055c400000| Untracked 
|4978|0x000000055c800000, 0x000000055c800000, 0x000000055cc00000|  0%| F|  |TAMS 0x000000055c800000, 0x000000055c800000| Untracked 
|4979|0x000000055cc00000, 0x000000055cc00000, 0x000000055d000000|  0%| F|  |TAMS 0x000000055cc00000, 0x000000055cc00000| Untracked 
|4980|0x000000055d000000, 0x000000055d000000, 0x000000055d400000|  0%| F|  |TAMS 0x000000055d000000, 0x000000055d000000| Untracked 
|4981|0x000000055d400000, 0x000000055d400000, 0x000000055d800000|  0%| F|  |TAMS 0x000000055d400000, 0x000000055d400000| Untracked 
|4982|0x000000055d800000, 0x000000055d800000, 0x000000055dc00000|  0%| F|  |TAMS 0x000000055d800000, 0x000000055d800000| Untracked 
|4983|0x000000055dc00000, 0x000000055dc00000, 0x000000055e000000|  0%| F|  |TAMS 0x000000055dc00000, 0x000000055dc00000| Untracked 
|4984|0x000000055e000000, 0x000000055e000000, 0x000000055e400000|  0%| F|  |TAMS 0x000000055e000000, 0x000000055e000000| Untracked 
|4985|0x000000055e400000, 0x000000055e400000, 0x000000055e800000|  0%| F|  |TAMS 0x000000055e400000, 0x000000055e400000| Untracked 
|4986|0x000000055e800000, 0x000000055e800000, 0x000000055ec00000|  0%| F|  |TAMS 0x000000055e800000, 0x000000055e800000| Untracked 
|4987|0x000000055ec00000, 0x000000055ec00000, 0x000000055f000000|  0%| F|  |TAMS 0x000000055ec00000, 0x000000055ec00000| Untracked 
|4988|0x000000055f000000, 0x000000055f000000, 0x000000055f400000|  0%| F|  |TAMS 0x000000055f000000, 0x000000055f000000| Untracked 
|4989|0x000000055f400000, 0x000000055f400000, 0x000000055f800000|  0%| F|  |TAMS 0x000000055f400000, 0x000000055f400000| Untracked 
|4990|0x000000055f800000, 0x000000055f800000, 0x000000055fc00000|  0%| F|  |TAMS 0x000000055f800000, 0x000000055f800000| Untracked 
|4991|0x000000055fc00000, 0x000000055fc00000, 0x0000000560000000|  0%| F|  |TAMS 0x000000055fc00000, 0x000000055fc00000| Untracked 
|4992|0x0000000560000000, 0x0000000560000000, 0x0000000560400000|  0%| F|  |TAMS 0x0000000560000000, 0x0000000560000000| Untracked 
|4993|0x0000000560400000, 0x0000000560400000, 0x0000000560800000|  0%| F|  |TAMS 0x0000000560400000, 0x0000000560400000| Untracked 
|4994|0x0000000560800000, 0x0000000560800000, 0x0000000560c00000|  0%| F|  |TAMS 0x0000000560800000, 0x0000000560800000| Untracked 
|4995|0x0000000560c00000, 0x0000000560c00000, 0x0000000561000000|  0%| F|  |TAMS 0x0000000560c00000, 0x0000000560c00000| Untracked 
|4996|0x0000000561000000, 0x0000000561000000, 0x0000000561400000|  0%| F|  |TAMS 0x0000000561000000, 0x0000000561000000| Untracked 
|4997|0x0000000561400000, 0x0000000561400000, 0x0000000561800000|  0%| F|  |TAMS 0x0000000561400000, 0x0000000561400000| Untracked 
|4998|0x0000000561800000, 0x0000000561800000, 0x0000000561c00000|  0%| F|  |TAMS 0x0000000561800000, 0x0000000561800000| Untracked 
|4999|0x0000000561c00000, 0x0000000561c00000, 0x0000000562000000|  0%| F|  |TAMS 0x0000000561c00000, 0x0000000561c00000| Untracked 
|5000|0x0000000562000000, 0x0000000562000000, 0x0000000562400000|  0%| F|  |TAMS 0x0000000562000000, 0x0000000562000000| Untracked 
|5001|0x0000000562400000, 0x0000000562400000, 0x0000000562800000|  0%| F|  |TAMS 0x0000000562400000, 0x0000000562400000| Untracked 
|5002|0x0000000562800000, 0x0000000562800000, 0x0000000562c00000|  0%| F|  |TAMS 0x0000000562800000, 0x0000000562800000| Untracked 
|5003|0x0000000562c00000, 0x0000000562c00000, 0x0000000563000000|  0%| F|  |TAMS 0x0000000562c00000, 0x0000000562c00000| Untracked 
|5004|0x0000000563000000, 0x0000000563000000, 0x0000000563400000|  0%| F|  |TAMS 0x0000000563000000, 0x0000000563000000| Untracked 
|5005|0x0000000563400000, 0x0000000563400000, 0x0000000563800000|  0%| F|  |TAMS 0x0000000563400000, 0x0000000563400000| Untracked 
|5006|0x0000000563800000, 0x0000000563800000, 0x0000000563c00000|  0%| F|  |TAMS 0x0000000563800000, 0x0000000563800000| Untracked 
|5007|0x0000000563c00000, 0x0000000563c00000, 0x0000000564000000|  0%| F|  |TAMS 0x0000000563c00000, 0x0000000563c00000| Untracked 
|5008|0x0000000564000000, 0x0000000564000000, 0x0000000564400000|  0%| F|  |TAMS 0x0000000564000000, 0x0000000564000000| Untracked 
|5009|0x0000000564400000, 0x0000000564400000, 0x0000000564800000|  0%| F|  |TAMS 0x0000000564400000, 0x0000000564400000| Untracked 
|5010|0x0000000564800000, 0x0000000564800000, 0x0000000564c00000|  0%| F|  |TAMS 0x0000000564800000, 0x0000000564800000| Untracked 
|5011|0x0000000564c00000, 0x0000000564c00000, 0x0000000565000000|  0%| F|  |TAMS 0x0000000564c00000, 0x0000000564c00000| Untracked 
|5012|0x0000000565000000, 0x0000000565000000, 0x0000000565400000|  0%| F|  |TAMS 0x0000000565000000, 0x0000000565000000| Untracked 
|5013|0x0000000565400000, 0x0000000565400000, 0x0000000565800000|  0%| F|  |TAMS 0x0000000565400000, 0x0000000565400000| Untracked 
|5014|0x0000000565800000, 0x0000000565800000, 0x0000000565c00000|  0%| F|  |TAMS 0x0000000565800000, 0x0000000565800000| Untracked 
|5015|0x0000000565c00000, 0x0000000565c00000, 0x0000000566000000|  0%| F|  |TAMS 0x0000000565c00000, 0x0000000565c00000| Untracked 
|5016|0x0000000566000000, 0x0000000566000000, 0x0000000566400000|  0%| F|  |TAMS 0x0000000566000000, 0x0000000566000000| Untracked 
|5017|0x0000000566400000, 0x0000000566400000, 0x0000000566800000|  0%| F|  |TAMS 0x0000000566400000, 0x0000000566400000| Untracked 
|5018|0x0000000566800000, 0x0000000566800000, 0x0000000566c00000|  0%| F|  |TAMS 0x0000000566800000, 0x0000000566800000| Untracked 
|5019|0x0000000566c00000, 0x0000000566c00000, 0x0000000567000000|  0%| F|  |TAMS 0x0000000566c00000, 0x0000000566c00000| Untracked 
|5020|0x0000000567000000, 0x0000000567000000, 0x0000000567400000|  0%| F|  |TAMS 0x0000000567000000, 0x0000000567000000| Untracked 
|5021|0x0000000567400000, 0x0000000567400000, 0x0000000567800000|  0%| F|  |TAMS 0x0000000567400000, 0x0000000567400000| Untracked 
|5022|0x0000000567800000, 0x0000000567800000, 0x0000000567c00000|  0%| F|  |TAMS 0x0000000567800000, 0x0000000567800000| Untracked 
|5023|0x0000000567c00000, 0x0000000567c00000, 0x0000000568000000|  0%| F|  |TAMS 0x0000000567c00000, 0x0000000567c00000| Untracked 
|5024|0x0000000568000000, 0x0000000568000000, 0x0000000568400000|  0%| F|  |TAMS 0x0000000568000000, 0x0000000568000000| Untracked 
|5025|0x0000000568400000, 0x0000000568400000, 0x0000000568800000|  0%| F|  |TAMS 0x0000000568400000, 0x0000000568400000| Untracked 
|5026|0x0000000568800000, 0x0000000568800000, 0x0000000568c00000|  0%| F|  |TAMS 0x0000000568800000, 0x0000000568800000| Untracked 
|5027|0x0000000568c00000, 0x0000000568c00000, 0x0000000569000000|  0%| F|  |TAMS 0x0000000568c00000, 0x0000000568c00000| Untracked 
|5028|0x0000000569000000, 0x0000000569000000, 0x0000000569400000|  0%| F|  |TAMS 0x0000000569000000, 0x0000000569000000| Untracked 
|5029|0x0000000569400000, 0x0000000569400000, 0x0000000569800000|  0%| F|  |TAMS 0x0000000569400000, 0x0000000569400000| Untracked 
|5030|0x0000000569800000, 0x0000000569800000, 0x0000000569c00000|  0%| F|  |TAMS 0x0000000569800000, 0x0000000569800000| Untracked 
|5031|0x0000000569c00000, 0x0000000569c00000, 0x000000056a000000|  0%| F|  |TAMS 0x0000000569c00000, 0x0000000569c00000| Untracked 
|5032|0x000000056a000000, 0x000000056a000000, 0x000000056a400000|  0%| F|  |TAMS 0x000000056a000000, 0x000000056a000000| Untracked 
|5033|0x000000056a400000, 0x000000056a400000, 0x000000056a800000|  0%| F|  |TAMS 0x000000056a400000, 0x000000056a400000| Untracked 
|5034|0x000000056a800000, 0x000000056a800000, 0x000000056ac00000|  0%| F|  |TAMS 0x000000056a800000, 0x000000056a800000| Untracked 
|5035|0x000000056ac00000, 0x000000056ac00000, 0x000000056b000000|  0%| F|  |TAMS 0x000000056ac00000, 0x000000056ac00000| Untracked 
|5036|0x000000056b000000, 0x000000056b000000, 0x000000056b400000|  0%| F|  |TAMS 0x000000056b000000, 0x000000056b000000| Untracked 
|5037|0x000000056b400000, 0x000000056b400000, 0x000000056b800000|  0%| F|  |TAMS 0x000000056b400000, 0x000000056b400000| Untracked 
|5038|0x000000056b800000, 0x000000056b800000, 0x000000056bc00000|  0%| F|  |TAMS 0x000000056b800000, 0x000000056b800000| Untracked 
|5039|0x000000056bc00000, 0x000000056bc00000, 0x000000056c000000|  0%| F|  |TAMS 0x000000056bc00000, 0x000000056bc00000| Untracked 
|5040|0x000000056c000000, 0x000000056c000000, 0x000000056c400000|  0%| F|  |TAMS 0x000000056c000000, 0x000000056c000000| Untracked 
|5041|0x000000056c400000, 0x000000056c400000, 0x000000056c800000|  0%| F|  |TAMS 0x000000056c400000, 0x000000056c400000| Untracked 
|5042|0x000000056c800000, 0x000000056c800000, 0x000000056cc00000|  0%| F|  |TAMS 0x000000056c800000, 0x000000056c800000| Untracked 
|5043|0x000000056cc00000, 0x000000056cc00000, 0x000000056d000000|  0%| F|  |TAMS 0x000000056cc00000, 0x000000056cc00000| Untracked 
|5044|0x000000056d000000, 0x000000056d000000, 0x000000056d400000|  0%| F|  |TAMS 0x000000056d000000, 0x000000056d000000| Untracked 
|5045|0x000000056d400000, 0x000000056d400000, 0x000000056d800000|  0%| F|  |TAMS 0x000000056d400000, 0x000000056d400000| Untracked 
|5046|0x000000056d800000, 0x000000056d800000, 0x000000056dc00000|  0%| F|  |TAMS 0x000000056d800000, 0x000000056d800000| Untracked 
|5047|0x000000056dc00000, 0x000000056dc00000, 0x000000056e000000|  0%| F|  |TAMS 0x000000056dc00000, 0x000000056dc00000| Untracked 
|5048|0x000000056e000000, 0x000000056e000000, 0x000000056e400000|  0%| F|  |TAMS 0x000000056e000000, 0x000000056e000000| Untracked 
|5049|0x000000056e400000, 0x000000056e400000, 0x000000056e800000|  0%| F|  |TAMS 0x000000056e400000, 0x000000056e400000| Untracked 
|5050|0x000000056e800000, 0x000000056e800000, 0x000000056ec00000|  0%| F|  |TAMS 0x000000056e800000, 0x000000056e800000| Untracked 
|5051|0x000000056ec00000, 0x000000056ec00000, 0x000000056f000000|  0%| F|  |TAMS 0x000000056ec00000, 0x000000056ec00000| Untracked 
|5052|0x000000056f000000, 0x000000056f000000, 0x000000056f400000|  0%| F|  |TAMS 0x000000056f000000, 0x000000056f000000| Untracked 
|5053|0x000000056f400000, 0x000000056f400000, 0x000000056f800000|  0%| F|  |TAMS 0x000000056f400000, 0x000000056f400000| Untracked 
|5054|0x000000056f800000, 0x000000056f800000, 0x000000056fc00000|  0%| F|  |TAMS 0x000000056f800000, 0x000000056f800000| Untracked 
|5055|0x000000056fc00000, 0x000000056fc00000, 0x0000000570000000|  0%| F|  |TAMS 0x000000056fc00000, 0x000000056fc00000| Untracked 
|5056|0x0000000570000000, 0x0000000570000000, 0x0000000570400000|  0%| F|  |TAMS 0x0000000570000000, 0x0000000570000000| Untracked 
|5057|0x0000000570400000, 0x0000000570400000, 0x0000000570800000|  0%| F|  |TAMS 0x0000000570400000, 0x0000000570400000| Untracked 
|5058|0x0000000570800000, 0x0000000570800000, 0x0000000570c00000|  0%| F|  |TAMS 0x0000000570800000, 0x0000000570800000| Untracked 
|5059|0x0000000570c00000, 0x0000000570c00000, 0x0000000571000000|  0%| F|  |TAMS 0x0000000570c00000, 0x0000000570c00000| Untracked 
|5060|0x0000000571000000, 0x0000000571000000, 0x0000000571400000|  0%| F|  |TAMS 0x0000000571000000, 0x0000000571000000| Untracked 
|5061|0x0000000571400000, 0x0000000571400000, 0x0000000571800000|  0%| F|  |TAMS 0x0000000571400000, 0x0000000571400000| Untracked 
|5062|0x0000000571800000, 0x0000000571800000, 0x0000000571c00000|  0%| F|  |TAMS 0x0000000571800000, 0x0000000571800000| Untracked 
|5063|0x0000000571c00000, 0x0000000571c00000, 0x0000000572000000|  0%| F|  |TAMS 0x0000000571c00000, 0x0000000571c00000| Untracked 
|5064|0x0000000572000000, 0x0000000572000000, 0x0000000572400000|  0%| F|  |TAMS 0x0000000572000000, 0x0000000572000000| Untracked 
|5065|0x0000000572400000, 0x0000000572400000, 0x0000000572800000|  0%| F|  |TAMS 0x0000000572400000, 0x0000000572400000| Untracked 
|5066|0x0000000572800000, 0x0000000572800000, 0x0000000572c00000|  0%| F|  |TAMS 0x0000000572800000, 0x0000000572800000| Untracked 
|5067|0x0000000572c00000, 0x0000000572c00000, 0x0000000573000000|  0%| F|  |TAMS 0x0000000572c00000, 0x0000000572c00000| Untracked 
|5068|0x0000000573000000, 0x0000000573000000, 0x0000000573400000|  0%| F|  |TAMS 0x0000000573000000, 0x0000000573000000| Untracked 
|5069|0x0000000573400000, 0x0000000573400000, 0x0000000573800000|  0%| F|  |TAMS 0x0000000573400000, 0x0000000573400000| Untracked 
|5070|0x0000000573800000, 0x0000000573800000, 0x0000000573c00000|  0%| F|  |TAMS 0x0000000573800000, 0x0000000573800000| Untracked 
|5071|0x0000000573c00000, 0x0000000573c00000, 0x0000000574000000|  0%| F|  |TAMS 0x0000000573c00000, 0x0000000573c00000| Untracked 
|5072|0x0000000574000000, 0x0000000574000000, 0x0000000574400000|  0%| F|  |TAMS 0x0000000574000000, 0x0000000574000000| Untracked 
|5073|0x0000000574400000, 0x0000000574400000, 0x0000000574800000|  0%| F|  |TAMS 0x0000000574400000, 0x0000000574400000| Untracked 
|5074|0x0000000574800000, 0x0000000574800000, 0x0000000574c00000|  0%| F|  |TAMS 0x0000000574800000, 0x0000000574800000| Untracked 
|5075|0x0000000574c00000, 0x0000000574c00000, 0x0000000575000000|  0%| F|  |TAMS 0x0000000574c00000, 0x0000000574c00000| Untracked 
|5076|0x0000000575000000, 0x0000000575000000, 0x0000000575400000|  0%| F|  |TAMS 0x0000000575000000, 0x0000000575000000| Untracked 
|5077|0x0000000575400000, 0x0000000575400000, 0x0000000575800000|  0%| F|  |TAMS 0x0000000575400000, 0x0000000575400000| Untracked 
|5078|0x0000000575800000, 0x0000000575800000, 0x0000000575c00000|  0%| F|  |TAMS 0x0000000575800000, 0x0000000575800000| Untracked 
|5079|0x0000000575c00000, 0x0000000575c00000, 0x0000000576000000|  0%| F|  |TAMS 0x0000000575c00000, 0x0000000575c00000| Untracked 
|5080|0x0000000576000000, 0x0000000576000000, 0x0000000576400000|  0%| F|  |TAMS 0x0000000576000000, 0x0000000576000000| Untracked 
|5081|0x0000000576400000, 0x0000000576400000, 0x0000000576800000|  0%| F|  |TAMS 0x0000000576400000, 0x0000000576400000| Untracked 
|5082|0x0000000576800000, 0x0000000576800000, 0x0000000576c00000|  0%| F|  |TAMS 0x0000000576800000, 0x0000000576800000| Untracked 
|5083|0x0000000576c00000, 0x0000000576c00000, 0x0000000577000000|  0%| F|  |TAMS 0x0000000576c00000, 0x0000000576c00000| Untracked 
|5084|0x0000000577000000, 0x0000000577000000, 0x0000000577400000|  0%| F|  |TAMS 0x0000000577000000, 0x0000000577000000| Untracked 
|5085|0x0000000577400000, 0x0000000577400000, 0x0000000577800000|  0%| F|  |TAMS 0x0000000577400000, 0x0000000577400000| Untracked 
|5086|0x0000000577800000, 0x0000000577800000, 0x0000000577c00000|  0%| F|  |TAMS 0x0000000577800000, 0x0000000577800000| Untracked 
|5087|0x0000000577c00000, 0x0000000577c00000, 0x0000000578000000|  0%| F|  |TAMS 0x0000000577c00000, 0x0000000577c00000| Untracked 
|5088|0x0000000578000000, 0x0000000578000000, 0x0000000578400000|  0%| F|  |TAMS 0x0000000578000000, 0x0000000578000000| Untracked 
|5089|0x0000000578400000, 0x0000000578400000, 0x0000000578800000|  0%| F|  |TAMS 0x0000000578400000, 0x0000000578400000| Untracked 
|5090|0x0000000578800000, 0x0000000578800000, 0x0000000578c00000|  0%| F|  |TAMS 0x0000000578800000, 0x0000000578800000| Untracked 
|5091|0x0000000578c00000, 0x0000000578c00000, 0x0000000579000000|  0%| F|  |TAMS 0x0000000578c00000, 0x0000000578c00000| Untracked 
|5092|0x0000000579000000, 0x0000000579000000, 0x0000000579400000|  0%| F|  |TAMS 0x0000000579000000, 0x0000000579000000| Untracked 
|5093|0x0000000579400000, 0x0000000579400000, 0x0000000579800000|  0%| F|  |TAMS 0x0000000579400000, 0x0000000579400000| Untracked 
|5094|0x0000000579800000, 0x0000000579800000, 0x0000000579c00000|  0%| F|  |TAMS 0x0000000579800000, 0x0000000579800000| Untracked 
|5095|0x0000000579c00000, 0x0000000579c00000, 0x000000057a000000|  0%| F|  |TAMS 0x0000000579c00000, 0x0000000579c00000| Untracked 
|5096|0x000000057a000000, 0x000000057a000000, 0x000000057a400000|  0%| F|  |TAMS 0x000000057a000000, 0x000000057a000000| Untracked 
|5097|0x000000057a400000, 0x000000057a400000, 0x000000057a800000|  0%| F|  |TAMS 0x000000057a400000, 0x000000057a400000| Untracked 
|5098|0x000000057a800000, 0x000000057a800000, 0x000000057ac00000|  0%| F|  |TAMS 0x000000057a800000, 0x000000057a800000| Untracked 
|5099|0x000000057ac00000, 0x000000057ac00000, 0x000000057b000000|  0%| F|  |TAMS 0x000000057ac00000, 0x000000057ac00000| Untracked 
|5100|0x000000057b000000, 0x000000057b000000, 0x000000057b400000|  0%| F|  |TAMS 0x000000057b000000, 0x000000057b000000| Untracked 
|5101|0x000000057b400000, 0x000000057b400000, 0x000000057b800000|  0%| F|  |TAMS 0x000000057b400000, 0x000000057b400000| Untracked 
|5102|0x000000057b800000, 0x000000057b800000, 0x000000057bc00000|  0%| F|  |TAMS 0x000000057b800000, 0x000000057b800000| Untracked 
|5103|0x000000057bc00000, 0x000000057bc00000, 0x000000057c000000|  0%| F|  |TAMS 0x000000057bc00000, 0x000000057bc00000| Untracked 
|5104|0x000000057c000000, 0x000000057c000000, 0x000000057c400000|  0%| F|  |TAMS 0x000000057c000000, 0x000000057c000000| Untracked 
|5105|0x000000057c400000, 0x000000057c400000, 0x000000057c800000|  0%| F|  |TAMS 0x000000057c400000, 0x000000057c400000| Untracked 
|5106|0x000000057c800000, 0x000000057c800000, 0x000000057cc00000|  0%| F|  |TAMS 0x000000057c800000, 0x000000057c800000| Untracked 
|5107|0x000000057cc00000, 0x000000057cc00000, 0x000000057d000000|  0%| F|  |TAMS 0x000000057cc00000, 0x000000057cc00000| Untracked 
|5108|0x000000057d000000, 0x000000057d000000, 0x000000057d400000|  0%| F|  |TAMS 0x000000057d000000, 0x000000057d000000| Untracked 
|5109|0x000000057d400000, 0x000000057d400000, 0x000000057d800000|  0%| F|  |TAMS 0x000000057d400000, 0x000000057d400000| Untracked 
|5110|0x000000057d800000, 0x000000057d800000, 0x000000057dc00000|  0%| F|  |TAMS 0x000000057d800000, 0x000000057d800000| Untracked 
|5111|0x000000057dc00000, 0x000000057dc00000, 0x000000057e000000|  0%| F|  |TAMS 0x000000057dc00000, 0x000000057dc00000| Untracked 
|5112|0x000000057e000000, 0x000000057e000000, 0x000000057e400000|  0%| F|  |TAMS 0x000000057e000000, 0x000000057e000000| Untracked 
|5113|0x000000057e400000, 0x000000057e400000, 0x000000057e800000|  0%| F|  |TAMS 0x000000057e400000, 0x000000057e400000| Untracked 
|5114|0x000000057e800000, 0x000000057e800000, 0x000000057ec00000|  0%| F|  |TAMS 0x000000057e800000, 0x000000057e800000| Untracked 
|5115|0x000000057ec00000, 0x000000057ec00000, 0x000000057f000000|  0%| F|  |TAMS 0x000000057ec00000, 0x000000057ec00000| Untracked 
|5116|0x000000057f000000, 0x000000057f000000, 0x000000057f400000|  0%| F|  |TAMS 0x000000057f000000, 0x000000057f000000| Untracked 
|5117|0x000000057f400000, 0x000000057f400000, 0x000000057f800000|  0%| F|  |TAMS 0x000000057f400000, 0x000000057f400000| Untracked 
|5118|0x000000057f800000, 0x000000057f800000, 0x000000057fc00000|  0%| F|  |TAMS 0x000000057f800000, 0x000000057f800000| Untracked 
|5119|0x000000057fc00000, 0x000000057fc00000, 0x0000000580000000|  0%| F|  |TAMS 0x000000057fc00000, 0x000000057fc00000| Untracked 
|5120|0x0000000580000000, 0x0000000580000000, 0x0000000580400000|  0%| F|  |TAMS 0x0000000580000000, 0x0000000580000000| Untracked 
|5121|0x0000000580400000, 0x0000000580400000, 0x0000000580800000|  0%| F|  |TAMS 0x0000000580400000, 0x0000000580400000| Untracked 
|5122|0x0000000580800000, 0x0000000580800000, 0x0000000580c00000|  0%| F|  |TAMS 0x0000000580800000, 0x0000000580800000| Untracked 
|5123|0x0000000580c00000, 0x0000000580c00000, 0x0000000581000000|  0%| F|  |TAMS 0x0000000580c00000, 0x0000000580c00000| Untracked 
|5124|0x0000000581000000, 0x0000000581000000, 0x0000000581400000|  0%| F|  |TAMS 0x0000000581000000, 0x0000000581000000| Untracked 
|5125|0x0000000581400000, 0x0000000581400000, 0x0000000581800000|  0%| F|  |TAMS 0x0000000581400000, 0x0000000581400000| Untracked 
|5126|0x0000000581800000, 0x0000000581800000, 0x0000000581c00000|  0%| F|  |TAMS 0x0000000581800000, 0x0000000581800000| Untracked 
|5127|0x0000000581c00000, 0x0000000581c00000, 0x0000000582000000|  0%| F|  |TAMS 0x0000000581c00000, 0x0000000581c00000| Untracked 
|5128|0x0000000582000000, 0x0000000582000000, 0x0000000582400000|  0%| F|  |TAMS 0x0000000582000000, 0x0000000582000000| Untracked 
|5129|0x0000000582400000, 0x0000000582400000, 0x0000000582800000|  0%| F|  |TAMS 0x0000000582400000, 0x0000000582400000| Untracked 
|5130|0x0000000582800000, 0x0000000582800000, 0x0000000582c00000|  0%| F|  |TAMS 0x0000000582800000, 0x0000000582800000| Untracked 
|5131|0x0000000582c00000, 0x0000000582c00000, 0x0000000583000000|  0%| F|  |TAMS 0x0000000582c00000, 0x0000000582c00000| Untracked 
|5132|0x0000000583000000, 0x0000000583000000, 0x0000000583400000|  0%| F|  |TAMS 0x0000000583000000, 0x0000000583000000| Untracked 
|5133|0x0000000583400000, 0x0000000583400000, 0x0000000583800000|  0%| F|  |TAMS 0x0000000583400000, 0x0000000583400000| Untracked 
|5134|0x0000000583800000, 0x0000000583800000, 0x0000000583c00000|  0%| F|  |TAMS 0x0000000583800000, 0x0000000583800000| Untracked 
|5135|0x0000000583c00000, 0x0000000583c00000, 0x0000000584000000|  0%| F|  |TAMS 0x0000000583c00000, 0x0000000583c00000| Untracked 
|5136|0x0000000584000000, 0x0000000584000000, 0x0000000584400000|  0%| F|  |TAMS 0x0000000584000000, 0x0000000584000000| Untracked 
|5137|0x0000000584400000, 0x0000000584400000, 0x0000000584800000|  0%| F|  |TAMS 0x0000000584400000, 0x0000000584400000| Untracked 
|5138|0x0000000584800000, 0x0000000584800000, 0x0000000584c00000|  0%| F|  |TAMS 0x0000000584800000, 0x0000000584800000| Untracked 
|5139|0x0000000584c00000, 0x0000000584c00000, 0x0000000585000000|  0%| F|  |TAMS 0x0000000584c00000, 0x0000000584c00000| Untracked 
|5140|0x0000000585000000, 0x0000000585000000, 0x0000000585400000|  0%| F|  |TAMS 0x0000000585000000, 0x0000000585000000| Untracked 
|5141|0x0000000585400000, 0x0000000585400000, 0x0000000585800000|  0%| F|  |TAMS 0x0000000585400000, 0x0000000585400000| Untracked 
|5142|0x0000000585800000, 0x0000000585800000, 0x0000000585c00000|  0%| F|  |TAMS 0x0000000585800000, 0x0000000585800000| Untracked 
|5143|0x0000000585c00000, 0x0000000585c00000, 0x0000000586000000|  0%| F|  |TAMS 0x0000000585c00000, 0x0000000585c00000| Untracked 
|5144|0x0000000586000000, 0x0000000586000000, 0x0000000586400000|  0%| F|  |TAMS 0x0000000586000000, 0x0000000586000000| Untracked 
|5145|0x0000000586400000, 0x0000000586400000, 0x0000000586800000|  0%| F|  |TAMS 0x0000000586400000, 0x0000000586400000| Untracked 
|5146|0x0000000586800000, 0x0000000586800000, 0x0000000586c00000|  0%| F|  |TAMS 0x0000000586800000, 0x0000000586800000| Untracked 
|5147|0x0000000586c00000, 0x0000000586c00000, 0x0000000587000000|  0%| F|  |TAMS 0x0000000586c00000, 0x0000000586c00000| Untracked 
|5148|0x0000000587000000, 0x0000000587000000, 0x0000000587400000|  0%| F|  |TAMS 0x0000000587000000, 0x0000000587000000| Untracked 
|5149|0x0000000587400000, 0x0000000587400000, 0x0000000587800000|  0%| F|  |TAMS 0x0000000587400000, 0x0000000587400000| Untracked 
|5150|0x0000000587800000, 0x0000000587800000, 0x0000000587c00000|  0%| F|  |TAMS 0x0000000587800000, 0x0000000587800000| Untracked 
|5151|0x0000000587c00000, 0x0000000587c00000, 0x0000000588000000|  0%| F|  |TAMS 0x0000000587c00000, 0x0000000587c00000| Untracked 
|5152|0x0000000588000000, 0x0000000588000000, 0x0000000588400000|  0%| F|  |TAMS 0x0000000588000000, 0x0000000588000000| Untracked 
|5153|0x0000000588400000, 0x0000000588400000, 0x0000000588800000|  0%| F|  |TAMS 0x0000000588400000, 0x0000000588400000| Untracked 
|5154|0x0000000588800000, 0x0000000588800000, 0x0000000588c00000|  0%| F|  |TAMS 0x0000000588800000, 0x0000000588800000| Untracked 
|5155|0x0000000588c00000, 0x0000000588c00000, 0x0000000589000000|  0%| F|  |TAMS 0x0000000588c00000, 0x0000000588c00000| Untracked 
|5156|0x0000000589000000, 0x0000000589000000, 0x0000000589400000|  0%| F|  |TAMS 0x0000000589000000, 0x0000000589000000| Untracked 
|5157|0x0000000589400000, 0x0000000589400000, 0x0000000589800000|  0%| F|  |TAMS 0x0000000589400000, 0x0000000589400000| Untracked 
|5158|0x0000000589800000, 0x0000000589800000, 0x0000000589c00000|  0%| F|  |TAMS 0x0000000589800000, 0x0000000589800000| Untracked 
|5159|0x0000000589c00000, 0x0000000589c00000, 0x000000058a000000|  0%| F|  |TAMS 0x0000000589c00000, 0x0000000589c00000| Untracked 
|5160|0x000000058a000000, 0x000000058a000000, 0x000000058a400000|  0%| F|  |TAMS 0x000000058a000000, 0x000000058a000000| Untracked 
|5161|0x000000058a400000, 0x000000058a400000, 0x000000058a800000|  0%| F|  |TAMS 0x000000058a400000, 0x000000058a400000| Untracked 
|5162|0x000000058a800000, 0x000000058a800000, 0x000000058ac00000|  0%| F|  |TAMS 0x000000058a800000, 0x000000058a800000| Untracked 
|5163|0x000000058ac00000, 0x000000058ac00000, 0x000000058b000000|  0%| F|  |TAMS 0x000000058ac00000, 0x000000058ac00000| Untracked 
|5164|0x000000058b000000, 0x000000058b000000, 0x000000058b400000|  0%| F|  |TAMS 0x000000058b000000, 0x000000058b000000| Untracked 
|5165|0x000000058b400000, 0x000000058b400000, 0x000000058b800000|  0%| F|  |TAMS 0x000000058b400000, 0x000000058b400000| Untracked 
|5166|0x000000058b800000, 0x000000058b800000, 0x000000058bc00000|  0%| F|  |TAMS 0x000000058b800000, 0x000000058b800000| Untracked 
|5167|0x000000058bc00000, 0x000000058bc00000, 0x000000058c000000|  0%| F|  |TAMS 0x000000058bc00000, 0x000000058bc00000| Untracked 
|5168|0x000000058c000000, 0x000000058c000000, 0x000000058c400000|  0%| F|  |TAMS 0x000000058c000000, 0x000000058c000000| Untracked 
|5169|0x000000058c400000, 0x000000058c400000, 0x000000058c800000|  0%| F|  |TAMS 0x000000058c400000, 0x000000058c400000| Untracked 
|5170|0x000000058c800000, 0x000000058c800000, 0x000000058cc00000|  0%| F|  |TAMS 0x000000058c800000, 0x000000058c800000| Untracked 
|5171|0x000000058cc00000, 0x000000058cc00000, 0x000000058d000000|  0%| F|  |TAMS 0x000000058cc00000, 0x000000058cc00000| Untracked 
|5172|0x000000058d000000, 0x000000058d000000, 0x000000058d400000|  0%| F|  |TAMS 0x000000058d000000, 0x000000058d000000| Untracked 
|5173|0x000000058d400000, 0x000000058d400000, 0x000000058d800000|  0%| F|  |TAMS 0x000000058d400000, 0x000000058d400000| Untracked 
|5174|0x000000058d800000, 0x000000058d800000, 0x000000058dc00000|  0%| F|  |TAMS 0x000000058d800000, 0x000000058d800000| Untracked 
|5175|0x000000058dc00000, 0x000000058dc00000, 0x000000058e000000|  0%| F|  |TAMS 0x000000058dc00000, 0x000000058dc00000| Untracked 
|5176|0x000000058e000000, 0x000000058e000000, 0x000000058e400000|  0%| F|  |TAMS 0x000000058e000000, 0x000000058e000000| Untracked 
|5177|0x000000058e400000, 0x000000058e400000, 0x000000058e800000|  0%| F|  |TAMS 0x000000058e400000, 0x000000058e400000| Untracked 
|5178|0x000000058e800000, 0x000000058e800000, 0x000000058ec00000|  0%| F|  |TAMS 0x000000058e800000, 0x000000058e800000| Untracked 
|5179|0x000000058ec00000, 0x000000058ec00000, 0x000000058f000000|  0%| F|  |TAMS 0x000000058ec00000, 0x000000058ec00000| Untracked 
|5180|0x000000058f000000, 0x000000058f000000, 0x000000058f400000|  0%| F|  |TAMS 0x000000058f000000, 0x000000058f000000| Untracked 
|5181|0x000000058f400000, 0x000000058f400000, 0x000000058f800000|  0%| F|  |TAMS 0x000000058f400000, 0x000000058f400000| Untracked 
|5182|0x000000058f800000, 0x000000058f800000, 0x000000058fc00000|  0%| F|  |TAMS 0x000000058f800000, 0x000000058f800000| Untracked 
|5183|0x000000058fc00000, 0x000000058fc00000, 0x0000000590000000|  0%| F|  |TAMS 0x000000058fc00000, 0x000000058fc00000| Untracked 
|5184|0x0000000590000000, 0x0000000590000000, 0x0000000590400000|  0%| F|  |TAMS 0x0000000590000000, 0x0000000590000000| Untracked 
|5185|0x0000000590400000, 0x0000000590400000, 0x0000000590800000|  0%| F|  |TAMS 0x0000000590400000, 0x0000000590400000| Untracked 
|5186|0x0000000590800000, 0x0000000590800000, 0x0000000590c00000|  0%| F|  |TAMS 0x0000000590800000, 0x0000000590800000| Untracked 
|5187|0x0000000590c00000, 0x0000000590c00000, 0x0000000591000000|  0%| F|  |TAMS 0x0000000590c00000, 0x0000000590c00000| Untracked 
|5188|0x0000000591000000, 0x0000000591000000, 0x0000000591400000|  0%| F|  |TAMS 0x0000000591000000, 0x0000000591000000| Untracked 
|5189|0x0000000591400000, 0x0000000591400000, 0x0000000591800000|  0%| F|  |TAMS 0x0000000591400000, 0x0000000591400000| Untracked 
|5190|0x0000000591800000, 0x0000000591800000, 0x0000000591c00000|  0%| F|  |TAMS 0x0000000591800000, 0x0000000591800000| Untracked 
|5191|0x0000000591c00000, 0x0000000591c00000, 0x0000000592000000|  0%| F|  |TAMS 0x0000000591c00000, 0x0000000591c00000| Untracked 
|5192|0x0000000592000000, 0x0000000592000000, 0x0000000592400000|  0%| F|  |TAMS 0x0000000592000000, 0x0000000592000000| Untracked 
|5193|0x0000000592400000, 0x0000000592400000, 0x0000000592800000|  0%| F|  |TAMS 0x0000000592400000, 0x0000000592400000| Untracked 
|5194|0x0000000592800000, 0x0000000592800000, 0x0000000592c00000|  0%| F|  |TAMS 0x0000000592800000, 0x0000000592800000| Untracked 
|5195|0x0000000592c00000, 0x0000000592c00000, 0x0000000593000000|  0%| F|  |TAMS 0x0000000592c00000, 0x0000000592c00000| Untracked 
|5196|0x0000000593000000, 0x0000000593000000, 0x0000000593400000|  0%| F|  |TAMS 0x0000000593000000, 0x0000000593000000| Untracked 
|5197|0x0000000593400000, 0x0000000593400000, 0x0000000593800000|  0%| F|  |TAMS 0x0000000593400000, 0x0000000593400000| Untracked 
|5198|0x0000000593800000, 0x0000000593800000, 0x0000000593c00000|  0%| F|  |TAMS 0x0000000593800000, 0x0000000593800000| Untracked 
|5199|0x0000000593c00000, 0x0000000593c00000, 0x0000000594000000|  0%| F|  |TAMS 0x0000000593c00000, 0x0000000593c00000| Untracked 
|5200|0x0000000594000000, 0x0000000594000000, 0x0000000594400000|  0%| F|  |TAMS 0x0000000594000000, 0x0000000594000000| Untracked 
|5201|0x0000000594400000, 0x0000000594400000, 0x0000000594800000|  0%| F|  |TAMS 0x0000000594400000, 0x0000000594400000| Untracked 
|5202|0x0000000594800000, 0x0000000594800000, 0x0000000594c00000|  0%| F|  |TAMS 0x0000000594800000, 0x0000000594800000| Untracked 
|5203|0x0000000594c00000, 0x0000000594c00000, 0x0000000595000000|  0%| F|  |TAMS 0x0000000594c00000, 0x0000000594c00000| Untracked 
|5204|0x0000000595000000, 0x0000000595000000, 0x0000000595400000|  0%| F|  |TAMS 0x0000000595000000, 0x0000000595000000| Untracked 
|5205|0x0000000595400000, 0x0000000595400000, 0x0000000595800000|  0%| F|  |TAMS 0x0000000595400000, 0x0000000595400000| Untracked 
|5206|0x0000000595800000, 0x0000000595800000, 0x0000000595c00000|  0%| F|  |TAMS 0x0000000595800000, 0x0000000595800000| Untracked 
|5207|0x0000000595c00000, 0x0000000595c00000, 0x0000000596000000|  0%| F|  |TAMS 0x0000000595c00000, 0x0000000595c00000| Untracked 
|5208|0x0000000596000000, 0x0000000596000000, 0x0000000596400000|  0%| F|  |TAMS 0x0000000596000000, 0x0000000596000000| Untracked 
|5209|0x0000000596400000, 0x0000000596400000, 0x0000000596800000|  0%| F|  |TAMS 0x0000000596400000, 0x0000000596400000| Untracked 
|5210|0x0000000596800000, 0x0000000596800000, 0x0000000596c00000|  0%| F|  |TAMS 0x0000000596800000, 0x0000000596800000| Untracked 
|5211|0x0000000596c00000, 0x0000000596c00000, 0x0000000597000000|  0%| F|  |TAMS 0x0000000596c00000, 0x0000000596c00000| Untracked 
|5212|0x0000000597000000, 0x0000000597000000, 0x0000000597400000|  0%| F|  |TAMS 0x0000000597000000, 0x0000000597000000| Untracked 
|5213|0x0000000597400000, 0x0000000597400000, 0x0000000597800000|  0%| F|  |TAMS 0x0000000597400000, 0x0000000597400000| Untracked 
|5214|0x0000000597800000, 0x0000000597800000, 0x0000000597c00000|  0%| F|  |TAMS 0x0000000597800000, 0x0000000597800000| Untracked 
|5215|0x0000000597c00000, 0x0000000597c00000, 0x0000000598000000|  0%| F|  |TAMS 0x0000000597c00000, 0x0000000597c00000| Untracked 
|5216|0x0000000598000000, 0x0000000598000000, 0x0000000598400000|  0%| F|  |TAMS 0x0000000598000000, 0x0000000598000000| Untracked 
|5217|0x0000000598400000, 0x0000000598400000, 0x0000000598800000|  0%| F|  |TAMS 0x0000000598400000, 0x0000000598400000| Untracked 
|5218|0x0000000598800000, 0x0000000598800000, 0x0000000598c00000|  0%| F|  |TAMS 0x0000000598800000, 0x0000000598800000| Untracked 
|5219|0x0000000598c00000, 0x0000000598c00000, 0x0000000599000000|  0%| F|  |TAMS 0x0000000598c00000, 0x0000000598c00000| Untracked 
|5220|0x0000000599000000, 0x0000000599000000, 0x0000000599400000|  0%| F|  |TAMS 0x0000000599000000, 0x0000000599000000| Untracked 
|5221|0x0000000599400000, 0x0000000599400000, 0x0000000599800000|  0%| F|  |TAMS 0x0000000599400000, 0x0000000599400000| Untracked 
|5222|0x0000000599800000, 0x0000000599800000, 0x0000000599c00000|  0%| F|  |TAMS 0x0000000599800000, 0x0000000599800000| Untracked 
|5223|0x0000000599c00000, 0x0000000599c00000, 0x000000059a000000|  0%| F|  |TAMS 0x0000000599c00000, 0x0000000599c00000| Untracked 
|5224|0x000000059a000000, 0x000000059a000000, 0x000000059a400000|  0%| F|  |TAMS 0x000000059a000000, 0x000000059a000000| Untracked 
|5225|0x000000059a400000, 0x000000059a400000, 0x000000059a800000|  0%| F|  |TAMS 0x000000059a400000, 0x000000059a400000| Untracked 
|5226|0x000000059a800000, 0x000000059a800000, 0x000000059ac00000|  0%| F|  |TAMS 0x000000059a800000, 0x000000059a800000| Untracked 
|5227|0x000000059ac00000, 0x000000059ac00000, 0x000000059b000000|  0%| F|  |TAMS 0x000000059ac00000, 0x000000059ac00000| Untracked 
|5228|0x000000059b000000, 0x000000059b000000, 0x000000059b400000|  0%| F|  |TAMS 0x000000059b000000, 0x000000059b000000| Untracked 
|5229|0x000000059b400000, 0x000000059b400000, 0x000000059b800000|  0%| F|  |TAMS 0x000000059b400000, 0x000000059b400000| Untracked 
|5230|0x000000059b800000, 0x000000059b800000, 0x000000059bc00000|  0%| F|  |TAMS 0x000000059b800000, 0x000000059b800000| Untracked 
|5231|0x000000059bc00000, 0x000000059bc00000, 0x000000059c000000|  0%| F|  |TAMS 0x000000059bc00000, 0x000000059bc00000| Untracked 
|5232|0x000000059c000000, 0x000000059c000000, 0x000000059c400000|  0%| F|  |TAMS 0x000000059c000000, 0x000000059c000000| Untracked 
|5233|0x000000059c400000, 0x000000059c400000, 0x000000059c800000|  0%| F|  |TAMS 0x000000059c400000, 0x000000059c400000| Untracked 
|5234|0x000000059c800000, 0x000000059c800000, 0x000000059cc00000|  0%| F|  |TAMS 0x000000059c800000, 0x000000059c800000| Untracked 
|5235|0x000000059cc00000, 0x000000059cc00000, 0x000000059d000000|  0%| F|  |TAMS 0x000000059cc00000, 0x000000059cc00000| Untracked 
|5236|0x000000059d000000, 0x000000059d000000, 0x000000059d400000|  0%| F|  |TAMS 0x000000059d000000, 0x000000059d000000| Untracked 
|5237|0x000000059d400000, 0x000000059d400000, 0x000000059d800000|  0%| F|  |TAMS 0x000000059d400000, 0x000000059d400000| Untracked 
|5238|0x000000059d800000, 0x000000059d800000, 0x000000059dc00000|  0%| F|  |TAMS 0x000000059d800000, 0x000000059d800000| Untracked 
|5239|0x000000059dc00000, 0x000000059dc00000, 0x000000059e000000|  0%| F|  |TAMS 0x000000059dc00000, 0x000000059dc00000| Untracked 
|5240|0x000000059e000000, 0x000000059e000000, 0x000000059e400000|  0%| F|  |TAMS 0x000000059e000000, 0x000000059e000000| Untracked 
|5241|0x000000059e400000, 0x000000059e400000, 0x000000059e800000|  0%| F|  |TAMS 0x000000059e400000, 0x000000059e400000| Untracked 
|5242|0x000000059e800000, 0x000000059e800000, 0x000000059ec00000|  0%| F|  |TAMS 0x000000059e800000, 0x000000059e800000| Untracked 
|5243|0x000000059ec00000, 0x000000059ec00000, 0x000000059f000000|  0%| F|  |TAMS 0x000000059ec00000, 0x000000059ec00000| Untracked 
|5244|0x000000059f000000, 0x000000059f000000, 0x000000059f400000|  0%| F|  |TAMS 0x000000059f000000, 0x000000059f000000| Untracked 
|5245|0x000000059f400000, 0x000000059f400000, 0x000000059f800000|  0%| F|  |TAMS 0x000000059f400000, 0x000000059f400000| Untracked 
|5246|0x000000059f800000, 0x000000059f800000, 0x000000059fc00000|  0%| F|  |TAMS 0x000000059f800000, 0x000000059f800000| Untracked 
|5247|0x000000059fc00000, 0x000000059fc00000, 0x00000005a0000000|  0%| F|  |TAMS 0x000000059fc00000, 0x000000059fc00000| Untracked 
|5248|0x00000005a0000000, 0x00000005a0000000, 0x00000005a0400000|  0%| F|  |TAMS 0x00000005a0000000, 0x00000005a0000000| Untracked 
|5249|0x00000005a0400000, 0x00000005a0400000, 0x00000005a0800000|  0%| F|  |TAMS 0x00000005a0400000, 0x00000005a0400000| Untracked 
|5250|0x00000005a0800000, 0x00000005a0800000, 0x00000005a0c00000|  0%| F|  |TAMS 0x00000005a0800000, 0x00000005a0800000| Untracked 
|5251|0x00000005a0c00000, 0x00000005a0c00000, 0x00000005a1000000|  0%| F|  |TAMS 0x00000005a0c00000, 0x00000005a0c00000| Untracked 
|5252|0x00000005a1000000, 0x00000005a1000000, 0x00000005a1400000|  0%| F|  |TAMS 0x00000005a1000000, 0x00000005a1000000| Untracked 
|5253|0x00000005a1400000, 0x00000005a1400000, 0x00000005a1800000|  0%| F|  |TAMS 0x00000005a1400000, 0x00000005a1400000| Untracked 
|5254|0x00000005a1800000, 0x00000005a1800000, 0x00000005a1c00000|  0%| F|  |TAMS 0x00000005a1800000, 0x00000005a1800000| Untracked 
|5255|0x00000005a1c00000, 0x00000005a1c00000, 0x00000005a2000000|  0%| F|  |TAMS 0x00000005a1c00000, 0x00000005a1c00000| Untracked 
|5256|0x00000005a2000000, 0x00000005a2000000, 0x00000005a2400000|  0%| F|  |TAMS 0x00000005a2000000, 0x00000005a2000000| Untracked 
|5257|0x00000005a2400000, 0x00000005a2400000, 0x00000005a2800000|  0%| F|  |TAMS 0x00000005a2400000, 0x00000005a2400000| Untracked 
|5258|0x00000005a2800000, 0x00000005a2800000, 0x00000005a2c00000|  0%| F|  |TAMS 0x00000005a2800000, 0x00000005a2800000| Untracked 
|5259|0x00000005a2c00000, 0x00000005a2c00000, 0x00000005a3000000|  0%| F|  |TAMS 0x00000005a2c00000, 0x00000005a2c00000| Untracked 
|5260|0x00000005a3000000, 0x00000005a3000000, 0x00000005a3400000|  0%| F|  |TAMS 0x00000005a3000000, 0x00000005a3000000| Untracked 
|5261|0x00000005a3400000, 0x00000005a3400000, 0x00000005a3800000|  0%| F|  |TAMS 0x00000005a3400000, 0x00000005a3400000| Untracked 
|5262|0x00000005a3800000, 0x00000005a3800000, 0x00000005a3c00000|  0%| F|  |TAMS 0x00000005a3800000, 0x00000005a3800000| Untracked 
|5263|0x00000005a3c00000, 0x00000005a3c00000, 0x00000005a4000000|  0%| F|  |TAMS 0x00000005a3c00000, 0x00000005a3c00000| Untracked 
|5264|0x00000005a4000000, 0x00000005a4000000, 0x00000005a4400000|  0%| F|  |TAMS 0x00000005a4000000, 0x00000005a4000000| Untracked 
|5265|0x00000005a4400000, 0x00000005a4400000, 0x00000005a4800000|  0%| F|  |TAMS 0x00000005a4400000, 0x00000005a4400000| Untracked 
|5266|0x00000005a4800000, 0x00000005a4800000, 0x00000005a4c00000|  0%| F|  |TAMS 0x00000005a4800000, 0x00000005a4800000| Untracked 
|5267|0x00000005a4c00000, 0x00000005a4c00000, 0x00000005a5000000|  0%| F|  |TAMS 0x00000005a4c00000, 0x00000005a4c00000| Untracked 
|5268|0x00000005a5000000, 0x00000005a5000000, 0x00000005a5400000|  0%| F|  |TAMS 0x00000005a5000000, 0x00000005a5000000| Untracked 
|5269|0x00000005a5400000, 0x00000005a5400000, 0x00000005a5800000|  0%| F|  |TAMS 0x00000005a5400000, 0x00000005a5400000| Untracked 
|5270|0x00000005a5800000, 0x00000005a5800000, 0x00000005a5c00000|  0%| F|  |TAMS 0x00000005a5800000, 0x00000005a5800000| Untracked 
|5271|0x00000005a5c00000, 0x00000005a5c00000, 0x00000005a6000000|  0%| F|  |TAMS 0x00000005a5c00000, 0x00000005a5c00000| Untracked 
|5272|0x00000005a6000000, 0x00000005a6000000, 0x00000005a6400000|  0%| F|  |TAMS 0x00000005a6000000, 0x00000005a6000000| Untracked 
|5273|0x00000005a6400000, 0x00000005a6400000, 0x00000005a6800000|  0%| F|  |TAMS 0x00000005a6400000, 0x00000005a6400000| Untracked 
|5274|0x00000005a6800000, 0x00000005a6800000, 0x00000005a6c00000|  0%| F|  |TAMS 0x00000005a6800000, 0x00000005a6800000| Untracked 
|5275|0x00000005a6c00000, 0x00000005a6c00000, 0x00000005a7000000|  0%| F|  |TAMS 0x00000005a6c00000, 0x00000005a6c00000| Untracked 
|5276|0x00000005a7000000, 0x00000005a7000000, 0x00000005a7400000|  0%| F|  |TAMS 0x00000005a7000000, 0x00000005a7000000| Untracked 
|5277|0x00000005a7400000, 0x00000005a7400000, 0x00000005a7800000|  0%| F|  |TAMS 0x00000005a7400000, 0x00000005a7400000| Untracked 
|5278|0x00000005a7800000, 0x00000005a7800000, 0x00000005a7c00000|  0%| F|  |TAMS 0x00000005a7800000, 0x00000005a7800000| Untracked 
|5279|0x00000005a7c00000, 0x00000005a7c00000, 0x00000005a8000000|  0%| F|  |TAMS 0x00000005a7c00000, 0x00000005a7c00000| Untracked 
|5280|0x00000005a8000000, 0x00000005a8000000, 0x00000005a8400000|  0%| F|  |TAMS 0x00000005a8000000, 0x00000005a8000000| Untracked 
|5281|0x00000005a8400000, 0x00000005a8400000, 0x00000005a8800000|  0%| F|  |TAMS 0x00000005a8400000, 0x00000005a8400000| Untracked 
|5282|0x00000005a8800000, 0x00000005a8800000, 0x00000005a8c00000|  0%| F|  |TAMS 0x00000005a8800000, 0x00000005a8800000| Untracked 
|5283|0x00000005a8c00000, 0x00000005a8c00000, 0x00000005a9000000|  0%| F|  |TAMS 0x00000005a8c00000, 0x00000005a8c00000| Untracked 
|5284|0x00000005a9000000, 0x00000005a9000000, 0x00000005a9400000|  0%| F|  |TAMS 0x00000005a9000000, 0x00000005a9000000| Untracked 
|5285|0x00000005a9400000, 0x00000005a9400000, 0x00000005a9800000|  0%| F|  |TAMS 0x00000005a9400000, 0x00000005a9400000| Untracked 
|5286|0x00000005a9800000, 0x00000005a9800000, 0x00000005a9c00000|  0%| F|  |TAMS 0x00000005a9800000, 0x00000005a9800000| Untracked 
|5287|0x00000005a9c00000, 0x00000005a9c00000, 0x00000005aa000000|  0%| F|  |TAMS 0x00000005a9c00000, 0x00000005a9c00000| Untracked 
|5288|0x00000005aa000000, 0x00000005aa000000, 0x00000005aa400000|  0%| F|  |TAMS 0x00000005aa000000, 0x00000005aa000000| Untracked 
|5289|0x00000005aa400000, 0x00000005aa400000, 0x00000005aa800000|  0%| F|  |TAMS 0x00000005aa400000, 0x00000005aa400000| Untracked 
|5290|0x00000005aa800000, 0x00000005aa800000, 0x00000005aac00000|  0%| F|  |TAMS 0x00000005aa800000, 0x00000005aa800000| Untracked 
|5291|0x00000005aac00000, 0x00000005aac00000, 0x00000005ab000000|  0%| F|  |TAMS 0x00000005aac00000, 0x00000005aac00000| Untracked 
|5292|0x00000005ab000000, 0x00000005ab000000, 0x00000005ab400000|  0%| F|  |TAMS 0x00000005ab000000, 0x00000005ab000000| Untracked 
|5293|0x00000005ab400000, 0x00000005ab400000, 0x00000005ab800000|  0%| F|  |TAMS 0x00000005ab400000, 0x00000005ab400000| Untracked 
|5294|0x00000005ab800000, 0x00000005ab800000, 0x00000005abc00000|  0%| F|  |TAMS 0x00000005ab800000, 0x00000005ab800000| Untracked 
|5295|0x00000005abc00000, 0x00000005abc00000, 0x00000005ac000000|  0%| F|  |TAMS 0x00000005abc00000, 0x00000005abc00000| Untracked 
|5296|0x00000005ac000000, 0x00000005ac000000, 0x00000005ac400000|  0%| F|  |TAMS 0x00000005ac000000, 0x00000005ac000000| Untracked 
|5297|0x00000005ac400000, 0x00000005ac400000, 0x00000005ac800000|  0%| F|  |TAMS 0x00000005ac400000, 0x00000005ac400000| Untracked 
|5298|0x00000005ac800000, 0x00000005ac800000, 0x00000005acc00000|  0%| F|  |TAMS 0x00000005ac800000, 0x00000005ac800000| Untracked 
|5299|0x00000005acc00000, 0x00000005acc00000, 0x00000005ad000000|  0%| F|  |TAMS 0x00000005acc00000, 0x00000005acc00000| Untracked 
|5300|0x00000005ad000000, 0x00000005ad000000, 0x00000005ad400000|  0%| F|  |TAMS 0x00000005ad000000, 0x00000005ad000000| Untracked 
|5301|0x00000005ad400000, 0x00000005ad400000, 0x00000005ad800000|  0%| F|  |TAMS 0x00000005ad400000, 0x00000005ad400000| Untracked 
|5302|0x00000005ad800000, 0x00000005ad800000, 0x00000005adc00000|  0%| F|  |TAMS 0x00000005ad800000, 0x00000005ad800000| Untracked 
|5303|0x00000005adc00000, 0x00000005adc00000, 0x00000005ae000000|  0%| F|  |TAMS 0x00000005adc00000, 0x00000005adc00000| Untracked 
|5304|0x00000005ae000000, 0x00000005ae000000, 0x00000005ae400000|  0%| F|  |TAMS 0x00000005ae000000, 0x00000005ae000000| Untracked 
|5305|0x00000005ae400000, 0x00000005ae400000, 0x00000005ae800000|  0%| F|  |TAMS 0x00000005ae400000, 0x00000005ae400000| Untracked 
|5306|0x00000005ae800000, 0x00000005ae800000, 0x00000005aec00000|  0%| F|  |TAMS 0x00000005ae800000, 0x00000005ae800000| Untracked 
|5307|0x00000005aec00000, 0x00000005aec00000, 0x00000005af000000|  0%| F|  |TAMS 0x00000005aec00000, 0x00000005aec00000| Untracked 
|5308|0x00000005af000000, 0x00000005af000000, 0x00000005af400000|  0%| F|  |TAMS 0x00000005af000000, 0x00000005af000000| Untracked 
|5309|0x00000005af400000, 0x00000005af400000, 0x00000005af800000|  0%| F|  |TAMS 0x00000005af400000, 0x00000005af400000| Untracked 
|5310|0x00000005af800000, 0x00000005af800000, 0x00000005afc00000|  0%| F|  |TAMS 0x00000005af800000, 0x00000005af800000| Untracked 
|5311|0x00000005afc00000, 0x00000005afc00000, 0x00000005b0000000|  0%| F|  |TAMS 0x00000005afc00000, 0x00000005afc00000| Untracked 
|5312|0x00000005b0000000, 0x00000005b0000000, 0x00000005b0400000|  0%| F|  |TAMS 0x00000005b0000000, 0x00000005b0000000| Untracked 
|5313|0x00000005b0400000, 0x00000005b0400000, 0x00000005b0800000|  0%| F|  |TAMS 0x00000005b0400000, 0x00000005b0400000| Untracked 
|5314|0x00000005b0800000, 0x00000005b0800000, 0x00000005b0c00000|  0%| F|  |TAMS 0x00000005b0800000, 0x00000005b0800000| Untracked 
|5315|0x00000005b0c00000, 0x00000005b0c00000, 0x00000005b1000000|  0%| F|  |TAMS 0x00000005b0c00000, 0x00000005b0c00000| Untracked 
|5316|0x00000005b1000000, 0x00000005b1000000, 0x00000005b1400000|  0%| F|  |TAMS 0x00000005b1000000, 0x00000005b1000000| Untracked 
|5317|0x00000005b1400000, 0x00000005b1400000, 0x00000005b1800000|  0%| F|  |TAMS 0x00000005b1400000, 0x00000005b1400000| Untracked 
|5318|0x00000005b1800000, 0x00000005b1800000, 0x00000005b1c00000|  0%| F|  |TAMS 0x00000005b1800000, 0x00000005b1800000| Untracked 
|5319|0x00000005b1c00000, 0x00000005b1c00000, 0x00000005b2000000|  0%| F|  |TAMS 0x00000005b1c00000, 0x00000005b1c00000| Untracked 
|5320|0x00000005b2000000, 0x00000005b2000000, 0x00000005b2400000|  0%| F|  |TAMS 0x00000005b2000000, 0x00000005b2000000| Untracked 
|5321|0x00000005b2400000, 0x00000005b2400000, 0x00000005b2800000|  0%| F|  |TAMS 0x00000005b2400000, 0x00000005b2400000| Untracked 
|5322|0x00000005b2800000, 0x00000005b2800000, 0x00000005b2c00000|  0%| F|  |TAMS 0x00000005b2800000, 0x00000005b2800000| Untracked 
|5323|0x00000005b2c00000, 0x00000005b2c00000, 0x00000005b3000000|  0%| F|  |TAMS 0x00000005b2c00000, 0x00000005b2c00000| Untracked 
|5324|0x00000005b3000000, 0x00000005b3000000, 0x00000005b3400000|  0%| F|  |TAMS 0x00000005b3000000, 0x00000005b3000000| Untracked 
|5325|0x00000005b3400000, 0x00000005b3400000, 0x00000005b3800000|  0%| F|  |TAMS 0x00000005b3400000, 0x00000005b3400000| Untracked 
|5326|0x00000005b3800000, 0x00000005b3800000, 0x00000005b3c00000|  0%| F|  |TAMS 0x00000005b3800000, 0x00000005b3800000| Untracked 
|5327|0x00000005b3c00000, 0x00000005b3c00000, 0x00000005b4000000|  0%| F|  |TAMS 0x00000005b3c00000, 0x00000005b3c00000| Untracked 
|5328|0x00000005b4000000, 0x00000005b4000000, 0x00000005b4400000|  0%| F|  |TAMS 0x00000005b4000000, 0x00000005b4000000| Untracked 
|5329|0x00000005b4400000, 0x00000005b4400000, 0x00000005b4800000|  0%| F|  |TAMS 0x00000005b4400000, 0x00000005b4400000| Untracked 
|5330|0x00000005b4800000, 0x00000005b4800000, 0x00000005b4c00000|  0%| F|  |TAMS 0x00000005b4800000, 0x00000005b4800000| Untracked 
|5331|0x00000005b4c00000, 0x00000005b4c00000, 0x00000005b5000000|  0%| F|  |TAMS 0x00000005b4c00000, 0x00000005b4c00000| Untracked 
|5332|0x00000005b5000000, 0x00000005b5000000, 0x00000005b5400000|  0%| F|  |TAMS 0x00000005b5000000, 0x00000005b5000000| Untracked 
|5333|0x00000005b5400000, 0x00000005b5400000, 0x00000005b5800000|  0%| F|  |TAMS 0x00000005b5400000, 0x00000005b5400000| Untracked 
|5334|0x00000005b5800000, 0x00000005b5800000, 0x00000005b5c00000|  0%| F|  |TAMS 0x00000005b5800000, 0x00000005b5800000| Untracked 
|5335|0x00000005b5c00000, 0x00000005b5c00000, 0x00000005b6000000|  0%| F|  |TAMS 0x00000005b5c00000, 0x00000005b5c00000| Untracked 
|5336|0x00000005b6000000, 0x00000005b6000000, 0x00000005b6400000|  0%| F|  |TAMS 0x00000005b6000000, 0x00000005b6000000| Untracked 
|5337|0x00000005b6400000, 0x00000005b66d27c0, 0x00000005b6800000| 70%| E|  |TAMS 0x00000005b6400000, 0x00000005b6400000| Complete 
|5338|0x00000005b6800000, 0x00000005b6c00000, 0x00000005b6c00000|100%| E|CS|TAMS 0x00000005b6800000, 0x00000005b6800000| Complete 
|5339|0x00000005b6c00000, 0x00000005b7000000, 0x00000005b7000000|100%| E|CS|TAMS 0x00000005b6c00000, 0x00000005b6c00000| Complete 
|5340|0x00000005b7000000, 0x00000005b7400000, 0x00000005b7400000|100%| E|CS|TAMS 0x00000005b7000000, 0x00000005b7000000| Complete 
|5341|0x00000005b7400000, 0x00000005b7800000, 0x00000005b7800000|100%| E|CS|TAMS 0x00000005b7400000, 0x00000005b7400000| Complete 
|5342|0x00000005b7800000, 0x00000005b7c00000, 0x00000005b7c00000|100%| E|CS|TAMS 0x00000005b7800000, 0x00000005b7800000| Complete 
|5343|0x00000005b7c00000, 0x00000005b8000000, 0x00000005b8000000|100%| E|CS|TAMS 0x00000005b7c00000, 0x00000005b7c00000| Complete 
|5344|0x00000005b8000000, 0x00000005b8400000, 0x00000005b8400000|100%| E|CS|TAMS 0x00000005b8000000, 0x00000005b8000000| Complete 
|5345|0x00000005b8400000, 0x00000005b8800000, 0x00000005b8800000|100%| E|CS|TAMS 0x00000005b8400000, 0x00000005b8400000| Complete 
|5346|0x00000005b8800000, 0x00000005b8c00000, 0x00000005b8c00000|100%| E|CS|TAMS 0x00000005b8800000, 0x00000005b8800000| Complete 
|5347|0x00000005b8c00000, 0x00000005b9000000, 0x00000005b9000000|100%| E|CS|TAMS 0x00000005b8c00000, 0x00000005b8c00000| Complete 
|5348|0x00000005b9000000, 0x00000005b9400000, 0x00000005b9400000|100%| E|CS|TAMS 0x00000005b9000000, 0x00000005b9000000| Complete 
|5349|0x00000005b9400000, 0x00000005b9800000, 0x00000005b9800000|100%| E|CS|TAMS 0x00000005b9400000, 0x00000005b9400000| Complete 
|5350|0x00000005b9800000, 0x00000005b9c00000, 0x00000005b9c00000|100%| E|CS|TAMS 0x00000005b9800000, 0x00000005b9800000| Complete 
|5351|0x00000005b9c00000, 0x00000005ba000000, 0x00000005ba000000|100%| E|CS|TAMS 0x00000005b9c00000, 0x00000005b9c00000| Complete 
|5352|0x00000005ba000000, 0x00000005ba400000, 0x00000005ba400000|100%| E|CS|TAMS 0x00000005ba000000, 0x00000005ba000000| Complete 
|5353|0x00000005ba400000, 0x00000005ba800000, 0x00000005ba800000|100%| E|CS|TAMS 0x00000005ba400000, 0x00000005ba400000| Complete 
|5354|0x00000005ba800000, 0x00000005bac00000, 0x00000005bac00000|100%| E|CS|TAMS 0x00000005ba800000, 0x00000005ba800000| Complete 
|5355|0x00000005bac00000, 0x00000005bb000000, 0x00000005bb000000|100%| E|CS|TAMS 0x00000005bac00000, 0x00000005bac00000| Complete 
|5356|0x00000005bb000000, 0x00000005bb400000, 0x00000005bb400000|100%| E|CS|TAMS 0x00000005bb000000, 0x00000005bb000000| Complete 
|5357|0x00000005bb400000, 0x00000005bb800000, 0x00000005bb800000|100%| E|CS|TAMS 0x00000005bb400000, 0x00000005bb400000| Complete 
|5358|0x00000005bb800000, 0x00000005bbc00000, 0x00000005bbc00000|100%| E|CS|TAMS 0x00000005bb800000, 0x00000005bb800000| Complete 
|5359|0x00000005bbc00000, 0x00000005bc000000, 0x00000005bc000000|100%| E|CS|TAMS 0x00000005bbc00000, 0x00000005bbc00000| Complete 
|5360|0x00000005bc000000, 0x00000005bc400000, 0x00000005bc400000|100%| E|CS|TAMS 0x00000005bc000000, 0x00000005bc000000| Complete 
|5361|0x00000005bc400000, 0x00000005bc800000, 0x00000005bc800000|100%| E|CS|TAMS 0x00000005bc400000, 0x00000005bc400000| Complete 
|5362|0x00000005bc800000, 0x00000005bcc00000, 0x00000005bcc00000|100%| E|CS|TAMS 0x00000005bc800000, 0x00000005bc800000| Complete 
|5363|0x00000005bcc00000, 0x00000005bd000000, 0x00000005bd000000|100%| E|CS|TAMS 0x00000005bcc00000, 0x00000005bcc00000| Complete 
|5364|0x00000005bd000000, 0x00000005bd400000, 0x00000005bd400000|100%| E|CS|TAMS 0x00000005bd000000, 0x00000005bd000000| Complete 
|5365|0x00000005bd400000, 0x00000005bd800000, 0x00000005bd800000|100%| E|CS|TAMS 0x00000005bd400000, 0x00000005bd400000| Complete 
|5366|0x00000005bd800000, 0x00000005bdc00000, 0x00000005bdc00000|100%| E|CS|TAMS 0x00000005bd800000, 0x00000005bd800000| Complete 
|5367|0x00000005bdc00000, 0x00000005be000000, 0x00000005be000000|100%| E|CS|TAMS 0x00000005bdc00000, 0x00000005bdc00000| Complete 
|5368|0x00000005be000000, 0x00000005be400000, 0x00000005be400000|100%| E|CS|TAMS 0x00000005be000000, 0x00000005be000000| Complete 
|5369|0x00000005be400000, 0x00000005be800000, 0x00000005be800000|100%| E|CS|TAMS 0x00000005be400000, 0x00000005be400000| Complete 
|5370|0x00000005be800000, 0x00000005bec00000, 0x00000005bec00000|100%| E|CS|TAMS 0x00000005be800000, 0x00000005be800000| Complete 
|5371|0x00000005bec00000, 0x00000005bf000000, 0x00000005bf000000|100%| E|CS|TAMS 0x00000005bec00000, 0x00000005bec00000| Complete 
|5372|0x00000005bf000000, 0x00000005bf400000, 0x00000005bf400000|100%| E|CS|TAMS 0x00000005bf000000, 0x00000005bf000000| Complete 
|5373|0x00000005bf400000, 0x00000005bf800000, 0x00000005bf800000|100%| E|CS|TAMS 0x00000005bf400000, 0x00000005bf400000| Complete 
|5374|0x00000005bf800000, 0x00000005bfc00000, 0x00000005bfc00000|100%| E|CS|TAMS 0x00000005bf800000, 0x00000005bf800000| Complete 
|5375|0x00000005bfc00000, 0x00000005c0000000, 0x00000005c0000000|100%| E|CS|TAMS 0x00000005bfc00000, 0x00000005bfc00000| Complete 
|5376|0x00000005c0000000, 0x00000005c0400000, 0x00000005c0400000|100%| E|CS|TAMS 0x00000005c0000000, 0x00000005c0000000| Complete 
|5377|0x00000005c0400000, 0x00000005c0800000, 0x00000005c0800000|100%| E|CS|TAMS 0x00000005c0400000, 0x00000005c0400000| Complete 
|5378|0x00000005c0800000, 0x00000005c0c00000, 0x00000005c0c00000|100%| E|CS|TAMS 0x00000005c0800000, 0x00000005c0800000| Complete 
|5379|0x00000005c0c00000, 0x00000005c1000000, 0x00000005c1000000|100%| E|CS|TAMS 0x00000005c0c00000, 0x00000005c0c00000| Complete 
|5380|0x00000005c1000000, 0x00000005c1400000, 0x00000005c1400000|100%| E|CS|TAMS 0x00000005c1000000, 0x00000005c1000000| Complete 
|5381|0x00000005c1400000, 0x00000005c1800000, 0x00000005c1800000|100%| E|CS|TAMS 0x00000005c1400000, 0x00000005c1400000| Complete 
|5382|0x00000005c1800000, 0x00000005c1c00000, 0x00000005c1c00000|100%| E|CS|TAMS 0x00000005c1800000, 0x00000005c1800000| Complete 
|5383|0x00000005c1c00000, 0x00000005c2000000, 0x00000005c2000000|100%| E|CS|TAMS 0x00000005c1c00000, 0x00000005c1c00000| Complete 
|5384|0x00000005c2000000, 0x00000005c2400000, 0x00000005c2400000|100%| E|CS|TAMS 0x00000005c2000000, 0x00000005c2000000| Complete 
|5385|0x00000005c2400000, 0x00000005c2800000, 0x00000005c2800000|100%| E|CS|TAMS 0x00000005c2400000, 0x00000005c2400000| Complete 
|5386|0x00000005c2800000, 0x00000005c2c00000, 0x00000005c2c00000|100%| E|CS|TAMS 0x00000005c2800000, 0x00000005c2800000| Complete 
|5387|0x00000005c2c00000, 0x00000005c3000000, 0x00000005c3000000|100%| E|CS|TAMS 0x00000005c2c00000, 0x00000005c2c00000| Complete 
|5388|0x00000005c3000000, 0x00000005c3400000, 0x00000005c3400000|100%| E|CS|TAMS 0x00000005c3000000, 0x00000005c3000000| Complete 
|5389|0x00000005c3400000, 0x00000005c3800000, 0x00000005c3800000|100%| E|CS|TAMS 0x00000005c3400000, 0x00000005c3400000| Complete 
|5390|0x00000005c3800000, 0x00000005c3c00000, 0x00000005c3c00000|100%| E|CS|TAMS 0x00000005c3800000, 0x00000005c3800000| Complete 
|5391|0x00000005c3c00000, 0x00000005c4000000, 0x00000005c4000000|100%| E|CS|TAMS 0x00000005c3c00000, 0x00000005c3c00000| Complete 
|5392|0x00000005c4000000, 0x00000005c4400000, 0x00000005c4400000|100%| E|CS|TAMS 0x00000005c4000000, 0x00000005c4000000| Complete 
|5393|0x00000005c4400000, 0x00000005c4800000, 0x00000005c4800000|100%| E|CS|TAMS 0x00000005c4400000, 0x00000005c4400000| Complete 
|5394|0x00000005c4800000, 0x00000005c4c00000, 0x00000005c4c00000|100%| E|CS|TAMS 0x00000005c4800000, 0x00000005c4800000| Complete 
|5395|0x00000005c4c00000, 0x00000005c5000000, 0x00000005c5000000|100%| E|CS|TAMS 0x00000005c4c00000, 0x00000005c4c00000| Complete 
|5396|0x00000005c5000000, 0x00000005c5400000, 0x00000005c5400000|100%| E|CS|TAMS 0x00000005c5000000, 0x00000005c5000000| Complete 
|5397|0x00000005c5400000, 0x00000005c5800000, 0x00000005c5800000|100%| E|CS|TAMS 0x00000005c5400000, 0x00000005c5400000| Complete 
|5398|0x00000005c5800000, 0x00000005c5c00000, 0x00000005c5c00000|100%| E|CS|TAMS 0x00000005c5800000, 0x00000005c5800000| Complete 
|5399|0x00000005c5c00000, 0x00000005c6000000, 0x00000005c6000000|100%| E|CS|TAMS 0x00000005c5c00000, 0x00000005c5c00000| Complete 
|5400|0x00000005c6000000, 0x00000005c6400000, 0x00000005c6400000|100%| E|CS|TAMS 0x00000005c6000000, 0x00000005c6000000| Complete 
|5401|0x00000005c6400000, 0x00000005c6800000, 0x00000005c6800000|100%| E|CS|TAMS 0x00000005c6400000, 0x00000005c6400000| Complete 
|5402|0x00000005c6800000, 0x00000005c6c00000, 0x00000005c6c00000|100%| E|CS|TAMS 0x00000005c6800000, 0x00000005c6800000| Complete 
|5403|0x00000005c6c00000, 0x00000005c7000000, 0x00000005c7000000|100%| E|CS|TAMS 0x00000005c6c00000, 0x00000005c6c00000| Complete 
|5404|0x00000005c7000000, 0x00000005c7400000, 0x00000005c7400000|100%| E|CS|TAMS 0x00000005c7000000, 0x00000005c7000000| Complete 
|5405|0x00000005c7400000, 0x00000005c7800000, 0x00000005c7800000|100%| E|CS|TAMS 0x00000005c7400000, 0x00000005c7400000| Complete 
|5406|0x00000005c7800000, 0x00000005c7c00000, 0x00000005c7c00000|100%| E|CS|TAMS 0x00000005c7800000, 0x00000005c7800000| Complete 
|5407|0x00000005c7c00000, 0x00000005c8000000, 0x00000005c8000000|100%| E|CS|TAMS 0x00000005c7c00000, 0x00000005c7c00000| Complete 
|5408|0x00000005c8000000, 0x00000005c8400000, 0x00000005c8400000|100%| E|CS|TAMS 0x00000005c8000000, 0x00000005c8000000| Complete 
|5409|0x00000005c8400000, 0x00000005c8800000, 0x00000005c8800000|100%| E|CS|TAMS 0x00000005c8400000, 0x00000005c8400000| Complete 
|5410|0x00000005c8800000, 0x00000005c8c00000, 0x00000005c8c00000|100%| E|CS|TAMS 0x00000005c8800000, 0x00000005c8800000| Complete 
|5411|0x00000005c8c00000, 0x00000005c9000000, 0x00000005c9000000|100%| E|CS|TAMS 0x00000005c8c00000, 0x00000005c8c00000| Complete 
|5412|0x00000005c9000000, 0x00000005c9400000, 0x00000005c9400000|100%| E|CS|TAMS 0x00000005c9000000, 0x00000005c9000000| Complete 
|5413|0x00000005c9400000, 0x00000005c9800000, 0x00000005c9800000|100%| E|CS|TAMS 0x00000005c9400000, 0x00000005c9400000| Complete 
|5414|0x00000005c9800000, 0x00000005c9c00000, 0x00000005c9c00000|100%| E|CS|TAMS 0x00000005c9800000, 0x00000005c9800000| Complete 
|5415|0x00000005c9c00000, 0x00000005ca000000, 0x00000005ca000000|100%| E|CS|TAMS 0x00000005c9c00000, 0x00000005c9c00000| Complete 
|5416|0x00000005ca000000, 0x00000005ca400000, 0x00000005ca400000|100%| E|CS|TAMS 0x00000005ca000000, 0x00000005ca000000| Complete 
|5417|0x00000005ca400000, 0x00000005ca800000, 0x00000005ca800000|100%| E|CS|TAMS 0x00000005ca400000, 0x00000005ca400000| Complete 
|5418|0x00000005ca800000, 0x00000005cac00000, 0x00000005cac00000|100%| E|CS|TAMS 0x00000005ca800000, 0x00000005ca800000| Complete 
|5419|0x00000005cac00000, 0x00000005cb000000, 0x00000005cb000000|100%| E|CS|TAMS 0x00000005cac00000, 0x00000005cac00000| Complete 
|5420|0x00000005cb000000, 0x00000005cb400000, 0x00000005cb400000|100%| E|CS|TAMS 0x00000005cb000000, 0x00000005cb000000| Complete 
|5421|0x00000005cb400000, 0x00000005cb800000, 0x00000005cb800000|100%| E|CS|TAMS 0x00000005cb400000, 0x00000005cb400000| Complete 
|5422|0x00000005cb800000, 0x00000005cbc00000, 0x00000005cbc00000|100%| E|CS|TAMS 0x00000005cb800000, 0x00000005cb800000| Complete 
|5423|0x00000005cbc00000, 0x00000005cc000000, 0x00000005cc000000|100%| E|CS|TAMS 0x00000005cbc00000, 0x00000005cbc00000| Complete 
|5424|0x00000005cc000000, 0x00000005cc400000, 0x00000005cc400000|100%| E|CS|TAMS 0x00000005cc000000, 0x00000005cc000000| Complete 
|5425|0x00000005cc400000, 0x00000005cc800000, 0x00000005cc800000|100%| E|CS|TAMS 0x00000005cc400000, 0x00000005cc400000| Complete 
|5426|0x00000005cc800000, 0x00000005ccc00000, 0x00000005ccc00000|100%| E|CS|TAMS 0x00000005cc800000, 0x00000005cc800000| Complete 
|5427|0x00000005ccc00000, 0x00000005cd000000, 0x00000005cd000000|100%| E|CS|TAMS 0x00000005ccc00000, 0x00000005ccc00000| Complete 
|5428|0x00000005cd000000, 0x00000005cd400000, 0x00000005cd400000|100%| E|CS|TAMS 0x00000005cd000000, 0x00000005cd000000| Complete 
|5429|0x00000005cd400000, 0x00000005cd800000, 0x00000005cd800000|100%| E|CS|TAMS 0x00000005cd400000, 0x00000005cd400000| Complete 
|5430|0x00000005cd800000, 0x00000005cdc00000, 0x00000005cdc00000|100%| E|CS|TAMS 0x00000005cd800000, 0x00000005cd800000| Complete 
|5431|0x00000005cdc00000, 0x00000005ce000000, 0x00000005ce000000|100%| E|CS|TAMS 0x00000005cdc00000, 0x00000005cdc00000| Complete 
|5432|0x00000005ce000000, 0x00000005ce400000, 0x00000005ce400000|100%| E|CS|TAMS 0x00000005ce000000, 0x00000005ce000000| Complete 
|5433|0x00000005ce400000, 0x00000005ce800000, 0x00000005ce800000|100%| E|CS|TAMS 0x00000005ce400000, 0x00000005ce400000| Complete 
|5434|0x00000005ce800000, 0x00000005cec00000, 0x00000005cec00000|100%| E|CS|TAMS 0x00000005ce800000, 0x00000005ce800000| Complete 
|5435|0x00000005cec00000, 0x00000005cf000000, 0x00000005cf000000|100%| E|CS|TAMS 0x00000005cec00000, 0x00000005cec00000| Complete 
|5436|0x00000005cf000000, 0x00000005cf400000, 0x00000005cf400000|100%| E|CS|TAMS 0x00000005cf000000, 0x00000005cf000000| Complete 
|5437|0x00000005cf400000, 0x00000005cf800000, 0x00000005cf800000|100%| E|CS|TAMS 0x00000005cf400000, 0x00000005cf400000| Complete 
|5438|0x00000005cf800000, 0x00000005cfc00000, 0x00000005cfc00000|100%| E|CS|TAMS 0x00000005cf800000, 0x00000005cf800000| Complete 
|5439|0x00000005cfc00000, 0x00000005d0000000, 0x00000005d0000000|100%| E|CS|TAMS 0x00000005cfc00000, 0x00000005cfc00000| Complete 
|5440|0x00000005d0000000, 0x00000005d0400000, 0x00000005d0400000|100%| E|CS|TAMS 0x00000005d0000000, 0x00000005d0000000| Complete 
|5441|0x00000005d0400000, 0x00000005d0800000, 0x00000005d0800000|100%| E|CS|TAMS 0x00000005d0400000, 0x00000005d0400000| Complete 
|5442|0x00000005d0800000, 0x00000005d0c00000, 0x00000005d0c00000|100%| E|CS|TAMS 0x00000005d0800000, 0x00000005d0800000| Complete 
|5443|0x00000005d0c00000, 0x00000005d1000000, 0x00000005d1000000|100%| E|CS|TAMS 0x00000005d0c00000, 0x00000005d0c00000| Complete 
|5444|0x00000005d1000000, 0x00000005d1400000, 0x00000005d1400000|100%| E|CS|TAMS 0x00000005d1000000, 0x00000005d1000000| Complete 
|5445|0x00000005d1400000, 0x00000005d1800000, 0x00000005d1800000|100%| E|CS|TAMS 0x00000005d1400000, 0x00000005d1400000| Complete 
|5446|0x00000005d1800000, 0x00000005d1c00000, 0x00000005d1c00000|100%| E|CS|TAMS 0x00000005d1800000, 0x00000005d1800000| Complete 
|5447|0x00000005d1c00000, 0x00000005d2000000, 0x00000005d2000000|100%| E|CS|TAMS 0x00000005d1c00000, 0x00000005d1c00000| Complete 
|5448|0x00000005d2000000, 0x00000005d2400000, 0x00000005d2400000|100%| E|CS|TAMS 0x00000005d2000000, 0x00000005d2000000| Complete 
|5449|0x00000005d2400000, 0x00000005d2800000, 0x00000005d2800000|100%| E|CS|TAMS 0x00000005d2400000, 0x00000005d2400000| Complete 
|5450|0x00000005d2800000, 0x00000005d2c00000, 0x00000005d2c00000|100%| E|CS|TAMS 0x00000005d2800000, 0x00000005d2800000| Complete 
|5451|0x00000005d2c00000, 0x00000005d3000000, 0x00000005d3000000|100%| E|CS|TAMS 0x00000005d2c00000, 0x00000005d2c00000| Complete 
|5452|0x00000005d3000000, 0x00000005d3400000, 0x00000005d3400000|100%| E|CS|TAMS 0x00000005d3000000, 0x00000005d3000000| Complete 
|5453|0x00000005d3400000, 0x00000005d3800000, 0x00000005d3800000|100%| E|CS|TAMS 0x00000005d3400000, 0x00000005d3400000| Complete 
|5454|0x00000005d3800000, 0x00000005d3c00000, 0x00000005d3c00000|100%| E|CS|TAMS 0x00000005d3800000, 0x00000005d3800000| Complete 
|5455|0x00000005d3c00000, 0x00000005d4000000, 0x00000005d4000000|100%| E|CS|TAMS 0x00000005d3c00000, 0x00000005d3c00000| Complete 
|5456|0x00000005d4000000, 0x00000005d4400000, 0x00000005d4400000|100%| E|CS|TAMS 0x00000005d4000000, 0x00000005d4000000| Complete 
|5457|0x00000005d4400000, 0x00000005d4800000, 0x00000005d4800000|100%| E|CS|TAMS 0x00000005d4400000, 0x00000005d4400000| Complete 
|5458|0x00000005d4800000, 0x00000005d4c00000, 0x00000005d4c00000|100%| E|CS|TAMS 0x00000005d4800000, 0x00000005d4800000| Complete 
|5459|0x00000005d4c00000, 0x00000005d5000000, 0x00000005d5000000|100%| E|CS|TAMS 0x00000005d4c00000, 0x00000005d4c00000| Complete 
|5460|0x00000005d5000000, 0x00000005d5400000, 0x00000005d5400000|100%| E|CS|TAMS 0x00000005d5000000, 0x00000005d5000000| Complete 
|5461|0x00000005d5400000, 0x00000005d5800000, 0x00000005d5800000|100%| E|CS|TAMS 0x00000005d5400000, 0x00000005d5400000| Complete 
|5462|0x00000005d5800000, 0x00000005d5c00000, 0x00000005d5c00000|100%| E|CS|TAMS 0x00000005d5800000, 0x00000005d5800000| Complete 
|5463|0x00000005d5c00000, 0x00000005d6000000, 0x00000005d6000000|100%| E|CS|TAMS 0x00000005d5c00000, 0x00000005d5c00000| Complete 
|5464|0x00000005d6000000, 0x00000005d6400000, 0x00000005d6400000|100%| E|CS|TAMS 0x00000005d6000000, 0x00000005d6000000| Complete 
|5465|0x00000005d6400000, 0x00000005d6800000, 0x00000005d6800000|100%| E|CS|TAMS 0x00000005d6400000, 0x00000005d6400000| Complete 
|5466|0x00000005d6800000, 0x00000005d6c00000, 0x00000005d6c00000|100%| E|CS|TAMS 0x00000005d6800000, 0x00000005d6800000| Complete 
|5467|0x00000005d6c00000, 0x00000005d7000000, 0x00000005d7000000|100%| E|CS|TAMS 0x00000005d6c00000, 0x00000005d6c00000| Complete 
|5468|0x00000005d7000000, 0x00000005d7400000, 0x00000005d7400000|100%| E|CS|TAMS 0x00000005d7000000, 0x00000005d7000000| Complete 
|5469|0x00000005d7400000, 0x00000005d7800000, 0x00000005d7800000|100%| E|CS|TAMS 0x00000005d7400000, 0x00000005d7400000| Complete 
|5470|0x00000005d7800000, 0x00000005d7c00000, 0x00000005d7c00000|100%| E|CS|TAMS 0x00000005d7800000, 0x00000005d7800000| Complete 
|5471|0x00000005d7c00000, 0x00000005d8000000, 0x00000005d8000000|100%| E|CS|TAMS 0x00000005d7c00000, 0x00000005d7c00000| Complete 
|5472|0x00000005d8000000, 0x00000005d8400000, 0x00000005d8400000|100%| E|CS|TAMS 0x00000005d8000000, 0x00000005d8000000| Complete 
|5473|0x00000005d8400000, 0x00000005d8800000, 0x00000005d8800000|100%| E|CS|TAMS 0x00000005d8400000, 0x00000005d8400000| Complete 
|5474|0x00000005d8800000, 0x00000005d8c00000, 0x00000005d8c00000|100%| E|CS|TAMS 0x00000005d8800000, 0x00000005d8800000| Complete 
|5475|0x00000005d8c00000, 0x00000005d9000000, 0x00000005d9000000|100%| E|CS|TAMS 0x00000005d8c00000, 0x00000005d8c00000| Complete 
|5476|0x00000005d9000000, 0x00000005d9400000, 0x00000005d9400000|100%| E|CS|TAMS 0x00000005d9000000, 0x00000005d9000000| Complete 
|5477|0x00000005d9400000, 0x00000005d9800000, 0x00000005d9800000|100%| E|CS|TAMS 0x00000005d9400000, 0x00000005d9400000| Complete 
|5478|0x00000005d9800000, 0x00000005d9c00000, 0x00000005d9c00000|100%| E|CS|TAMS 0x00000005d9800000, 0x00000005d9800000| Complete 
|5479|0x00000005d9c00000, 0x00000005da000000, 0x00000005da000000|100%| E|CS|TAMS 0x00000005d9c00000, 0x00000005d9c00000| Complete 
|5480|0x00000005da000000, 0x00000005da400000, 0x00000005da400000|100%| E|CS|TAMS 0x00000005da000000, 0x00000005da000000| Complete 
|5481|0x00000005da400000, 0x00000005da800000, 0x00000005da800000|100%| E|CS|TAMS 0x00000005da400000, 0x00000005da400000| Complete 
|5482|0x00000005da800000, 0x00000005dac00000, 0x00000005dac00000|100%| E|CS|TAMS 0x00000005da800000, 0x00000005da800000| Complete 
|5483|0x00000005dac00000, 0x00000005db000000, 0x00000005db000000|100%| E|CS|TAMS 0x00000005dac00000, 0x00000005dac00000| Complete 
|5484|0x00000005db000000, 0x00000005db400000, 0x00000005db400000|100%| E|CS|TAMS 0x00000005db000000, 0x00000005db000000| Complete 
|5485|0x00000005db400000, 0x00000005db800000, 0x00000005db800000|100%| E|CS|TAMS 0x00000005db400000, 0x00000005db400000| Complete 
|5486|0x00000005db800000, 0x00000005dbc00000, 0x00000005dbc00000|100%| E|CS|TAMS 0x00000005db800000, 0x00000005db800000| Complete 
|5487|0x00000005dbc00000, 0x00000005dc000000, 0x00000005dc000000|100%| E|CS|TAMS 0x00000005dbc00000, 0x00000005dbc00000| Complete 
|5488|0x00000005dc000000, 0x00000005dc400000, 0x00000005dc400000|100%| E|CS|TAMS 0x00000005dc000000, 0x00000005dc000000| Complete 
|5489|0x00000005dc400000, 0x00000005dc800000, 0x00000005dc800000|100%| E|CS|TAMS 0x00000005dc400000, 0x00000005dc400000| Complete 
|5490|0x00000005dc800000, 0x00000005dcc00000, 0x00000005dcc00000|100%| E|CS|TAMS 0x00000005dc800000, 0x00000005dc800000| Complete 
|5491|0x00000005dcc00000, 0x00000005dd000000, 0x00000005dd000000|100%| E|CS|TAMS 0x00000005dcc00000, 0x00000005dcc00000| Complete 
|5492|0x00000005dd000000, 0x00000005dd400000, 0x00000005dd400000|100%| E|CS|TAMS 0x00000005dd000000, 0x00000005dd000000| Complete 
|5493|0x00000005dd400000, 0x00000005dd800000, 0x00000005dd800000|100%| E|CS|TAMS 0x00000005dd400000, 0x00000005dd400000| Complete 
|5494|0x00000005dd800000, 0x00000005ddc00000, 0x00000005ddc00000|100%| E|CS|TAMS 0x00000005dd800000, 0x00000005dd800000| Complete 
|5495|0x00000005ddc00000, 0x00000005de000000, 0x00000005de000000|100%| E|CS|TAMS 0x00000005ddc00000, 0x00000005ddc00000| Complete 
|5496|0x00000005de000000, 0x00000005de400000, 0x00000005de400000|100%| E|CS|TAMS 0x00000005de000000, 0x00000005de000000| Complete 
|5497|0x00000005de400000, 0x00000005de800000, 0x00000005de800000|100%| E|CS|TAMS 0x00000005de400000, 0x00000005de400000| Complete 
|5498|0x00000005de800000, 0x00000005dec00000, 0x00000005dec00000|100%| E|CS|TAMS 0x00000005de800000, 0x00000005de800000| Complete 
|5499|0x00000005dec00000, 0x00000005df000000, 0x00000005df000000|100%| E|CS|TAMS 0x00000005dec00000, 0x00000005dec00000| Complete 
|5500|0x00000005df000000, 0x00000005df400000, 0x00000005df400000|100%| E|CS|TAMS 0x00000005df000000, 0x00000005df000000| Complete 
|5501|0x00000005df400000, 0x00000005df800000, 0x00000005df800000|100%| E|CS|TAMS 0x00000005df400000, 0x00000005df400000| Complete 
|5502|0x00000005df800000, 0x00000005dfc00000, 0x00000005dfc00000|100%| E|CS|TAMS 0x00000005df800000, 0x00000005df800000| Complete 
|5503|0x00000005dfc00000, 0x00000005e0000000, 0x00000005e0000000|100%| E|CS|TAMS 0x00000005dfc00000, 0x00000005dfc00000| Complete 
|5504|0x00000005e0000000, 0x00000005e0400000, 0x00000005e0400000|100%| E|CS|TAMS 0x00000005e0000000, 0x00000005e0000000| Complete 
|5505|0x00000005e0400000, 0x00000005e0800000, 0x00000005e0800000|100%| E|CS|TAMS 0x00000005e0400000, 0x00000005e0400000| Complete 
|5506|0x00000005e0800000, 0x00000005e0c00000, 0x00000005e0c00000|100%| E|CS|TAMS 0x00000005e0800000, 0x00000005e0800000| Complete 
|5507|0x00000005e0c00000, 0x00000005e1000000, 0x00000005e1000000|100%| E|CS|TAMS 0x00000005e0c00000, 0x00000005e0c00000| Complete 
|5508|0x00000005e1000000, 0x00000005e1400000, 0x00000005e1400000|100%| E|CS|TAMS 0x00000005e1000000, 0x00000005e1000000| Complete 
|5509|0x00000005e1400000, 0x00000005e1800000, 0x00000005e1800000|100%| E|CS|TAMS 0x00000005e1400000, 0x00000005e1400000| Complete 
|5510|0x00000005e1800000, 0x00000005e1c00000, 0x00000005e1c00000|100%| E|CS|TAMS 0x00000005e1800000, 0x00000005e1800000| Complete 
|5511|0x00000005e1c00000, 0x00000005e2000000, 0x00000005e2000000|100%| E|CS|TAMS 0x00000005e1c00000, 0x00000005e1c00000| Complete 
|5512|0x00000005e2000000, 0x00000005e2400000, 0x00000005e2400000|100%| E|CS|TAMS 0x00000005e2000000, 0x00000005e2000000| Complete 
|5513|0x00000005e2400000, 0x00000005e2800000, 0x00000005e2800000|100%| E|CS|TAMS 0x00000005e2400000, 0x00000005e2400000| Complete 
|5514|0x00000005e2800000, 0x00000005e2c00000, 0x00000005e2c00000|100%| E|CS|TAMS 0x00000005e2800000, 0x00000005e2800000| Complete 
|5515|0x00000005e2c00000, 0x00000005e3000000, 0x00000005e3000000|100%| E|CS|TAMS 0x00000005e2c00000, 0x00000005e2c00000| Complete 
|5516|0x00000005e3000000, 0x00000005e3400000, 0x00000005e3400000|100%| E|CS|TAMS 0x00000005e3000000, 0x00000005e3000000| Complete 
|5517|0x00000005e3400000, 0x00000005e3800000, 0x00000005e3800000|100%| E|CS|TAMS 0x00000005e3400000, 0x00000005e3400000| Complete 
|5518|0x00000005e3800000, 0x00000005e3c00000, 0x00000005e3c00000|100%| E|CS|TAMS 0x00000005e3800000, 0x00000005e3800000| Complete 
|5519|0x00000005e3c00000, 0x00000005e4000000, 0x00000005e4000000|100%| E|CS|TAMS 0x00000005e3c00000, 0x00000005e3c00000| Complete 
|5520|0x00000005e4000000, 0x00000005e4400000, 0x00000005e4400000|100%| E|CS|TAMS 0x00000005e4000000, 0x00000005e4000000| Complete 
|5521|0x00000005e4400000, 0x00000005e4800000, 0x00000005e4800000|100%| E|CS|TAMS 0x00000005e4400000, 0x00000005e4400000| Complete 
|5522|0x00000005e4800000, 0x00000005e4c00000, 0x00000005e4c00000|100%| E|CS|TAMS 0x00000005e4800000, 0x00000005e4800000| Complete 
|5523|0x00000005e4c00000, 0x00000005e5000000, 0x00000005e5000000|100%| E|CS|TAMS 0x00000005e4c00000, 0x00000005e4c00000| Complete 
|5524|0x00000005e5000000, 0x00000005e5400000, 0x00000005e5400000|100%| E|CS|TAMS 0x00000005e5000000, 0x00000005e5000000| Complete 
|5525|0x00000005e5400000, 0x00000005e5800000, 0x00000005e5800000|100%| E|CS|TAMS 0x00000005e5400000, 0x00000005e5400000| Complete 
|5526|0x00000005e5800000, 0x00000005e5c00000, 0x00000005e5c00000|100%| E|CS|TAMS 0x00000005e5800000, 0x00000005e5800000| Complete 
|5527|0x00000005e5c00000, 0x00000005e6000000, 0x00000005e6000000|100%| E|CS|TAMS 0x00000005e5c00000, 0x00000005e5c00000| Complete 
|5528|0x00000005e6000000, 0x00000005e6400000, 0x00000005e6400000|100%| E|CS|TAMS 0x00000005e6000000, 0x00000005e6000000| Complete 
|5529|0x00000005e6400000, 0x00000005e6800000, 0x00000005e6800000|100%| E|CS|TAMS 0x00000005e6400000, 0x00000005e6400000| Complete 
|5530|0x00000005e6800000, 0x00000005e6c00000, 0x00000005e6c00000|100%| E|CS|TAMS 0x00000005e6800000, 0x00000005e6800000| Complete 
|5531|0x00000005e6c00000, 0x00000005e7000000, 0x00000005e7000000|100%| E|CS|TAMS 0x00000005e6c00000, 0x00000005e6c00000| Complete 
|5532|0x00000005e7000000, 0x00000005e7400000, 0x00000005e7400000|100%| E|CS|TAMS 0x00000005e7000000, 0x00000005e7000000| Complete 
|5533|0x00000005e7400000, 0x00000005e7800000, 0x00000005e7800000|100%| E|CS|TAMS 0x00000005e7400000, 0x00000005e7400000| Complete 
|5534|0x00000005e7800000, 0x00000005e7c00000, 0x00000005e7c00000|100%| E|CS|TAMS 0x00000005e7800000, 0x00000005e7800000| Complete 
|5535|0x00000005e7c00000, 0x00000005e8000000, 0x00000005e8000000|100%| E|CS|TAMS 0x00000005e7c00000, 0x00000005e7c00000| Complete 
|5536|0x00000005e8000000, 0x00000005e8400000, 0x00000005e8400000|100%| E|CS|TAMS 0x00000005e8000000, 0x00000005e8000000| Complete 
|5537|0x00000005e8400000, 0x00000005e8800000, 0x00000005e8800000|100%| E|CS|TAMS 0x00000005e8400000, 0x00000005e8400000| Complete 
|5538|0x00000005e8800000, 0x00000005e8c00000, 0x00000005e8c00000|100%| E|CS|TAMS 0x00000005e8800000, 0x00000005e8800000| Complete 
|5539|0x00000005e8c00000, 0x00000005e9000000, 0x00000005e9000000|100%| E|CS|TAMS 0x00000005e8c00000, 0x00000005e8c00000| Complete 
|5540|0x00000005e9000000, 0x00000005e9400000, 0x00000005e9400000|100%| E|CS|TAMS 0x00000005e9000000, 0x00000005e9000000| Complete 
|5541|0x00000005e9400000, 0x00000005e9800000, 0x00000005e9800000|100%| E|CS|TAMS 0x00000005e9400000, 0x00000005e9400000| Complete 
|5542|0x00000005e9800000, 0x00000005e9c00000, 0x00000005e9c00000|100%| E|CS|TAMS 0x00000005e9800000, 0x00000005e9800000| Complete 
|5543|0x00000005e9c00000, 0x00000005ea000000, 0x00000005ea000000|100%| E|CS|TAMS 0x00000005e9c00000, 0x00000005e9c00000| Complete 
|5544|0x00000005ea000000, 0x00000005ea400000, 0x00000005ea400000|100%| E|CS|TAMS 0x00000005ea000000, 0x00000005ea000000| Complete 
|5545|0x00000005ea400000, 0x00000005ea800000, 0x00000005ea800000|100%| E|CS|TAMS 0x00000005ea400000, 0x00000005ea400000| Complete 
|5546|0x00000005ea800000, 0x00000005eac00000, 0x00000005eac00000|100%| E|CS|TAMS 0x00000005ea800000, 0x00000005ea800000| Complete 
|5547|0x00000005eac00000, 0x00000005eb000000, 0x00000005eb000000|100%| E|CS|TAMS 0x00000005eac00000, 0x00000005eac00000| Complete 
|5548|0x00000005eb000000, 0x00000005eb400000, 0x00000005eb400000|100%| E|CS|TAMS 0x00000005eb000000, 0x00000005eb000000| Complete 
|5549|0x00000005eb400000, 0x00000005eb800000, 0x00000005eb800000|100%| E|CS|TAMS 0x00000005eb400000, 0x00000005eb400000| Complete 
|5550|0x00000005eb800000, 0x00000005ebc00000, 0x00000005ebc00000|100%| E|CS|TAMS 0x00000005eb800000, 0x00000005eb800000| Complete 
|5551|0x00000005ebc00000, 0x00000005ec000000, 0x00000005ec000000|100%| E|CS|TAMS 0x00000005ebc00000, 0x00000005ebc00000| Complete 
|5552|0x00000005ec000000, 0x00000005ec400000, 0x00000005ec400000|100%| E|CS|TAMS 0x00000005ec000000, 0x00000005ec000000| Complete 
|5553|0x00000005ec400000, 0x00000005ec800000, 0x00000005ec800000|100%| E|CS|TAMS 0x00000005ec400000, 0x00000005ec400000| Complete 
|5554|0x00000005ec800000, 0x00000005ecc00000, 0x00000005ecc00000|100%| E|CS|TAMS 0x00000005ec800000, 0x00000005ec800000| Complete 
|5555|0x00000005ecc00000, 0x00000005ed000000, 0x00000005ed000000|100%| E|CS|TAMS 0x00000005ecc00000, 0x00000005ecc00000| Complete 
|5556|0x00000005ed000000, 0x00000005ed400000, 0x00000005ed400000|100%| E|CS|TAMS 0x00000005ed000000, 0x00000005ed000000| Complete 
|5557|0x00000005ed400000, 0x00000005ed800000, 0x00000005ed800000|100%| E|CS|TAMS 0x00000005ed400000, 0x00000005ed400000| Complete 
|5558|0x00000005ed800000, 0x00000005edc00000, 0x00000005edc00000|100%| E|CS|TAMS 0x00000005ed800000, 0x00000005ed800000| Complete 
|5559|0x00000005edc00000, 0x00000005ee000000, 0x00000005ee000000|100%| E|CS|TAMS 0x00000005edc00000, 0x00000005edc00000| Complete 
|5560|0x00000005ee000000, 0x00000005ee400000, 0x00000005ee400000|100%| E|CS|TAMS 0x00000005ee000000, 0x00000005ee000000| Complete 
|5561|0x00000005ee400000, 0x00000005ee800000, 0x00000005ee800000|100%| E|CS|TAMS 0x00000005ee400000, 0x00000005ee400000| Complete 
|5562|0x00000005ee800000, 0x00000005eec00000, 0x00000005eec00000|100%| E|CS|TAMS 0x00000005ee800000, 0x00000005ee800000| Complete 
|5563|0x00000005eec00000, 0x00000005ef000000, 0x00000005ef000000|100%| E|CS|TAMS 0x00000005eec00000, 0x00000005eec00000| Complete 
|5564|0x00000005ef000000, 0x00000005ef400000, 0x00000005ef400000|100%| E|CS|TAMS 0x00000005ef000000, 0x00000005ef000000| Complete 

Card table byte_map: [0x000002c94a340000,0x000002c94df40000] _byte_map_base: 0x000002c949f40000

Marking Bits (Prev, Next): (CMBitMap*) 0x000002c8a2255df0, (CMBitMap*) 0x000002c8a2255db8
 Prev Bits: [0x000002c96fb40000, 0x000002c98db40000)
 Next Bits: [0x000002c951b40000, 0x000002c96fb40000)

Polling page: 0x000002c826d10000

Metaspace:

Usage:
  Non-class:     30.52 MB capacity,    30.11 MB ( 99%) used,   332.16 KB (  1%) free+waste,    81.38 KB ( <1%) overhead. 
      Class:      3.58 MB capacity,     3.30 MB ( 92%) used,   243.41 KB (  7%) free+waste,    35.44 KB ( <1%) overhead. 
       Both:     34.09 MB capacity,    33.41 MB ( 98%) used,   575.58 KB (  2%) free+waste,   116.81 KB ( <1%) overhead. 

Virtual space:
  Non-class space:       32.00 MB reserved,      30.67 MB ( 96%) committed 
      Class space:        1.00 GB reserved,       3.70 MB ( <1%) committed 
             Both:        1.03 GB reserved,      34.37 MB (  3%) committed 

Chunk freelists:
   Non-Class:  12.00 KB
       Class:  7.25 KB
        Both:  19.25 KB

CodeHeap 'non-profiled nmethods': size=119168Kb used=6625Kb max_used=7493Kb free=112542Kb
 bounds [0x000002c93e720000, 0x000002c93ee80000, 0x000002c945b80000]
CodeHeap 'profiled nmethods': size=119168Kb used=11254Kb max_used=13117Kb free=107913Kb
 bounds [0x000002c9372c0000, 0x000002c937fa0000, 0x000002c93e720000]
CodeHeap 'non-nmethods': size=7424Kb used=1284Kb max_used=3014Kb free=6139Kb
 bounds [0x000002c936b80000, 0x000002c936ee0000, 0x000002c9372c0000]
 total_blobs=6385 nmethods=5705 adapters=591
 compilation: enabled
              stopped_count=0, restarted_count=0
 full_count=0

Compilation events (10 events):
Event: 1056.699 Thread 0x000002c89c925000 nmethod 6742 0x000002c93e9abf90 code [0x000002c93e9ac100, 0x000002c93e9ac2b8]
Event: 1056.700 Thread 0x000002c8a279f800 6743       4       java.lang.Long::toString (55 bytes)
Event: 1056.702 Thread 0x000002c89c925000 6744       4       java.util.LinkedHashMap::forEach (65 bytes)
Event: 1056.705 Thread 0x000002c89c925000 nmethod 6744 0x000002c93e9f2010 code [0x000002c93e9f21a0, 0x000002c93e9f22c8]
Event: 1056.705 Thread 0x000002c89c925000 6745       4       java.lang.Long::getChars (208 bytes)
Event: 1056.715 Thread 0x000002c89c925000 nmethod 6745 0x000002c93ea09f90 code [0x000002c93ea0a120, 0x000002c93ea0a538]
Event: 1056.715 Thread 0x000002c89c925000 6746   !   4       java.util.Locale::getDefault (132 bytes)
Event: 1056.716 Thread 0x000002c89c925000 nmethod 6746 0x000002c93e9abc10 code [0x000002c93e9abda0, 0x000002c93e9abe58]
Event: 1056.720 Thread 0x000002c8a279f800 nmethod 6743 0x000002c93ea5f910 code [0x000002c93ea5fac0, 0x000002c93ea60258]
Event: 1056.727 Thread 0x000002c99dd4d800 nmethod 6741 0x000002c93ea5dd90 code [0x000002c93ea5df80, 0x000002c93ea5ed78]

GC Heap History (10 events):
Event: 1046.714 GC heap before
{Heap before GC invocations=65 (full 1):
 garbage-first heap   total 16531456K, used 5746688K [0x0000000080000000, 0x0000000800000000)
  region size 4096K, 201 young (823296K), 26 survivors (106496K)
 Metaspace       used 34107K, capacity 34831K, committed 35196K, reserved 1081344K
  class space    used 3377K, capacity 3657K, committed 3788K, reserved 1048576K
}
Event: 1046.934 GC heap after
{Heap after GC invocations=66 (full 1):
 garbage-first heap   total 20570112K, used 5195776K [0x0000000080000000, 0x0000000800000000)
  region size 4096K, 26 young (106496K), 26 survivors (106496K)
 Metaspace       used 34107K, capacity 34831K, committed 35196K, reserved 1081344K
  class space    used 3377K, capacity 3657K, committed 3788K, reserved 1048576K
}
Event: 1048.683 GC heap before
{Heap before GC invocations=66 (full 1):
 garbage-first heap   total 20570112K, used 6182912K [0x0000000080000000, 0x0000000800000000)
  region size 4096K, 251 young (1028096K), 26 survivors (106496K)
 Metaspace       used 34107K, capacity 34831K, committed 35196K, reserved 1081344K
  class space    used 3377K, capacity 3657K, committed 3788K, reserved 1048576K
}
Event: 1048.928 GC heap after
{Heap after GC invocations=67 (full 1):
 garbage-first heap   total 20570112K, used 5445632K [0x0000000080000000, 0x0000000800000000)
  region size 4096K, 32 young (131072K), 32 survivors (131072K)
 Metaspace       used 34107K, capacity 34831K, committed 35196K, reserved 1081344K
  class space    used 3377K, capacity 3657K, committed 3788K, reserved 1048576K
}
Event: 1050.650 GC heap before
{Heap before GC invocations=67 (full 1):
 garbage-first heap   total 20570112K, used 6604800K [0x0000000080000000, 0x0000000800000000)
  region size 4096K, 251 young (1028096K), 32 survivors (131072K)
 Metaspace       used 34107K, capacity 34831K, committed 35196K, reserved 1081344K
  class space    used 3377K, capacity 3657K, committed 3788K, reserved 1048576K
}
Event: 1050.910 GC heap after
{Heap after GC invocations=68 (full 1):
 garbage-first heap   total 20570112K, used 5816320K [0x0000000080000000, 0x0000000800000000)
  region size 4096K, 32 young (131072K), 32 survivors (131072K)
 Metaspace       used 34107K, capacity 34831K, committed 35196K, reserved 1081344K
  class space    used 3377K, capacity 3657K, committed 3788K, reserved 1048576K
}
Event: 1052.584 GC heap before
{Heap before GC invocations=68 (full 1):
 garbage-first heap   total 20570112K, used 6909952K [0x0000000080000000, 0x0000000800000000)
  region size 4096K, 251 young (1028096K), 32 survivors (131072K)
 Metaspace       used 34107K, capacity 34831K, committed 35196K, reserved 1081344K
  class space    used 3377K, capacity 3657K, committed 3788K, reserved 1048576K
}
Event: 1052.804 GC heap after
{Heap after GC invocations=69 (full 1):
 garbage-first heap   total 20570112K, used 6158336K [0x0000000080000000, 0x0000000800000000)
  region size 4096K, 32 young (131072K), 32 survivors (131072K)
 Metaspace       used 34107K, capacity 34831K, committed 35196K, reserved 1081344K
  class space    used 3377K, capacity 3657K, committed 3788K, reserved 1048576K
}
Event: 1054.478 GC heap before
{Heap before GC invocations=69 (full 1):
 garbage-first heap   total 20570112K, used 7317503K [0x0000000080000000, 0x0000000800000000)
  region size 4096K, 251 young (1028096K), 32 survivors (131072K)
 Metaspace       used 34107K, capacity 34831K, committed 35196K, reserved 1081344K
  class space    used 3377K, capacity 3657K, committed 3788K, reserved 1048576K
}
Event: 1054.720 GC heap after
{Heap after GC invocations=70 (full 1):
 garbage-first heap   total 22794240K, used 6502400K [0x0000000080000000, 0x0000000800000000)
  region size 4096K, 32 young (131072K), 32 survivors (131072K)
 Metaspace       used 34107K, capacity 34831K, committed 35196K, reserved 1081344K
  class space    used 3377K, capacity 3657K, committed 3788K, reserved 1048576K
}

Deoptimization events (10 events):
Event: 1039.386 Thread 0x000002c9969b3000 Uncommon trap: reason=unstable_if action=reinterpret pc=0x000002c93e7eab00 method=gnu.trove.map.hash.TIntObjectHashMap.forEachEntry(Lgnu/trove/procedure/TIntObjectProcedure;)Z @ 25 c2
Event: 1040.381 Thread 0x000002c9969b3000 Uncommon trap: reason=unstable_if action=reinterpret pc=0x000002c93ee3c054 method=com.conveyal.r5.streets.EdgeStore$Edge.canTurnFrom(Lcom/conveyal/r5/streets/StreetRouter$State;Lcom/conveyal/r5/streets/StreetRouter$State;Z)Z @ 14 c2
Event: 1055.169 Thread 0x000002c8a305e000 Uncommon trap: reason=unstable_if action=reinterpret pc=0x000002c93ee50120 method=com.conveyal.r5.streets.StreetRouter.lambda$route$7(Lcom/conveyal/r5/streets/EdgeStore$Edge;Lcom/conveyal/r5/streets/StreetRouter$State;III)Z @ 46 c2
Event: 1055.221 Thread 0x000002c8a305e000 Uncommon trap: reason=unstable_if action=reinterpret pc=0x000002c93ee48100 method=com.conveyal.r5.streets.StreetRouter.lambda$route$7(Lcom/conveyal/r5/streets/EdgeStore$Edge;Lcom/conveyal/r5/streets/StreetRouter$State;III)Z @ 46 c2
Event: 1056.035 Thread 0x000002c8a305e000 Uncommon trap: reason=unstable_if action=reinterpret pc=0x000002c93ed38d2c method=com.conveyal.r5.profile.ProfileRequest.getSpeedForMode(Lcom/conveyal/r5/profile/StreetMode;)F @ 8 c2
Event: 1056.038 Thread 0x000002c8a305e000 Uncommon trap: reason=bimorphic_or_optimized_type_check action=maybe_recompile pc=0x000002c93ed02eb8 method=java.util.ArrayList$ArrayListSpliterator.forEachRemaining(Ljava/util/function/Consumer;)V @ 95 c2
Event: 1056.038 Thread 0x000002c8a305e000 Uncommon trap: reason=bimorphic_or_optimized_type_check action=maybe_recompile pc=0x000002c93ed02eb8 method=java.util.ArrayList$ArrayListSpliterator.forEachRemaining(Ljava/util/function/Consumer;)V @ 95 c2
Event: 1056.038 Thread 0x000002c8a305e000 Uncommon trap: reason=bimorphic_or_optimized_type_check action=maybe_recompile pc=0x000002c93ed02eb8 method=java.util.ArrayList$ArrayListSpliterator.forEachRemaining(Ljava/util/function/Consumer;)V @ 95 c2
Event: 1056.038 Thread 0x000002c8a305e000 Uncommon trap: reason=bimorphic_or_optimized_type_check action=maybe_recompile pc=0x000002c93ed02eb8 method=java.util.ArrayList$ArrayListSpliterator.forEachRemaining(Ljava/util/function/Consumer;)V @ 95 c2
Event: 1056.049 Thread 0x000002c8a305e000 Uncommon trap: reason=profile_predicate action=maybe_recompile pc=0x000002c93e94a408 method=java.util.ArrayList$ArrayListSpliterator.forEachRemaining(Ljava/util/function/Consumer;)V @ 81 c2

Classes redefined (0 events):
No events

Internal exceptions (10 events):
Event: 1030.213 Thread 0x000002c994e5f000 Exception <a 'java/lang/NoSuchMethodError'{0x0000000173a178a8}: java.lang.invoke.DirectMethodHandle$Holder.invokeSpecial(Ljava/lang/Object;Ljava/lang/Object;Ljava/lang/Object;IIDJLjava/lang/Object;)Ljava/lang/Object;> (0x0000000173a178a8) thrown at [./ope
Event: 1030.213 Thread 0x000002c994e59000 Exception <a 'java/lang/NoSuchMethodError'{0x000000017421a308}: java.lang.invoke.DirectMethodHandle$Holder.invokeSpecial(Ljava/lang/Object;Ljava/lang/Object;Ljava/lang/Object;IIDJLjava/lang/Object;)Ljava/lang/Object;> (0x000000017421a308) thrown at [./ope
Event: 1030.213 Thread 0x000002c994e5d000 Exception <a 'java/lang/NoSuchMethodError'{0x0000000173e0e098}: java.lang.invoke.DirectMethodHandle$Holder.invokeSpecial(Ljava/lang/Object;Ljava/lang/Object;Ljava/lang/Object;IIDJLjava/lang/Object;)Ljava/lang/Object;> (0x0000000173e0e098) thrown at [./ope
Event: 1030.214 Thread 0x000002c994e56800 Exception <a 'java/lang/NoSuchMethodError'{0x0000000173c146d8}: java.lang.invoke.DirectMethodHandle$Holder.invokeSpecial(Ljava/lang/Object;Ljava/lang/Object;Ljava/lang/Object;IIDJLjava/lang/Object;)Ljava/lang/Object;> (0x0000000173c146d8) thrown at [./ope
Event: 1030.215 Thread 0x000002c9969b3000 Exception <a 'java/lang/NoSuchMethodError'{0x000000017301a568}: java.lang.invoke.DirectMethodHandle$Holder.invokeStatic(Ljava/lang/Object;Ljava/lang/Object;DLjava/lang/Object;IIIII)V> (0x000000017301a568) thrown at [./open/src/hotspot/share/interpreter/li
Event: 1030.217 Thread 0x000002c994e56800 Exception <a 'java/lang/NoSuchMethodError'{0x0000000173c17910}: java.lang.invoke.Invokers$Holder.linkToTargetMethod(Ljava/lang/Object;IIDJLjava/lang/Object;Ljava/lang/Object;)Ljava/lang/Object;> (0x0000000173c17910) thrown at [./open/src/hotspot/share/int
Event: 1030.221 Thread 0x000002c994e58800 Exception <a 'java/lang/NoSuchMethodError'{0x0000000173827c38}: java.lang.invoke.Invokers$Holder.linkToTargetMethod(Ljava/lang/Object;DLjava/lang/Object;Ljava/lang/Object;)Ljava/lang/Object;> (0x0000000173827c38) thrown at [./open/src/hotspot/share/interp
Event: 1030.221 Thread 0x000002c994e56800 Exception <a 'java/lang/NoSuchMethodError'{0x0000000173c1ce08}: java.lang.invoke.Invokers$Holder.linkToTargetMethod(Ljava/lang/Object;DLjava/lang/Object;Ljava/lang/Object;)Ljava/lang/Object;> (0x0000000173c1ce08) thrown at [./open/src/hotspot/share/interp
Event: 1030.221 Thread 0x000002c994e5d000 Exception <a 'java/lang/NoSuchMethodError'{0x0000000173e277a0}: java.lang.invoke.Invokers$Holder.linkToTargetMethod(Ljava/lang/Object;DLjava/lang/Object;Ljava/lang/Object;)Ljava/lang/Object;> (0x0000000173e277a0) thrown at [./open/src/hotspot/share/interp
Event: 1056.077 Thread 0x000002c8a305e000 Exception <a 'java/lang/NoSuchMethodError'{0x00000005c67136a0}: java.lang.invoke.DirectMethodHandle$Holder.invokeSpecial(Ljava/lang/Object;Ljava/lang/Object;Ljava/lang/Object;Ljava/lang/Object;)V> (0x00000005c67136a0) thrown at [./open/src/hotspot/share/i

Events (10 events):
Event: 1056.064 Thread 0x000002c998d52800 Thread added: 0x000002c998d52800
Event: 1056.072 loading class com/conveyal/r5/streets/PointSetTimes
Event: 1056.072 loading class com/conveyal/r5/streets/PointSetTimes done
Event: 1056.096 loading class org/ipea/r5r/RDataFrame
Event: 1056.096 loading class org/ipea/r5r/RDataFrame done
Event: 1056.113 Thread 0x000002c9a9f7b800 Thread added: 0x000002c9a9f7b800
Event: 1056.650 Thread 0x000002c9a9f7b800 Thread exited: 0x000002c9a9f7b800
Event: 1056.650 Thread 0x000002c998d52800 Thread exited: 0x000002c998d52800
Event: 1056.674 Thread 0x000002c8a27a2000 Thread exited: 0x000002c8a27a2000
Event: 1056.674 Thread 0x000002c8a27a1000 Thread exited: 0x000002c8a27a1000


Dynamic libraries:
0x00007ff7ade40000 - 0x00007ff7af7e7000 	C:\Program Files\RStudio\resources\app\bin\rsession-utf8.exe
0x00007ffdf6490000 - 0x00007ffdf6688000 	C:\WINDOWS\SYSTEM32\ntdll.dll
0x00007ffdf4740000 - 0x00007ffdf47fd000 	C:\WINDOWS\System32\KERNEL32.DLL
0x00007ffdf3da0000 - 0x00007ffdf4096000 	C:\WINDOWS\System32\KERNELBASE.dll
0x00007ffdf6220000 - 0x00007ffdf62cf000 	C:\WINDOWS\System32\ADVAPI32.dll
0x00007ffdf5f80000 - 0x00007ffdf601e000 	C:\WINDOWS\System32\msvcrt.dll
0x00007ffdf44f0000 - 0x00007ffdf458c000 	C:\WINDOWS\System32\sechost.dll
0x00007ffdf5d20000 - 0x00007ffdf5e46000 	C:\WINDOWS\System32\RPCRT4.dll
0x00007ffdf5e50000 - 0x00007ffdf5ebb000 	C:\WINDOWS\System32\WS2_32.dll
0x00007ffdf5ec0000 - 0x00007ffdf5f15000 	C:\WINDOWS\System32\SHLWAPI.dll
0x00007ffdf4160000 - 0x00007ffdf42bd000 	C:\WINDOWS\System32\CRYPT32.dll
0x00007ffdf4340000 - 0x00007ffdf4440000 	C:\WINDOWS\System32\ucrtbase.dll
0x00007ffdf6020000 - 0x00007ffdf61be000 	C:\WINDOWS\System32\USER32.dll
0x00007ffdf42c0000 - 0x00007ffdf42e2000 	C:\WINDOWS\System32\win32u.dll
0x00007ffdf5f50000 - 0x00007ffdf5f7c000 	C:\WINDOWS\System32\GDI32.dll
0x00007ffdf3c80000 - 0x00007ffdf3d9a000 	C:\WINDOWS\System32\gdi32full.dll
0x00007ffdf3be0000 - 0x00007ffdf3c7d000 	C:\WINDOWS\System32\msvcp_win.dll
0x00007ffdf55d0000 - 0x00007ffdf5d14000 	C:\WINDOWS\System32\SHELL32.dll
0x00007ffdf5490000 - 0x00007ffdf55bb000 	C:\WINDOWS\System32\ole32.dll
0x00007ffdf5000000 - 0x00007ffdf5354000 	C:\WINDOWS\System32\combase.dll
0x00007ffd8f2f0000 - 0x00007ffd8f3b3000 	C:\Program Files\R\R-4.3.2\bin\x64\Rgraphapp.dll
0x00007ffdf32b0000 - 0x00007ffdf331a000 	C:\WINDOWS\SYSTEM32\MSWSOCK.dll
0x00007ffdf4130000 - 0x00007ffdf4157000 	C:\WINDOWS\System32\bcrypt.dll
0x00007ffd49120000 - 0x00007ffd4b93e000 	C:\Program Files\R\R-4.3.2\bin\x64\R.dll
0x00007ffdf62d0000 - 0x00007ffdf63aa000 	C:\WINDOWS\System32\comdlg32.dll
0x00007ffdf4fa0000 - 0x00007ffdf4ff6000 	C:\WINDOWS\System32\WLDAP32.dll
0x00007ffdf49b0000 - 0x00007ffdf4a5d000 	C:\WINDOWS\System32\shcore.dll
0x00007ffdf5f20000 - 0x00007ffdf5f50000 	C:\WINDOWS\System32\IMM32.dll
0x00007ffdccd30000 - 0x00007ffdccde0000 	C:\WINDOWS\WinSxS\amd64_microsoft.windows.common-controls_6595b64144ccf1df_5.82.19041.3636_none_7931fb75243f97c8\COMCTL32.dll
0x00007ffdb5610000 - 0x00007ffdb569d000 	C:\Program Files\RStudio\resources\app\bin\MSVCP140.dll
0x00007ffdcedc0000 - 0x00007ffdceddb000 	C:\Program Files\RStudio\resources\app\bin\VCRUNTIME140.dll
0x00007ffddc5c0000 - 0x00007ffddc5cc000 	C:\Program Files\RStudio\resources\app\bin\VCRUNTIME140_1.dll
0x00007ffdebfd0000 - 0x00007ffdebfda000 	C:\WINDOWS\SYSTEM32\VERSION.dll
0x00007ffddcfa0000 - 0x00007ffddcfc7000 	C:\WINDOWS\SYSTEM32\WINMM.dll
0x00007ffdbee20000 - 0x00007ffdbee68000 	C:\Program Files\R\R-4.3.2\bin\x64\Rblas.dll
0x00007ffdc5b70000 - 0x00007ffdc5b96000 	C:\Program Files\R\R-4.3.2\bin\x64\Riconv.dll
0x00007ffdd54c0000 - 0x00007ffdd54cc000 	C:\WINDOWS\SYSTEM32\Secur32.dll
0x00007ffdd62f0000 - 0x00007ffdd62f7000 	C:\WINDOWS\SYSTEM32\MSIMG32.dll
0x00007ffdf3440000 - 0x00007ffdf344c000 	C:\WINDOWS\SYSTEM32\CRYPTBASE.DLL
0x00007ffdf3a50000 - 0x00007ffdf3a82000 	C:\WINDOWS\SYSTEM32\SSPICLI.DLL
0x00007ffdf1bf0000 - 0x00007ffdf238b000 	C:\WINDOWS\SYSTEM32\windows.storage.dll
0x00007ffdf34d0000 - 0x00007ffdf34fd000 	C:\WINDOWS\SYSTEM32\Wldp.dll
0x00007ffdde510000 - 0x00007ffdde527000 	C:\WINDOWS\system32\napinsp.dll
0x00007ffdde4f0000 - 0x00007ffdde50b000 	C:\WINDOWS\system32\pnrpnsp.dll
0x00007ffdee9e0000 - 0x00007ffdee9f5000 	C:\WINDOWS\system32\wshbth.dll
0x00007ffdee790000 - 0x00007ffdee7ad000 	C:\WINDOWS\system32\NLAapi.dll
0x00007ffdf2f70000 - 0x00007ffdf2fab000 	C:\WINDOWS\SYSTEM32\IPHLPAPI.DLL
0x00007ffdf2fb0000 - 0x00007ffdf307a000 	C:\WINDOWS\SYSTEM32\DNSAPI.dll
0x00007ffdf55c0000 - 0x00007ffdf55c8000 	C:\WINDOWS\System32\NSI.dll
0x00007ffdbaf30000 - 0x00007ffdbaf42000 	C:\WINDOWS\System32\winrnr.dll
0x00000000598a0000 - 0x00000000598c6000 	C:\Program Files\Bonjour\mdnsNSP.dll
0x00007ffdf3aa0000 - 0x00007ffdf3ac5000 	C:\WINDOWS\SYSTEM32\profapi.dll
0x00007ffdf40a0000 - 0x00007ffdf4122000 	C:\WINDOWS\System32\bcryptPrimitives.dll
0x00007ffdf1bb0000 - 0x00007ffdf1bc2000 	C:\WINDOWS\SYSTEM32\kernel.appcore.dll
0x00007ffdef330000 - 0x00007ffdef426000 	C:\WINDOWS\SYSTEM32\PROPSYS.dll
0x00007ffdf4a60000 - 0x00007ffdf4b2d000 	C:\WINDOWS\System32\OLEAUT32.dll
0x00007ffdf11c0000 - 0x00007ffdf125e000 	C:\WINDOWS\system32\uxtheme.dll
0x00007ffdc3d40000 - 0x00007ffdc3d54000 	C:\Program Files\R\R-4.3.2\library\methods\libs\x64\methods.dll
0x00007ffdc32e0000 - 0x00007ffdc330a000 	C:\Program Files\R\R-4.3.2\library\utils\libs\x64\utils.dll
0x00007ffdc0070000 - 0x00007ffdc0090000 	C:\Program Files\R\R-4.3.2\library\tools\libs\x64\tools.dll
0x00007ffdbfd30000 - 0x00007ffdbfd5f000 	C:\Users\paezha\AppData\Local\R\cache\R\renv\cache\v5\R-4.3\x86_64-w64-mingw32\yaml\2.3.7\0d0056cc5383fbc240ccd0cb584bf436\yaml\libs\x64\yaml.dll
0x00007ffd7eeb0000 - 0x00007ffd7f157000 	C:\Program Files\R\R-4.3.2\library\grDevices\libs\x64\grDevices.dll
0x00007ffd8f1e0000 - 0x00007ffd8f230000 	C:\Program Files\R\R-4.3.2\library\graphics\libs\x64\graphics.dll
0x00007ffd8d7a0000 - 0x00007ffd8d83d000 	C:\Program Files\R\R-4.3.2\library\stats\libs\x64\stats.dll
0x00007ffd7dfb0000 - 0x00007ffd7e26d000 	C:\Program Files\R\R-4.3.2\bin\x64\Rlapack.dll
0x00007ffd3cb40000 - 0x00007ffd41ba4000 	C:\Program Files\RStudio\resources\app\bin\rsclang\x86_64\libclang.dll
0x00007ffd7d020000 - 0x00007ffd7dfb0000 	C:\PROGRA~1\R\R-43~1.2\modules\x64\internet.dll
0x00007ffdd6870000 - 0x00007ffdd6d46000 	C:\WINDOWS\SYSTEM32\WININET.dll
0x00007ffdbedf0000 - 0x00007ffdbee15000 	C:\Users\paezha\AppData\Local\R\cache\R\renv\cache\v5\R-4.3\x86_64-w64-mingw32\digest\0.6.33\b18a9cf3c003977b0cc49d5e76ebe48d\digest\libs\x64\digest.dll
0x000000006c980000 - 0x000000006c9c4000 	C:\Users\paezha\AppData\Local\R\cache\R\renv\cache\v5\R-4.3\x86_64-w64-mingw32\rlang\1.1.2\50a6dbdc522936ca35afc5e2082ea91b\rlang\libs\x64\rlang.dll
0x00007ffd8e310000 - 0x00007ffd8e352000 	C:\Users\paezha\AppData\Local\R\cache\R\renv\cache\v5\R-4.3\x86_64-w64-mingw32\cli\3.6.1\89e6d8219950eac806ae0c489052048a\cli\libs\x64\cli.dll
0x00007ffdb9e40000 - 0x00007ffdb9e77000 	C:\Users\paezha\AppData\Local\R\cache\R\renv\cache\v5\R-4.3\x86_64-w64-mingw32\fastmap\1.1.1\f7736a18de97dea803bde0a2daaafb27\fastmap\libs\x64\fastmap.dll
0x0000000065340000 - 0x000000006534e000 	C:\Users\paezha\AppData\Local\R\cache\R\renv\cache\v5\R-4.3\x86_64-w64-mingw32\htmltools\0.5.7\2d7b3857980e0e0d0a1fd6f11928ab0f\htmltools\libs\x64\htmltools.dll
0x00007ffdd55b0000 - 0x00007ffdd55bd000 	C:\Users\paezha\AppData\Local\R\cache\R\renv\cache\v5\R-4.3\x86_64-w64-mingw32\xfun\0.41\460a5e0fe46a80ef87424ad216028014\xfun\libs\x64\xfun.dll
0x00007ffddc3a0000 - 0x00007ffddc3ae000 	C:\Users\paezha\AppData\Local\R\cache\R\renv\cache\v5\R-4.3\x86_64-w64-mingw32\glue\1.6.2\4f2596dfb05dac67b9dc558e5c6fba2e\glue\libs\x64\glue.dll
0x00007ffd7cd20000 - 0x00007ffd7d01f000 	C:\Users\paezha\AppData\Local\R\cache\R\renv\cache\v5\R-4.3\x86_64-w64-mingw32\fs\1.6.3\47b5f30c720c23999b913a1a635cf0bb\fs\libs\x64\fs.dll
0x00007ffdf63d0000 - 0x00007ffdf63d8000 	C:\WINDOWS\System32\PSAPI.DLL
0x00007ffdf3a20000 - 0x00007ffdf3a4e000 	C:\WINDOWS\SYSTEM32\USERENV.dll
0x00007ffd891f0000 - 0x00007ffd89331000 	C:\Users\paezha\AppData\Local\R\cache\R\renv\cache\v5\R-4.3\x86_64-w64-mingw32\vctrs\0.6.4\266c1ca411266ba8f365fcc726444b87\vctrs\libs\x64\vctrs.dll
0x00007ffdd7080000 - 0x00007ffdd708e000 	C:\Users\paezha\AppData\Local\R\cache\R\renv\cache\v5\R-4.3\x86_64-w64-mingw32\magrittr\2.0.3\7ce2733a9826b3aeb1775d56fd305472\magrittr\libs\x64\magrittr.dll
0x00007ffdbafb0000 - 0x00007ffdbafc2000 	C:\Users\paezha\AppData\Local\R\cache\R\renv\cache\v5\R-4.3\x86_64-w64-mingw32\purrr\1.0.2\1cba04a4e9414bdefc9dcaa99649a8dc\purrr\libs\x64\purrr.dll
0x00007ffdbfc20000 - 0x00007ffdbfc40000 	C:\Users\paezha\AppData\Local\R\cache\R\renv\cache\v5\R-4.3\x86_64-w64-mingw32\fansi\1.0.5\3e8583a60163b4bc1a80016e63b9959e\fansi\libs\x64\fansi.dll
0x00007ffd8c940000 - 0x00007ffd8c993000 	C:\Users\paezha\AppData\Local\R\cache\R\renv\cache\v5\R-4.3\x86_64-w64-mingw32\utf8\1.2.4\62b65c52671e6665f803ff02954446e9\utf8\libs\x64\utf8.dll
0x00007ffdd7020000 - 0x00007ffdd702e000 	C:\Users\paezha\AppData\Local\R\cache\R\renv\cache\v5\R-4.3\x86_64-w64-mingw32\tibble\3.2.1\a84e2cc86d07289b3b6f5069df7a004c\tibble\libs\x64\tibble.dll
0x00007ffdbb280000 - 0x00007ffdbb2b8000 	C:\Users\paezha\AppData\Local\R\cache\R\renv\cache\v5\R-4.3\x86_64-w64-mingw32\dplyr\1.1.3\e85ffbebaad5f70e1a2e2ef4302b4949\dplyr\libs\x64\dplyr.dll
0x00007ffdb92e0000 - 0x00007ffdb92f8000 	C:\Users\paezha\AppData\Local\R\cache\R\renv\cache\v5\R-4.3\x86_64-w64-mingw32\rJava\1.0-6\0415819f6baa75d86d52483f7292b623\rJava\libs\x64\rJava.dll
0x00007ffd7c200000 - 0x00007ffd7cd18000 	C:\Program Files\Java\jdk-11.0.16\bin\server\jvm.dll
0x00007ffdccde0000 - 0x00007ffdccde9000 	C:\WINDOWS\SYSTEM32\WSOCK32.dll
0x00007ffd74a20000 - 0x00007ffd74f1f000 	C:\Users\paezha\AppData\Local\R\cache\R\renv\cache\v5\R-4.3\x86_64-w64-mingw32\stringi\1.7.12\ca8bd84263c77310739d2cf64d84d7c9\stringi\libs\x64\stringi.dll
0x00007ffdbb340000 - 0x00007ffdbb382000 	C:\Users\paezha\AppData\Local\R\cache\R\renv\cache\v5\R-4.3\x86_64-w64-mingw32\tidyr\1.3.0\e47debdc7ce599b070c8e78e8ac0cfcf\tidyr\libs\x64\tidyr.dll
0x00007ffdcd2e0000 - 0x00007ffdcd311000 	C:\Program Files\R\R-4.3.2\library\grid\libs\x64\grid.dll
0x00007ffdc8670000 - 0x00007ffdc8686000 	C:\Users\paezha\AppData\Local\R\cache\R\renv\cache\v5\R-4.3\x86_64-w64-mingw32\colorspace\2.1-0\f20c47fd52fae58b4e377c37bb8c335b\colorspace\libs\x64\colorspace.dll
0x00007ffd8a010000 - 0x00007ffd8a160000 	C:\Users\paezha\AppData\Local\R\cache\R\renv\cache\v5\R-4.3\x86_64-w64-mingw32\Rcpp\1.0.11\ae6cbbe1492f4de79c45fce06f967ce8\Rcpp\libs\x64\Rcpp.dll
0x00007ffdc8650000 - 0x00007ffdc8663000 	C:\Users\paezha\AppData\Local\R\cache\R\renv\cache\v5\R-4.3\x86_64-w64-mingw32\proxy\0.4-27\e0ef355c12942cf7a6b91a6cfaea8b3e\proxy\libs\x64\proxy.dll
0x00007ffdddcf0000 - 0x00007ffdddcfe000 	C:\Users\paezha\AppData\Local\R\cache\R\renv\cache\v5\R-4.3\x86_64-w64-mingw32\class\7.3-22\f91f6b29f38b8c280f2b9477787d4bb2\class\libs\x64\class.dll
0x00007ffdc6f80000 - 0x00007ffdc6fbf000 	C:\Users\paezha\AppData\Local\R\cache\R\renv\cache\v5\R-4.3\x86_64-w64-mingw32\e1071\1.7-13\1046cb48d06cb40c2900d8878f03a0fe\e1071\libs\x64\e1071.dll
0x00007ffdd5250000 - 0x00007ffdd5260000 	C:\Users\paezha\AppData\Local\R\cache\R\renv\cache\v5\R-4.3\x86_64-w64-mingw32\KernSmooth\2.23-22\2fecebc3047322fa5930f74fae5de70f\KernSmooth\libs\x64\KernSmooth.dll
0x00007ffdce960000 - 0x00007ffdce96d000 	C:\Users\paezha\AppData\Local\R\cache\R\renv\cache\v5\R-4.3\x86_64-w64-mingw32\classInt\0.4-10\f5a40793b1ae463a7ffb3902a95bf864\classInt\libs\x64\classInt.dll
0x00007ffd88ae0000 - 0x00007ffd88c31000 	C:\Users\paezha\AppData\Local\R\cache\R\renv\cache\v5\R-4.3\x86_64-w64-mingw32\units\0.8-4\e0fbcea25008a7540c83c2c294135de0\units\libs\x64\units.dll
0x00007ffd00c80000 - 0x00007ffd060ca000 	C:\Users\paezha\AppData\Local\R\cache\R\renv\cache\v5\R-4.3\x86_64-w64-mingw32\sf\1.0-14\e2111252a76984ca50bf8d6314348681\sf\libs\x64\sf.dll
0x00007ffd65970000 - 0x00007ffd65a33000 	C:\WINDOWS\SYSTEM32\ODBC32.dll
0x00007ffdc6f50000 - 0x00007ffdc6f77000 	C:\WINDOWS\SYSTEM32\ODBCCP32.dll
0x00007ffdf3960000 - 0x00007ffdf396a000 	C:\WINDOWS\SYSTEM32\DPAPI.DLL
0x00007ffdf2cb0000 - 0x00007ffdf2ce3000 	C:\WINDOWS\SYSTEM32\ntmarta.dll
0x00007ffdddd00000 - 0x00007ffdddd11000 	C:\Users\paezha\AppData\Local\R\cache\R\renv\cache\v5\R-4.3\x86_64-w64-mingw32\MASS\7.3-60\a56a6365b3fa73293ea8d084be0d9bb0\MASS\libs\x64\MASS.dll
0x00007ffdef670000 - 0x00007ffdef67e000 	C:\Program Files\R\R-4.3.2\library\splines\libs\x64\splines.dll
0x00007ffde03b0000 - 0x00007ffde03bf000 	C:\Users\paezha\AppData\Local\R\cache\R\renv\cache\v5\R-4.3\x86_64-w64-mingw32\lattice\0.22-5\7c5e89f04e72d6611c77451f6331a091\lattice\libs\x64\lattice.dll
0x00007ffdcd450000 - 0x00007ffdcd579000 	C:\Users\paezha\AppData\Local\R\cache\R\renv\cache\v5\R-4.3\x86_64-w64-mingw32\Matrix\1.6-1.1\1a00d4828f33a9d690806e98bd17150c\Matrix\libs\x64\Matrix.dll
0x00007ffdc5b30000 - 0x00007ffdc5b6d000 	C:\Program Files\R\R-4.3.2\library\survival\libs\x64\survival.dll
0x00007ffdc0290000 - 0x00007ffdc02cd000 	C:\Users\paezha\AppData\Local\R\cache\R\renv\cache\v5\R-4.3\x86_64-w64-mingw32\logspline\2.1.21\7b6396f9261d72a46dab2b6f9d207ad4\logspline\libs\x64\logspline.dll
0x00007ffdea390000 - 0x00007ffdea39e000 	C:\Program Files\R\R-4.3.2\library\parallel\libs\x64\parallel.dll
0x00007ffd87820000 - 0x00007ffd87a2f000 	C:\Users\paezha\AppData\Local\R\cache\R\renv\cache\v5\R-4.3\x86_64-w64-mingw32\fstcore\0.9.14\4b8819aaa8d1ce9b0f999d23ad24f96b\fstcore\libs\x64\fstcore.dll
0x00007ffdbb770000 - 0x00007ffdbb885000 	C:\Users\paezha\AppData\Local\R\cache\R\renv\cache\v5\R-4.3\x86_64-w64-mingw32\fst\0.9.8\34637e000c63c3de8d8aafceb82fd082\fst\libs\x64\fst.dll
0x00007ffdcf9e0000 - 0x00007ffdcf9ff000 	C:\Users\paezha\AppData\Local\R\cache\R\renv\cache\v5\R-4.3\x86_64-w64-mingw32\bit\4.0.5\d242abec29412ce988848d0294b208fd\bit\libs\x64\bit.dll
0x00007ffdcf9b0000 - 0x00007ffdcf9d6000 	C:\Users\paezha\AppData\Local\R\cache\R\renv\cache\v5\R-4.3\x86_64-w64-mingw32\bit64\4.0.5\9fe98599ca456d6552421db0d6772d8f\bit64\libs\x64\bit64.dll
0x00007ffd46ba0000 - 0x00007ffd4911d000 	C:\Users\paezha\AppData\Local\R\cache\R\renv\cache\v5\R-4.3\x86_64-w64-mingw32\arrow\13.0.0.1\5f5124b727a451be32d23dcd2c41ebe8\arrow\libs\x64\arrow.dll
0x00007ffdf63e0000 - 0x00007ffdf63e8000 	C:\WINDOWS\System32\Normaliz.dll
0x00007ffdf17e0000 - 0x00007ffdf19c4000 	C:\WINDOWS\SYSTEM32\dbghelp.dll
0x00007ffdee7c0000 - 0x00007ffdee8ca000 	C:\WINDOWS\SYSTEM32\WINHTTP.dll
0x00007ffdbb080000 - 0x00007ffdbb1a9000 	C:\Users\paezha\AppData\Local\R\cache\R\renv\cache\v5\R-4.3\x86_64-w64-mingw32\tzdb\0.4.0\f561504ec2897f4d46f0c7657e488ae1\tzdb\libs\x64\tzdb.dll
0x00007ffdbcb40000 - 0x00007ffdbcc4c000 	C:\Users\paezha\AppData\Local\R\cache\R\renv\cache\v5\R-4.3\x86_64-w64-mingw32\bigreadr\0.2.5\7d2cd7de56750f0fa7859c705c734dc0\bigreadr\libs\x64\bigreadr.dll
0x00007ffd8a6a0000 - 0x00007ffd8a76f000 	C:\Users\paezha\AppData\Local\R\cache\R\renv\cache\v5\R-4.3\x86_64-w64-mingw32\data.table\1.14.8\b4c06e554f33344e044ccd7fdca750a9\data.table\libs\x64\data_table.dll
0x00007ffdc6cc0000 - 0x00007ffdc6ce1000 	C:\Users\paezha\AppData\Local\R\cache\R\renv\cache\v5\R-4.3\x86_64-w64-mingw32\jsonlite\1.8.7\266a20443ca13c65688b2116d5220f76\jsonlite\libs\x64\jsonlite.dll
0x00007ffd876f0000 - 0x00007ffd87811000 	C:\Users\paezha\AppData\Local\R\cache\R\renv\cache\v5\R-4.3\x86_64-w64-mingw32\pryr\0.1.6\cfcbe960eca81ceca61df5fa622693de\pryr\libs\x64\pryr.dll
0x00007ffd86970000 - 0x00007ffd86a78000 	C:\Users\paezha\AppData\Local\R\cache\R\renv\cache\v5\R-4.3\x86_64-w64-mingw32\disk.frame\0.8.3\6c772ff560b6a3a206484f264299cd91\disk.frame\libs\x64\disk.frame.dll
0x00007ffd86710000 - 0x00007ffd86968000 	C:\Users\paezha\AppData\Local\R\cache\R\renv\cache\v5\R-4.3\x86_64-w64-mingw32\xml2\1.3.5\6c40e5cfcc6aefd88110666e18c31f40\xml2\libs\x64\xml2.dll
0x00007ffd740f0000 - 0x00007ffd74412000 	C:\Users\paezha\AppData\Local\R\cache\R\renv\cache\v5\R-4.3\x86_64-w64-mingw32\systemfonts\1.0.5\15b594369e70b975ba9f064295983499\systemfonts\libs\x64\systemfonts.dll
0x00007ffd863e0000 - 0x00007ffd8653a000 	C:\Users\paezha\AppData\Local\R\cache\R\renv\cache\v5\R-4.3\x86_64-w64-mingw32\svglite\2.1.2\be5318f6b48c136ecd6b8b5de24cc0ae\svglite\libs\x64\svglite.dll

dbghelp: loaded successfully - version: 4.0.5 - missing functions: none
symbol engine: initialized successfully - sym options: 0x614 - pdb path: .;C:\Program Files\RStudio\resources\app\bin;C:\WINDOWS\SYSTEM32;C:\Program Files\R\R-4.3.2\bin\x64;C:\WINDOWS\WinSxS\amd64_microsoft.windows.common-controls_6595b64144ccf1df_5.82.19041.3636_none_7931fb75243f97c8;C:\Program Files\Bonjour;C:\Program Files\R\R-4.3.2\library\methods\libs\x64;C:\Program Files\R\R-4.3.2\library\utils\libs\x64;C:\Program Files\R\R-4.3.2\library\tools\libs\x64;C:\Users\paezha\AppData\Local\R\cache\R\renv\cache\v5\R-4.3\x86_64-w64-mingw32\yaml\2.3.7\0d0056cc5383fbc240ccd0cb584bf436\yaml\libs\x64;C:\Program Files\R\R-4.3.2\library\grDevices\libs\x64;C:\Program Files\R\R-4.3.2\library\graphics\libs\x64;C:\Program Files\R\R-4.3.2\library\stats\libs\x64;C:\Program Files\RStudio\resources\app\bin\rsclang\x86_64;C:\PROGRA~1\R\R-43~1.2\modules\x64;C:\Users\paezha\AppData\Local\R\cache\R\renv\cache\v5\R-4.3\x86_64-w64-mingw32\digest\0.6.33\b18a9cf3c003977b0cc49d5e76ebe48d\digest\libs\x64;C:\Users\paezha\AppData\Local\R\cache\R\renv\cache\v5\R-4.3\x86_64-w64-mingw32\rlang\1.1.2\50a6dbdc522936ca35afc5e2082ea91b\rlang\libs\x64;C:\Users\paezha\AppData\Local\R\cache\R\renv\cache\v5\R-4.3\x86_64-w64-mingw32\cli\3.6.1\89e6d8219950eac806ae0c489052048a\cli\libs\x64;C:\Users\paezha\AppData\Local\R\cache\R\renv\cache\v5\R-4.3\x86_64-w64-mingw32\fastmap\1.1.1\f7736a18de97dea803bde0a2daaafb27\fastmap\libs\x64;C:\Users\paezha\AppData\Local\R\cache\R\renv\cache\v5\R-4.3\x86_64-w64-mingw32\htmltools\0.5.7\2d7b3857980e0e0d0a1fd6f11928ab0f\htmltools\libs\x64;C:\Users\paezha\AppData\Local\R\cache\R\renv\cache\v5\R-4.3\x86_64-w64-mingw32\xfun\0.41\460a5e0fe46a80ef87424ad216028014\xfun\libs\x64;C:\Users\paezha\AppData\Local\R\cache\R\renv\cache\v5\R-4.3\x86_64-w64-mingw32\glue\1.6.2\4f2596dfb05dac67b9dc558e5c6fba2e\glue\libs\x64;C:\Users\paezha\AppData\Local\R\cache\R\renv\cache\v5\R-4.3\x86_64-w64-mingw32\fs\1.6.3\47b5f30c720c23999b913a1a635cf0bb\fs\libs\x64;C:\Users\paezha\AppData\Local\R\cache\R\renv\cache\v5\R-4.3\x86_64-w64-mingw32\vctrs\0.6.4\266c1ca411266ba8f365fcc726444b87\vctrs\libs\x64;C:\Users\paezha\AppData\Local\R\cache\R\renv\cache\v5\R-4.3\x86_64-w64-mingw32\magrittr\2.0.3\7ce2733a9826b3aeb1775d56fd305472\magrittr\libs\x64;C:\Users\paezha\AppData\Local\R\cache\R\renv\cache\v5\R-4.3\x86_64-w64-mingw32\purrr\1.0.2\1cba04a4e9414bdefc9dcaa99649a8dc\purrr\libs\x64;C:\Users\paezha\AppData\Local\R\cache\R\renv\cache\v5\R-4.3\x86_64-w64-mingw32\fansi\1.0.5\3e8583a60163b4bc1a80016e63b9959e\fansi\libs\x64;C:\Users\paezha\AppData\Local\R\cache\R\renv\cache\v5\R-4.3\x86_64-w64-mingw32\utf8\1.2.4\62b65c52671e6665f803ff02954446e9\utf8\libs\x64;C:\Users\paezha\AppData\Local\R\cache\R\renv\cache\v5\R-4.3\x86_64-w64-mingw32\tibble\3.2.1\a84e2cc86d07289b3b6f5069df7a004c\tibble\libs\x64;C:\Users\paezha\AppData\Local\R\cache\R\renv\cache\v5\R-4.3\x86_64-w64-mingw32\dplyr\1.1.3\e85ffbebaad5f70e1a2e2ef4302b4949\dplyr\libs\x64;C:\Users\paezha\AppData\Local\R\cache\R\renv\cache\v5\R-4.3\x86_64-w64-mingw32\rJava\1.0-6\0415819f6baa75d86d52483f7292b623\rJava\libs\x64;C:\Program Files\Java\jdk-11.0.16\bin\server;C:\Users\paezha\AppData\Local\R\cache\R\renv\cache\v5\R-4.3\x86_64-w64-mingw32\stringi\1.7.12\ca8bd84263c77310739d2cf64d84d7c9\stringi\libs\x64;C:\Users\paezha\AppData\Local\R\cache\R\renv\cache\v5\R-4.3\x86_64-w64-mingw32\tidyr\1.3.0\e47debdc7ce599b070c8e78e8ac0cfcf\tidyr\libs\x64;C:\Program Files\R\R-4.3.2\library\grid\libs\x64;C:\Users\paezha\AppData\Local\R\cache\R\renv\cache\v5\R-4.3\x86_64-w64-mingw32\colorspace\2.1-0\f20c47fd52fae58b4e377c37bb8c335b\colorspace\libs\x64;C:\Users\paezha\AppData\Local\R\cache\R\renv\cache\v5\R-4.3\x86_64-w64-mingw32\Rcpp\1.0.11\ae6cbbe1492f4de79c45fce06f967ce8\Rcpp\libs\x64;C:\Users\paezha\AppData\Local\R\cache\R\renv\cache\v5\R-4.3\x86_64-w64-mingw32\proxy\0.4-27\e0ef355c12942cf7a6b91a6cfaea8b3e\proxy\libs\x64;C:\Users\paezha\AppData\Local\R\cache\R\renv\cache\v5\R-4.3\x86_64-w64-mingw32\class\7.3-22\f91f6b29f38b8c280f2b9477787d4bb2\class\libs\x64;C:\Users\paezha\AppData\Local\R\cache\R\renv\cache\v5\R-4.3\x86_64-w64-mingw32\e1071\1.7-13\1046cb48d06cb40c2900d8878f03a0fe\e1071\libs\x64;C:\Users\paezha\AppData\Local\R\cache\R\renv\cache\v5\R-4.3\x86_64-w64-mingw32\KernSmooth\2.23-22\2fecebc3047322fa5930f74fae5de70f\KernSmooth\libs\x64;C:\Users\paezha\AppData\Local\R\cache\R\renv\cache\v5\R-4.3\x86_64-w64-mingw32\classInt\0.4-10\f5a40793b1ae463a7ffb3902a95bf864\classInt\libs\x64;C:\Users\paezha\AppData\Local\R\cache\R\renv\cache\v5\R-4.3\x86_64-w64-mingw32\units\0.8-4\e0fbcea25008a7540c83c2c294135de0\units\libs\x64;C:\Users\paezha\AppData\Local\R\cache\R\renv\cache\v5\R-4.3\x86_64-w64-mingw32\sf\1.0-14\e2111252a76984ca50bf8d6314348681\sf\libs\x64;C:\Users\paezha\AppData\Local\R\cache\R\renv\cache\v5\R-4.3\x86_64-w64-mingw32\MASS\7.3-60\a56a6365b3fa73293ea8d084be0d9bb0\MASS\libs\x64;C:\Program Files\R\R-4.3.2\library\splines\libs\x64;C:\Users\paezha\AppData\Local\R\cache\R\renv\cache\v5\R-4.3\x86_64-w64-mingw32\lattice\0.22-5\7c5e89f04e72d6611c77451f6331a091\lattice\libs\x64;C:\Users\paezha\AppData\Local\R\cache\R\renv\cache\v5\R-4.3\x86_64-w64-mingw32\Matrix\1.6-1.1\1a00d4828f33a9d690806e98bd17150c\Matrix\libs\x64;C:\Program Files\R\R-4.3.2\library\survival\libs\x64;C:\Users\paezha\AppData\Local\R\cache\R\renv\cache\v5\R-4.3\x86_64-w64-mingw32\logspline\2.1.21\7b6396f9261d72a46dab2b6f9d207ad4\logspline\libs\x64;C:\Program Files\R\R-4.3.2\library\parallel\libs\x64;C:\Users\paezha\AppData\Local\R\cache\R\renv\cache\v5\R-4.3\x86_64-w64-mingw32\fstcore\0.9.14\4b8819aaa8d1ce9b0f999d23ad24f96b\fstcore\libs\x64;C:\Users\paezha\AppData\Local\R\cache\R\renv\cache\v5\R-4.3\x86_64-w64-mingw32\fst\0.9.8\34637e000c63c3de8d8aafceb82fd082\fst\libs\x64;C:\Users\paezha\AppData\Local\R\cache\R\renv\cache\v5\R-4.3\x86_64-w64-mingw32\bit\4.0.5\d242abec29412ce988848d0294b208fd\bit\libs\x64;C:\Users\paezha\AppData\Local\R\cache\R\renv\cache\v5\R-4.3\x86_64-w64-mingw32\bit64\4.0.5\9fe98599ca456d6552421db0d6772d8f\bit64\libs\x64;C:\Users\paezha\AppData\Local\R\cache\R\renv\cache\v5\R-4.3\x86_64-w64-mingw32\arrow\13.0.0.1\5f5124b727a451be32d23dcd2c41ebe8\arrow\libs\x64;C:\Users\paezha\AppData\Local\R\cache\R\renv\cache\v5\R-4.3\x86_64-w64-mingw32\tzdb\0.4.0\f561504ec2897f4d46f0c7657e488ae1\tzdb\libs\x64;C:\Users\paezha\AppData\Local\R\cache\R\renv\cache\v5\R-4.3\x86_64-w64-mingw32\bigreadr\0.2.5\7d2cd7de56750f0fa7859c705c734dc0\bigreadr\libs\x64;C:\Users\paezha\AppData\Local\R\cache\R\renv\cache\v5\R-4.3\x86_64-w64-mingw32\data.table\1.14.8\b4c06e554f33344e044ccd7fdca750a9\data.table\libs\x64;C:\Users\paezha\AppData\Local\R\cache\R\renv\cache\v5\R-4.3\x86_64-w64-mingw32\jsonlite\1.8.7\266a20443ca13c65688b2116d5220f76\jsonlite\libs\x64;C:\Users\paezha\AppData\Local\R\cache\R\renv\cache\v5\R-4.3\x86_64-w64-mingw32\pryr\0.1.6\cfcbe960eca81ceca61df5fa622693de\pryr\libs\x64;C:\Users\paezha\AppData\Local\R\cache\R\renv\cache\v5\R-4.3\x86_64-w64-mingw32\disk.frame\0.8.3\6c772ff560b6a3a206484f264299cd91\disk.frame\libs\x64;C:\Users\paezha\AppData\Local\R\cache\R\renv\cache\v5\R-4.3\x86_64-w64-mingw32\xml2\1.3.5\6c40e5cfcc6aefd88110666e18c31f40\xml2\libs\x64;C:\Users\paezha\AppData\Local\R\cache\R\renv\cache\v5\R-4.3\x86_64-w64-mingw32\systemfonts\1.0.5\15b594369e70b975ba9f064295983499\systemfonts\libs\x64;C:\Users\paezha\AppData\Local\R\cache\R\renv\cache\v5\R-4.3\x86_64-w64-mingw32\svglite\2.1.2\be5318f6b48c136ecd6b8b5de24cc0ae\svglite\libs\x64;C:\Users\paezha\AppData\Local\R\cache\R\renv\cache\v5\R-4.3\x86_64-w64-mingw32\curl\5.1.0\9123f3ef96a2c1a93927d828b2fe7d4c\curl\libs\x64;C:\Users\paezha\AppData\Local\R\cache\R\renv\cache\v5\R-4.3\x86_64-w64-mingw32\rappdirs\0.3.3\5e3c5dc0b071b21fa128676560dbe94d\rappdirs\libs\x64;C:\Users\paezha\AppData\Local\R\cache\R\renv\cache\v5\R-4.3\x86_64-w64-mingw32\uuid\1.1-1\3d78edfb977a69fc7a0341bee25e163f\uuid\libs\x64;C:\Users\paezha\AppData\Local\R\cache\R\renv\cache\v5\R-4.3\x86_64-w64-mingw32\readr\2.1.4\b5047343b3825f37ad9d3b5d89aa1078\readr\libs\x64;C:\Users\paezha\AppData\Local\R\cache\R\renv\cache\v5\R-4.3\x86_64-w64-mingw32\XML\3.99-0.15\5ede9ddd092f132c14ca0b6799224cc0\XML\libs\x64;C:\Users\paezha\AppData\Local\R\cache\R\renv\cache\v5\R-4.3\x86_64-w64-mingw32\lwgeom\0.2-13\9804362cc0267990ac61a85edeca73ed\lwgeom\libs\x64;C:\Users\paezha\AppData\Local\R\cache\R\renv\cache\v5\R-4.3\x86_64-w64-mingw32\base64enc\0.1-3\543776ae6848fde2f48ff3816d0628bc\base64enc\libs\x64;C:\Users\paezha\AppData\Local\R\cache\R\renv\cache\v5\R-4.3\x86_64-w64-mingw32\png\0.1-8\bd54ba8a0a5faded999a7aab6e46b374\png\libs\x64;C:\Users\paezha\AppData\Local\R\cache\R\renv\cache\v5\R-4.3\x86_64-w64-mingw32\terra\1.7-55\c011cc748506148c793428eb8ec101f9\terra\libs\x64;C:\Users\paezha\AppData\Local\R\cache\R\renv\cache\v5\R-4.3\x86_64-w64-mingw32\sp\2.1-1\e9090fe4ff468d366aa6a76a9b3ec078\sp\libs\x64;C:\Users\paezha\AppData\Local\R\cache\R\renv\cache\v5\R-4.3\x86_64-w64-mingw32\raster\3.6-26\7d6eda494f34a644420ac1bfd2a8023a\raster\libs\x64;C:\Users\paezha\AppData\Local\R\cache\R\renv\cache\v5\R-4.3\x86_64-w64-mingw32\zoo\1.8-12\5c715954112b45499fb1dadc6ee6ee3e\zoo\libs\x64;C:\Users\paezha\AppData\Local\R\cache\R\renv\cache\v5\R-4.3\x86_64-w64-mingw32\checkmate\2.3.0\ed4275b13c6ab74b89a31def0b6bf835\checkmate\libs\x64;C:\Users\paezha\AppData\Local\R\cache\R\renv\cache\v5\R-4.3\x86_64-w64-mingw32\backports\1.4.1\c39fbec8a30d23e721980b8afb31984c\backports\libs\x64;C:\Program Files\Java\jdk-11.0.16\bin;C:\Users\paezha\AppData\Local\R\cache\R\renv\library\TTS2016R-3621cd99\R-4.3\x86_64-w64-mingw32\rJava\jri\x64;C:\Users\paezha\AppData\Local\R\cache\R\renv\cache\v5\R-4.3\x86_64-w64-mingw32\wk\0.9.0\f58cfa8d9c3a78a309d455a647dee853\wk\libs\x64;C:\Users\paezha\AppData\Local\R\cache\R\renv\cache\v5\R-4.3\x86_64-w64-mingw32\s2\1.1.4\f1cbe03bb3346f8e817518ffa20f9f5a\s2\libs\x64

VM Arguments:
jvm_args: -Dr.arch=/x64 -Xmx30G -Xrs -Xss2m 
java_command: <unknown>
java_class_path (initial): C:/Users/paezha/AppData/Local/R/cache/R/renv/library/TTS2016R-3621cd99/R-4.3/x86_64-w64-mingw32/rJava/java/boot
Launcher Type: generic

[Global flags]
     intx CICompilerCount                          = 12                                        {product} {ergonomic}
     uint ConcGCThreads                            = 3                                         {product} {ergonomic}
     uint G1ConcRefinementThreads                  = 13                                        {product} {ergonomic}
   size_t G1HeapRegionSize                         = 4194304                                   {product} {ergonomic}
    uintx GCDrainStackTargetSize                   = 64                                        {product} {ergonomic}
   size_t InitialHeapSize                          = 532676608                                 {product} {ergonomic}
   size_t MarkStackSize                            = 4194304                                   {product} {ergonomic}
   size_t MaxHeapSize                              = 32212254720                               {product} {command line}
   size_t MaxNewSize                               = 19327352832                               {product} {ergonomic}
   size_t MinHeapDeltaBytes                        = 4194304                                   {product} {ergonomic}
    uintx NonNMethodCodeHeapSize                   = 7594288                                {pd product} {ergonomic}
    uintx NonProfiledCodeHeapSize                  = 122031976                              {pd product} {ergonomic}
    uintx ProfiledCodeHeapSize                     = 122031976                              {pd product} {ergonomic}
     bool ReduceSignalUsage                        = true                                      {product} {command line}
    uintx ReservedCodeCacheSize                    = 251658240                              {pd product} {ergonomic}
     bool SegmentedCodeCache                       = true                                      {product} {ergonomic}
     intx ThreadStackSize                          = 2048                                   {pd product} {command line}
     bool UseCompressedClassPointers               = true                                 {lp64_product} {ergonomic}
     bool UseCompressedOops                        = true                                 {lp64_product} {ergonomic}
     bool UseG1GC                                  = true                                      {product} {ergonomic}
     bool UseLargePagesIndividualAllocation        = false                                  {pd product} {ergonomic}

Logging:
Log output configuration:
 #0: stdout all=warning uptime,level,tags
 #1: stderr all=off uptime,level,tags

Environment Variables:
JAVA_HOME=C:\Program Files\Java\jdk-11.0.16
PATH=C:\Users\paezha\anaconda3\Scripts;C:\Users\paezha\anaconda3;C:\rtools43\x86_64-w64-mingw32.static.posix\bin;C:\rtools43\usr\bin;C:\Program Files\R\R-4.3.2\bin\x64;C:\Program Files\Common Files\Oracle\Java\javapath;C:\Program Files (x86)\Common Files\Oracle\Java\javapath;C:\Program Files\ImageMagick-7.1.0-Q16-HDRI;C:\Rtools\bin;C:\windows\system32;C:\windows;C:\windows\System32\Wbem;C:\windows\System32\WindowsPowerShell\v1.0\;C:\windows\System32\OpenSSH\;C:\Program Files (x86)\NVIDIA Corporation\PhysX\Common;C:\Program Files\Git\cmd;C:\Program Files\MiKTeX 2.9\miktex\bin\x64\;C:\WINDOWS\system32;C:\WINDOWS;C:\WINDOWS\System32\Wbem;C:\WINDOWS\System32\WindowsPowerShell\v1.0\;C:\WINDOWS\System32\OpenSSH\;c:\Program Files (x86)\Microsoft SQL Server\100\Tools\Binn\;c:\Program Files\Microsoft SQL Server\100\Tools\Binn\;c:\Program Files\Microsoft SQL Server\100\DTS\Binn\;C:\Program Files\Git LFS;C:\Program Files\PuTTY\;C:\Strawberry\c\bin;C:\Strawberry\perl\site\bin;C:\Strawberry\perl\bin;C:\Program Files\nodejs\;C:\Program Files\Docker\Docker\resources\bin;C:\ProgramData\DockerDesktop\version-bin;C:\Program Files\dotnet\;C:\Program Files\Quarto\bin;C:\Program Files\Java\jdk-17\bin;C:\Program Files (x86)\Microsoft SQL Server\160\Tools\Binn\;C:\Program Files\Microsoft SQL Server\160\Tools\Binn\;C:\Program Files\Microsoft SQL Server\Client SDK\ODBC\170\Tools\Binn\;C:\Program Files\Microsoft SQL Server\160\DTS\Binn\;C:\Program Files (x86)\Microsoft SQL Server\160\DTS\Binn\;C:\Program Files\Azure Data Studio\bin;C:\Program Files\osmosis\osmosis-0.49.0\bin;C:\Users\paezha\AppData\Local\Microsoft\WindowsApps;C:\Users\paezha\AppData\Local\GitHubDesktop\bin;C:\Users\paezha\AppData\Local\Microsoft\WindowsApps;C:\Users\paezha\AppData\Roaming\npm;C:\Users\paezha\AppData\Local\Programs\Quarto\bin;C:\Users\paezha\AppData\Local\Programs\Microsoft VS Code\bin;C:\Program Files\Azure Data Studio\bin;C:\Users\paezha\AppData\Roaming\TinyTeX\bin\windows;C:\Program Files\RStudio\resources\ap
USERNAME=paezha
DISPLAY=:0
OS=Windows_NT
PROCESSOR_IDENTIFIER=Intel64 Family 6 Model 158 Stepping 13, GenuineIntel



---------------  S Y S T E M  ---------------

OS: Windows 10 , 64 bit Build 19041 (10.0.19041.3636)
Hyper-V role detected

CPU:total 16 (initial active 16) (8 cores per cpu, 2 threads per core) family 6 model 158 stepping 13 microcode 0xf0, cmov, cx8, fxsr, mmx, sse, sse2, sse3, ssse3, sse4.1, sse4.2, popcnt, avx, avx2, aes, clmul, erms, 3dnowpref, lzcnt, ht, tsc, tscinvbit, bmi1, bmi2, adx, fma

Memory: 4k page, system-wide physical 32487M (4103M free)
TotalPageFile size 56771M (AvailPageFile size 6170M)
current process WorkingSet (physical memory assigned to process): 11312M, peak: 11312M
current process commit charge ("private bytes"): 28332M, peak: 28332M

vm_info: Java HotSpot(TM) 64-Bit Server VM (11.0.16+11-LTS-199) for windows-amd64 JRE (11.0.16+11-LTS-199), built on Jun 28 2022 08:23:17 by "mach5one" with MS VC++ 15.9 (VS2017)

END.
